nohup: ignoring input
Warning: You are sending unauthenticated requests to the HF Hub. Please set a HF_TOKEN to enable higher rate limits and faster downloads.
Device: cuda
Tokenizer loaded from tokenizer/tokenizer.json (vocab=32000)
============================================================
Stage 3: Building dataset
============================================================

Loading legal chunks...
  Loaded 221122 from legal_train.jsonl
  Loaded 50010 from legal_val.jsonl
  Total legal train: 221122
  Total legal val:   50010

Loading second-pass legal examples...
  Loaded 21240 from legal_second_pass.jsonl
  Total second-pass: 21240

Loading arXiv anchor (limit=20000)...
  Loaded 10000 from arxiv_aligned.jsonl
  Loaded 10000 from pubmed_aligned.jsonl
Loading CNN/DM anchor (limit=10000)...
  Loaded 10000 CNN/DM samples

  Legal chunks      : 221122
  Second-pass       : 21240
  arXiv anchor      : 20000
  CNN/DM anchor     : 10000
  Val set           : 2000
  Train steps/epoch : 24569
  Val batches       : 125
  Batch composition : 9 legal + 4 2nd-pass + 2 arXiv + 1 cnn = 16
Model built — 32,413,184 trainable parameters

Loading Stage 2 checkpoint: checkpoints/stage2_best.pt
  Stage 2 val loss: 4.3827
  Stage 2 epoch:    10
  Dropout updated to 0.3

Total steps: 368535, Warmup: 500

Reference: On March 8th, 2014, several citizens of Montgomery, Alabama, who had been imprisoned for failing to pay traffic fines, filed a lawsuit in the U.S. District Court for the Middle District of Alabama, un
============================================================

>>> Unfreezing stage 1: 17,047,808 trainable parameters
  batch   100/24569 | ce 7.3810 | cov 0.6487 | λ_cov=0.0 | grad 3.686 | lr 1.00e-05
  batch   200/24569 | ce 7.0600 | cov 0.6245 | λ_cov=0.0 | grad 3.564 | lr 2.00e-05
  batch   300/24569 | ce 6.5008 | cov 0.6217 | λ_cov=0.0 | grad 4.322 | lr 3.00e-05
  batch   400/24569 | ce 6.4876 | cov 0.6146 | λ_cov=0.0 | grad 3.592 | lr 4.00e-05
  batch   500/24569 | ce 6.4737 | cov 0.6219 | λ_cov=0.0 | grad 4.242 | lr 5.00e-05
  batch   600/24569 | ce 6.3406 | cov 0.6128 | λ_cov=0.0 | grad 3.218 | lr 5.00e-05
  batch   700/24569 | ce 6.1045 | cov 0.6168 | λ_cov=0.0 | grad 3.697 | lr 5.00e-05
  batch   800/24569 | ce 6.1052 | cov 0.6152 | λ_cov=0.0 | grad 3.721 | lr 5.00e-05
  batch   900/24569 | ce 6.2053 | cov 0.6162 | λ_cov=0.0 | grad 3.213 | lr 5.00e-05
  batch  1000/24569 | ce 6.0660 | cov 0.6108 | λ_cov=0.0 | grad 3.243 | lr 5.00e-05
  batch  1100/24569 | ce 6.0007 | cov 0.6308 | λ_cov=0.0 | grad 5.571 | lr 5.00e-05
  batch  1200/24569 | ce 6.1167 | cov 0.6229 | λ_cov=0.0 | grad 5.947 | lr 5.00e-05
  batch  1300/24569 | ce 6.0760 | cov 0.6182 | λ_cov=0.0 | grad 3.902 | lr 5.00e-05
  batch  1400/24569 | ce 5.8173 | cov 0.6206 | λ_cov=0.0 | grad 3.373 | lr 5.00e-05
  batch  1500/24569 | ce 6.0485 | cov 0.6547 | λ_cov=0.0 | grad 3.224 | lr 5.00e-05
  batch  1600/24569 | ce 5.6718 | cov 0.6353 | λ_cov=0.0 | grad 3.100 | lr 5.00e-05
  batch  1700/24569 | ce 5.5173 | cov 0.6217 | λ_cov=0.0 | grad 3.539 | lr 5.00e-05
  batch  1800/24569 | ce 5.8017 | cov 0.6305 | λ_cov=0.0 | grad 7.940 | lr 5.00e-05
  batch  1900/24569 | ce 5.9253 | cov 0.6138 | λ_cov=0.0 | grad 4.268 | lr 5.00e-05
  batch  2000/24569 | ce 5.8013 | cov 0.6276 | λ_cov=0.0 | grad 3.267 | lr 5.00e-05
  batch  2100/24569 | ce 5.6724 | cov 0.6190 | λ_cov=0.0 | grad 3.343 | lr 5.00e-05
  batch  2200/24569 | ce 5.6944 | cov 0.6287 | λ_cov=0.0 | grad 2.947 | lr 5.00e-05
  batch  2300/24569 | ce 5.8263 | cov 0.6525 | λ_cov=0.0 | grad 2.986 | lr 5.00e-05
  batch  2400/24569 | ce 5.7181 | cov 0.6267 | λ_cov=0.0 | grad 2.874 | lr 5.00e-05
  batch  2500/24569 | ce 5.7100 | cov 0.6361 | λ_cov=0.0 | grad 3.267 | lr 5.00e-05
  batch  2600/24569 | ce 5.6442 | cov 0.6419 | λ_cov=0.0 | grad 3.120 | lr 5.00e-05
  batch  2700/24569 | ce 5.5173 | cov 0.6276 | λ_cov=0.0 | grad 2.736 | lr 5.00e-05
  batch  2800/24569 | ce 5.7825 | cov 0.6383 | λ_cov=0.0 | grad 3.049 | lr 5.00e-05
  batch  2900/24569 | ce 5.2753 | cov 0.6387 | λ_cov=0.0 | grad 3.216 | lr 5.00e-05
  batch  3000/24569 | ce 5.4842 | cov 0.6323 | λ_cov=0.0 | grad 3.366 | lr 5.00e-05
  batch  3100/24569 | ce 5.5950 | cov 0.6480 | λ_cov=0.0 | grad 3.487 | lr 5.00e-05
  batch  3200/24569 | ce 5.3226 | cov 0.6432 | λ_cov=0.0 | grad 2.837 | lr 5.00e-05
  batch  3300/24569 | ce 5.4620 | cov 0.6354 | λ_cov=0.0 | grad 3.001 | lr 5.00e-05
  batch  3400/24569 | ce 5.4135 | cov 0.6425 | λ_cov=0.0 | grad 3.137 | lr 5.00e-05
  batch  3500/24569 | ce 5.3505 | cov 0.6443 | λ_cov=0.0 | grad 2.880 | lr 5.00e-05
  batch  3600/24569 | ce 5.3407 | cov 0.6366 | λ_cov=0.0 | grad 3.625 | lr 5.00e-05
  batch  3700/24569 | ce 5.2962 | cov 0.6446 | λ_cov=0.0 | grad 2.978 | lr 5.00e-05
  batch  3800/24569 | ce 5.3490 | cov 0.6490 | λ_cov=0.0 | grad 2.793 | lr 5.00e-05
  batch  3900/24569 | ce 5.1691 | cov 0.6305 | λ_cov=0.0 | grad 3.511 | lr 5.00e-05
  batch  4000/24569 | ce 5.3526 | cov 0.6438 | λ_cov=0.0 | grad 2.925 | lr 5.00e-05
  batch  4100/24569 | ce 5.2656 | cov 0.6434 | λ_cov=0.0 | grad 3.073 | lr 5.00e-05
  batch  4200/24569 | ce 5.3710 | cov 0.6394 | λ_cov=0.0 | grad 3.664 | lr 5.00e-05
  batch  4300/24569 | ce 5.2291 | cov 0.6370 | λ_cov=0.0 | grad 3.271 | lr 5.00e-05
  batch  4400/24569 | ce 5.2894 | cov 0.6580 | λ_cov=0.0 | grad 2.936 | lr 5.00e-05
  batch  4500/24569 | ce 5.4273 | cov 0.6518 | λ_cov=0.0 | grad 2.948 | lr 5.00e-05
  batch  4600/24569 | ce 5.2299 | cov 0.6664 | λ_cov=0.0 | grad 3.404 | lr 5.00e-05
  batch  4700/24569 | ce 5.1235 | cov 0.6509 | λ_cov=0.0 | grad 2.893 | lr 5.00e-05
  batch  4800/24569 | ce 5.5563 | cov 0.6715 | λ_cov=0.0 | grad 2.970 | lr 5.00e-05
  batch  4900/24569 | ce 5.1448 | cov 0.6641 | λ_cov=0.0 | grad 2.958 | lr 5.00e-05
  batch  5000/24569 | ce 5.3120 | cov 0.6421 | λ_cov=0.0 | grad 3.309 | lr 5.00e-05
  batch  5100/24569 | ce 5.2266 | cov 0.6439 | λ_cov=0.0 | grad 4.936 | lr 5.00e-05
  batch  5200/24569 | ce 5.2989 | cov 0.6655 | λ_cov=0.0 | grad 2.871 | lr 5.00e-05
  batch  5300/24569 | ce 5.4587 | cov 0.6597 | λ_cov=0.0 | grad 3.469 | lr 5.00e-05
  batch  5400/24569 | ce 5.1803 | cov 0.6444 | λ_cov=0.0 | grad 3.025 | lr 5.00e-05
  batch  5500/24569 | ce 5.2414 | cov 0.6740 | λ_cov=0.0 | grad 2.984 | lr 5.00e-05
  batch  5600/24569 | ce 5.2539 | cov 0.6624 | λ_cov=0.0 | grad 4.245 | lr 5.00e-05
  batch  5700/24569 | ce 5.3098 | cov 0.6685 | λ_cov=0.0 | grad 2.849 | lr 5.00e-05
  batch  5800/24569 | ce 5.2406 | cov 0.6546 | λ_cov=0.0 | grad 3.550 | lr 5.00e-05
  batch  5900/24569 | ce 5.1647 | cov 0.6500 | λ_cov=0.0 | grad 3.200 | lr 5.00e-05
  batch  6000/24569 | ce 4.9280 | cov 0.6575 | λ_cov=0.0 | grad 2.884 | lr 5.00e-05
  batch  6100/24569 | ce 5.1251 | cov 0.6452 | λ_cov=0.0 | grad 2.835 | lr 5.00e-05
  batch  6200/24569 | ce 5.4210 | cov 0.6671 | λ_cov=0.0 | grad 3.331 | lr 5.00e-05
  batch  6300/24569 | ce 5.1668 | cov 0.6620 | λ_cov=0.0 | grad 2.864 | lr 5.00e-05
  batch  6400/24569 | ce 5.2941 | cov 0.6457 | λ_cov=0.0 | grad 3.620 | lr 5.00e-05
  batch  6500/24569 | ce 5.1662 | cov 0.6711 | λ_cov=0.0 | grad 2.821 | lr 5.00e-05
  batch  6600/24569 | ce 5.1742 | cov 0.6580 | λ_cov=0.0 | grad 3.933 | lr 5.00e-05
  batch  6700/24569 | ce 5.3543 | cov 0.6565 | λ_cov=0.0 | grad 2.684 | lr 5.00e-05
  batch  6800/24569 | ce 5.0790 | cov 0.6767 | λ_cov=0.0 | grad 2.835 | lr 5.00e-05
  batch  6900/24569 | ce 4.9894 | cov 0.6440 | λ_cov=0.0 | grad 3.091 | lr 5.00e-05
  batch  7000/24569 | ce 5.0717 | cov 0.6548 | λ_cov=0.0 | grad 2.879 | lr 5.00e-05
  batch  7100/24569 | ce 5.3018 | cov 0.6514 | λ_cov=0.0 | grad 2.766 | lr 5.00e-05
  batch  7200/24569 | ce 5.2093 | cov 0.6537 | λ_cov=0.0 | grad 2.866 | lr 5.00e-05
  batch  7300/24569 | ce 5.0276 | cov 0.6542 | λ_cov=0.0 | grad 3.697 | lr 5.00e-05
  batch  7400/24569 | ce 5.0317 | cov 0.6634 | λ_cov=0.0 | grad 2.979 | lr 5.00e-05
  batch  7500/24569 | ce 5.3916 | cov 0.6530 | λ_cov=0.0 | grad 2.697 | lr 5.00e-05
  batch  7600/24569 | ce 5.4875 | cov 0.6642 | λ_cov=0.0 | grad 2.929 | lr 5.00e-05
  batch  7700/24569 | ce 5.3479 | cov 0.6501 | λ_cov=0.0 | grad 2.827 | lr 5.00e-05
  batch  7800/24569 | ce 5.2624 | cov 0.6619 | λ_cov=0.0 | grad 2.891 | lr 5.00e-05
  batch  7900/24569 | ce 5.0427 | cov 0.6730 | λ_cov=0.0 | grad 3.074 | lr 5.00e-05
  batch  8000/24569 | ce 5.2121 | cov 0.6614 | λ_cov=0.0 | grad 2.847 | lr 4.99e-05
  batch  8100/24569 | ce 5.0287 | cov 0.6612 | λ_cov=0.0 | grad 2.716 | lr 4.99e-05
  batch  8200/24569 | ce 5.1628 | cov 0.6582 | λ_cov=0.0 | grad 3.375 | lr 4.99e-05
  batch  8300/24569 | ce 4.9900 | cov 0.6645 | λ_cov=0.0 | grad 2.771 | lr 4.99e-05
  batch  8400/24569 | ce 5.2196 | cov 0.6816 | λ_cov=0.0 | grad 3.499 | lr 4.99e-05
  batch  8500/24569 | ce 5.3357 | cov 0.6649 | λ_cov=0.0 | grad 2.753 | lr 4.99e-05
  batch  8600/24569 | ce 4.9114 | cov 0.6497 | λ_cov=0.0 | grad 2.755 | lr 4.99e-05
  batch  8700/24569 | ce 5.2205 | cov 0.6746 | λ_cov=0.0 | grad 2.720 | lr 4.99e-05
  batch  8800/24569 | ce 5.0758 | cov 0.6682 | λ_cov=0.0 | grad 4.690 | lr 4.99e-05
  batch  8900/24569 | ce 5.3224 | cov 0.6675 | λ_cov=0.0 | grad 3.244 | lr 4.99e-05
  batch  9000/24569 | ce 5.0547 | cov 0.6690 | λ_cov=0.0 | grad 2.662 | lr 4.99e-05
  batch  9100/24569 | ce 4.9565 | cov 0.6527 | λ_cov=0.0 | grad 2.758 | lr 4.99e-05
  batch  9200/24569 | ce 4.7980 | cov 0.6702 | λ_cov=0.0 | grad 2.829 | lr 4.99e-05
  batch  9300/24569 | ce 5.0742 | cov 0.6745 | λ_cov=0.0 | grad 2.586 | lr 4.99e-05
  batch  9400/24569 | ce 5.0508 | cov 0.6636 | λ_cov=0.0 | grad 2.869 | lr 4.99e-05
  batch  9500/24569 | ce 5.2018 | cov 0.6788 | λ_cov=0.0 | grad 4.847 | lr 4.99e-05
  batch  9600/24569 | ce 5.0556 | cov 0.6820 | λ_cov=0.0 | grad 2.848 | lr 4.99e-05
  batch  9700/24569 | ce 4.8333 | cov 0.6673 | λ_cov=0.0 | grad 2.885 | lr 4.99e-05
  batch  9800/24569 | ce 5.0976 | cov 0.6587 | λ_cov=0.0 | grad 3.056 | lr 4.99e-05
  batch  9900/24569 | ce 5.0498 | cov 0.6894 | λ_cov=0.0 | grad 2.881 | lr 4.99e-05
  batch 10000/24569 | ce 4.9399 | cov 0.6738 | λ_cov=0.0 | grad 3.853 | lr 4.99e-05
  batch 10100/24569 | ce 4.7776 | cov 0.6708 | λ_cov=0.0 | grad 2.792 | lr 4.99e-05
  batch 10200/24569 | ce 4.9625 | cov 0.6659 | λ_cov=0.0 | grad 2.679 | lr 4.99e-05
  batch 10300/24569 | ce 4.8812 | cov 0.6787 | λ_cov=0.0 | grad 2.931 | lr 4.99e-05
  batch 10400/24569 | ce 5.0825 | cov 0.6754 | λ_cov=0.0 | grad 2.910 | lr 4.99e-05
  batch 10500/24569 | ce 5.0252 | cov 0.6897 | λ_cov=0.0 | grad 2.809 | lr 4.99e-05
  batch 10600/24569 | ce 4.8866 | cov 0.6779 | λ_cov=0.0 | grad 2.767 | lr 4.99e-05
  batch 10700/24569 | ce 5.3218 | cov 0.6724 | λ_cov=0.0 | grad 3.577 | lr 4.99e-05
  batch 10800/24569 | ce 4.7724 | cov 0.6758 | λ_cov=0.0 | grad 3.059 | lr 4.99e-05
  batch 10900/24569 | ce 5.0370 | cov 0.6753 | λ_cov=0.0 | grad 3.781 | lr 4.99e-05
  batch 11000/24569 | ce 4.8598 | cov 0.6771 | λ_cov=0.0 | grad 2.859 | lr 4.99e-05
  batch 11100/24569 | ce 4.8957 | cov 0.6904 | λ_cov=0.0 | grad 3.055 | lr 4.99e-05
  batch 11200/24569 | ce 4.9192 | cov 0.6789 | λ_cov=0.0 | grad 3.126 | lr 4.99e-05
  batch 11300/24569 | ce 5.0837 | cov 0.6837 | λ_cov=0.0 | grad 3.600 | lr 4.99e-05
  batch 11400/24569 | ce 5.0103 | cov 0.6648 | λ_cov=0.0 | grad 2.848 | lr 4.99e-05
  batch 11500/24569 | ce 4.9615 | cov 0.6656 | λ_cov=0.0 | grad 2.936 | lr 4.99e-05
  batch 11600/24569 | ce 4.8886 | cov 0.6884 | λ_cov=0.0 | grad 2.651 | lr 4.99e-05
  batch 11700/24569 | ce 4.8519 | cov 0.6767 | λ_cov=0.0 | grad 2.626 | lr 4.99e-05
  batch 11800/24569 | ce 5.0056 | cov 0.6708 | λ_cov=0.0 | grad 2.942 | lr 4.99e-05
  batch 11900/24569 | ce 5.2929 | cov 0.6772 | λ_cov=0.0 | grad 2.808 | lr 4.99e-05
  batch 12000/24569 | ce 4.7412 | cov 0.6889 | λ_cov=0.0 | grad 3.701 | lr 4.99e-05
  batch 12100/24569 | ce 4.8362 | cov 0.7025 | λ_cov=0.0 | grad 2.739 | lr 4.99e-05
  batch 12200/24569 | ce 4.7091 | cov 0.6857 | λ_cov=0.0 | grad 2.914 | lr 4.99e-05
  batch 12300/24569 | ce 5.0640 | cov 0.6692 | λ_cov=0.0 | grad 6.601 | lr 4.99e-05
  batch 12400/24569 | ce 4.6349 | cov 0.6780 | λ_cov=0.0 | grad 2.797 | lr 4.99e-05
  batch 12500/24569 | ce 4.7642 | cov 0.6749 | λ_cov=0.0 | grad 3.226 | lr 4.99e-05
  batch 12600/24569 | ce 4.8648 | cov 0.6765 | λ_cov=0.0 | grad 2.839 | lr 4.99e-05
  batch 12700/24569 | ce 4.9089 | cov 0.6776 | λ_cov=0.0 | grad 2.570 | lr 4.99e-05
  batch 12800/24569 | ce 4.8481 | cov 0.6975 | λ_cov=0.0 | grad 2.665 | lr 4.99e-05
  batch 12900/24569 | ce 5.0280 | cov 0.7228 | λ_cov=0.0 | grad 2.850 | lr 4.99e-05
  batch 13000/24569 | ce 4.6749 | cov 0.6766 | λ_cov=0.0 | grad 2.668 | lr 4.99e-05
  batch 13100/24569 | ce 5.0325 | cov 0.6825 | λ_cov=0.0 | grad 2.723 | lr 4.99e-05
  batch 13200/24569 | ce 5.0581 | cov 0.6686 | λ_cov=0.0 | grad 2.867 | lr 4.99e-05
  batch 13300/24569 | ce 4.8891 | cov 0.6894 | λ_cov=0.0 | grad 2.689 | lr 4.99e-05
  batch 13400/24569 | ce 4.9537 | cov 0.6868 | λ_cov=0.0 | grad 3.878 | lr 4.99e-05
  batch 13500/24569 | ce 4.9637 | cov 0.7021 | λ_cov=0.0 | grad 2.618 | lr 4.98e-05
  batch 13600/24569 | ce 4.9484 | cov 0.6852 | λ_cov=0.0 | grad 3.058 | lr 4.98e-05
  batch 13700/24569 | ce 4.8555 | cov 0.6764 | λ_cov=0.0 | grad 2.629 | lr 4.98e-05
  batch 13800/24569 | ce 4.9626 | cov 0.6902 | λ_cov=0.0 | grad 3.153 | lr 4.98e-05
  batch 13900/24569 | ce 4.9660 | cov 0.6796 | λ_cov=0.0 | grad 2.722 | lr 4.98e-05
  batch 14000/24569 | ce 4.8874 | cov 0.6788 | λ_cov=0.0 | grad 3.029 | lr 4.98e-05
  batch 14100/24569 | ce 4.9039 | cov 0.6992 | λ_cov=0.0 | grad 2.697 | lr 4.98e-05
  batch 14200/24569 | ce 4.9155 | cov 0.6834 | λ_cov=0.0 | grad 2.720 | lr 4.98e-05
  batch 14300/24569 | ce 4.7103 | cov 0.6818 | λ_cov=0.0 | grad 2.850 | lr 4.98e-05
  batch 14400/24569 | ce 4.9996 | cov 0.6893 | λ_cov=0.0 | grad 2.421 | lr 4.98e-05
  batch 14500/24569 | ce 4.8371 | cov 0.6892 | λ_cov=0.0 | grad 3.467 | lr 4.98e-05
  batch 14600/24569 | ce 4.9659 | cov 0.6981 | λ_cov=0.0 | grad 3.091 | lr 4.98e-05
  batch 14700/24569 | ce 4.9562 | cov 0.6755 | λ_cov=0.0 | grad 2.815 | lr 4.98e-05
  batch 14800/24569 | ce 4.7052 | cov 0.6809 | λ_cov=0.0 | grad 2.528 | lr 4.98e-05
  batch 14900/24569 | ce 4.5050 | cov 0.6863 | λ_cov=0.0 | grad 2.590 | lr 4.98e-05
  batch 15000/24569 | ce 5.0747 | cov 0.6820 | λ_cov=0.0 | grad 2.658 | lr 4.98e-05
  batch 15100/24569 | ce 4.8947 | cov 0.6916 | λ_cov=0.0 | grad 2.670 | lr 4.98e-05
  batch 15200/24569 | ce 5.0544 | cov 0.6941 | λ_cov=0.0 | grad 3.701 | lr 4.98e-05
  batch 15300/24569 | ce 4.7281 | cov 0.6799 | λ_cov=0.0 | grad 2.819 | lr 4.98e-05
  batch 15400/24569 | ce 4.9793 | cov 0.6825 | λ_cov=0.0 | grad 3.068 | lr 4.98e-05
  batch 15500/24569 | ce 4.8649 | cov 0.7123 | λ_cov=0.0 | grad 2.906 | lr 4.98e-05
  batch 15600/24569 | ce 4.9300 | cov 0.7031 | λ_cov=0.0 | grad 2.539 | lr 4.98e-05
  batch 15700/24569 | ce 4.8509 | cov 0.6962 | λ_cov=0.0 | grad 2.798 | lr 4.98e-05
  batch 15800/24569 | ce 4.9197 | cov 0.6916 | λ_cov=0.0 | grad 2.698 | lr 4.98e-05
  batch 15900/24569 | ce 4.8437 | cov 0.6922 | λ_cov=0.0 | grad 3.047 | lr 4.98e-05
  batch 16000/24569 | ce 4.5933 | cov 0.7034 | λ_cov=0.0 | grad 3.429 | lr 4.98e-05
  batch 16100/24569 | ce 4.9928 | cov 0.7069 | λ_cov=0.0 | grad 3.616 | lr 4.98e-05
  batch 16200/24569 | ce 4.7279 | cov 0.6939 | λ_cov=0.0 | grad 2.788 | lr 4.98e-05
  batch 16300/24569 | ce 4.6042 | cov 0.7050 | λ_cov=0.0 | grad 4.052 | lr 4.98e-05
  batch 16400/24569 | ce 5.0582 | cov 0.6989 | λ_cov=0.0 | grad 3.036 | lr 4.98e-05
  batch 16500/24569 | ce 4.8685 | cov 0.6777 | λ_cov=0.0 | grad 2.666 | lr 4.98e-05
  batch 16600/24569 | ce 4.7147 | cov 0.6863 | λ_cov=0.0 | grad 2.685 | lr 4.98e-05
  batch 16700/24569 | ce 4.8957 | cov 0.6997 | λ_cov=0.0 | grad 2.701 | lr 4.98e-05
  batch 16800/24569 | ce 4.7928 | cov 0.7035 | λ_cov=0.0 | grad 2.746 | lr 4.98e-05
  batch 16900/24569 | ce 4.9145 | cov 0.6952 | λ_cov=0.0 | grad 2.865 | lr 4.98e-05
  batch 17000/24569 | ce 4.9826 | cov 0.6917 | λ_cov=0.0 | grad 2.723 | lr 4.98e-05
  batch 17100/24569 | ce 4.8926 | cov 0.7022 | λ_cov=0.0 | grad 2.697 | lr 4.98e-05
  batch 17200/24569 | ce 4.8659 | cov 0.7068 | λ_cov=0.0 | grad 3.115 | lr 4.98e-05
  batch 17300/24569 | ce 4.5255 | cov 0.6879 | λ_cov=0.0 | grad 3.700 | lr 4.97e-05
  batch 17400/24569 | ce 4.6512 | cov 0.6811 | λ_cov=0.0 | grad 2.839 | lr 4.97e-05
  batch 17500/24569 | ce 4.7885 | cov 0.6805 | λ_cov=0.0 | grad 2.563 | lr 4.97e-05
  batch 17600/24569 | ce 4.8405 | cov 0.6919 | λ_cov=0.0 | grad 2.856 | lr 4.97e-05
  batch 17700/24569 | ce 4.6837 | cov 0.7017 | λ_cov=0.0 | grad 2.593 | lr 4.97e-05
  batch 17800/24569 | ce 4.9129 | cov 0.6941 | λ_cov=0.0 | grad 2.844 | lr 4.97e-05
  batch 17900/24569 | ce 4.7517 | cov 0.6831 | λ_cov=0.0 | grad 5.604 | lr 4.97e-05
  batch 18000/24569 | ce 5.0021 | cov 0.7000 | λ_cov=0.0 | grad 2.786 | lr 4.97e-05
  batch 18100/24569 | ce 4.7046 | cov 0.6837 | λ_cov=0.0 | grad 2.660 | lr 4.97e-05
  batch 18200/24569 | ce 5.1638 | cov 0.7138 | λ_cov=0.0 | grad 2.653 | lr 4.97e-05
  batch 18300/24569 | ce 5.0638 | cov 0.7039 | λ_cov=0.0 | grad 2.555 | lr 4.97e-05
  batch 18400/24569 | ce 4.8387 | cov 0.7018 | λ_cov=0.0 | grad 2.750 | lr 4.97e-05
  batch 18500/24569 | ce 4.6848 | cov 0.6974 | λ_cov=0.0 | grad 2.868 | lr 4.97e-05
  batch 18600/24569 | ce 4.6580 | cov 0.6949 | λ_cov=0.0 | grad 2.564 | lr 4.97e-05
  batch 18700/24569 | ce 4.9934 | cov 0.6878 | λ_cov=0.0 | grad 2.723 | lr 4.97e-05
  batch 18800/24569 | ce 4.6527 | cov 0.6943 | λ_cov=0.0 | grad 2.474 | lr 4.97e-05
  batch 18900/24569 | ce 4.7675 | cov 0.6932 | λ_cov=0.0 | grad 6.250 | lr 4.97e-05
  batch 19000/24569 | ce 4.6795 | cov 0.6996 | λ_cov=0.0 | grad 2.696 | lr 4.97e-05
  batch 19100/24569 | ce 4.7303 | cov 0.6986 | λ_cov=0.0 | grad 2.611 | lr 4.97e-05
  batch 19200/24569 | ce 5.2399 | cov 0.6980 | λ_cov=0.0 | grad 3.365 | lr 4.97e-05
  batch 19300/24569 | ce 5.1472 | cov 0.6941 | λ_cov=0.0 | grad 3.962 | lr 4.97e-05
  batch 19400/24569 | ce 4.6510 | cov 0.7208 | λ_cov=0.0 | grad 3.170 | lr 4.97e-05
  batch 19500/24569 | ce 4.9040 | cov 0.6877 | λ_cov=0.0 | grad 4.595 | lr 4.97e-05
  batch 19600/24569 | ce 4.7500 | cov 0.7191 | λ_cov=0.0 | grad 4.502 | lr 4.97e-05
  batch 19700/24569 | ce 4.6037 | cov 0.7095 | λ_cov=0.0 | grad 3.074 | lr 4.97e-05
  batch 19800/24569 | ce 4.8137 | cov 0.6941 | λ_cov=0.0 | grad 4.020 | lr 4.97e-05
  batch 19900/24569 | ce 4.6473 | cov 0.6942 | λ_cov=0.0 | grad 2.670 | lr 4.97e-05
  batch 20000/24569 | ce 5.0924 | cov 0.6963 | λ_cov=0.0 | grad 2.933 | lr 4.97e-05
  batch 20100/24569 | ce 4.7822 | cov 0.6949 | λ_cov=0.0 | grad 2.662 | lr 4.97e-05
  batch 20200/24569 | ce 4.5009 | cov 0.6953 | λ_cov=0.0 | grad 2.673 | lr 4.97e-05
  batch 20300/24569 | ce 4.6780 | cov 0.7227 | λ_cov=0.0 | grad 2.999 | lr 4.97e-05
  batch 20400/24569 | ce 4.8974 | cov 0.7052 | λ_cov=0.0 | grad 3.060 | lr 4.96e-05
  batch 20500/24569 | ce 4.6458 | cov 0.6941 | λ_cov=0.0 | grad 2.459 | lr 4.96e-05
  batch 20600/24569 | ce 4.5710 | cov 0.6948 | λ_cov=0.0 | grad 2.419 | lr 4.96e-05
  batch 20700/24569 | ce 4.5576 | cov 0.7064 | λ_cov=0.0 | grad 3.234 | lr 4.96e-05
  batch 20800/24569 | ce 4.8625 | cov 0.7031 | λ_cov=0.0 | grad 2.811 | lr 4.96e-05
  batch 20900/24569 | ce 4.9224 | cov 0.6970 | λ_cov=0.0 | grad 2.919 | lr 4.96e-05
  batch 21000/24569 | ce 4.8104 | cov 0.7000 | λ_cov=0.0 | grad 4.804 | lr 4.96e-05
  batch 21100/24569 | ce 4.7467 | cov 0.6940 | λ_cov=0.0 | grad 2.710 | lr 4.96e-05
  batch 21200/24569 | ce 4.8928 | cov 0.7178 | λ_cov=0.0 | grad 2.809 | lr 4.96e-05
  batch 21300/24569 | ce 5.0231 | cov 0.7015 | λ_cov=0.0 | grad 2.719 | lr 4.96e-05
  batch 21400/24569 | ce 4.8799 | cov 0.7057 | λ_cov=0.0 | grad 2.747 | lr 4.96e-05
  batch 21500/24569 | ce 4.7772 | cov 0.6917 | λ_cov=0.0 | grad 2.718 | lr 4.96e-05
  batch 21600/24569 | ce 4.5918 | cov 0.7075 | λ_cov=0.0 | grad 2.495 | lr 4.96e-05
  batch 21700/24569 | ce 4.8741 | cov 0.6931 | λ_cov=0.0 | grad 2.566 | lr 4.96e-05
  batch 21800/24569 | ce 4.7522 | cov 0.7189 | λ_cov=0.0 | grad 2.618 | lr 4.96e-05
  batch 21900/24569 | ce 4.7091 | cov 0.7068 | λ_cov=0.0 | grad 2.596 | lr 4.96e-05
  batch 22000/24569 | ce 4.4473 | cov 0.7106 | λ_cov=0.0 | grad 2.907 | lr 4.96e-05
  batch 22100/24569 | ce 4.9684 | cov 0.7068 | λ_cov=0.0 | grad 2.639 | lr 4.96e-05
  batch 22200/24569 | ce 4.5639 | cov 0.6939 | λ_cov=0.0 | grad 3.042 | lr 4.96e-05
  batch 22300/24569 | ce 4.7521 | cov 0.7079 | λ_cov=0.0 | grad 2.718 | lr 4.96e-05
  batch 22400/24569 | ce 4.6962 | cov 0.6981 | λ_cov=0.0 | grad 2.686 | lr 4.96e-05
  batch 22500/24569 | ce 4.7586 | cov 0.6946 | λ_cov=0.0 | grad 2.752 | lr 4.96e-05
  batch 22600/24569 | ce 4.4747 | cov 0.6999 | λ_cov=0.0 | grad 2.690 | lr 4.96e-05
  batch 22700/24569 | ce 4.5317 | cov 0.7215 | λ_cov=0.0 | grad 2.636 | lr 4.96e-05
  batch 22800/24569 | ce 4.1925 | cov 0.7002 | λ_cov=0.0 | grad 2.465 | lr 4.96e-05
  batch 22900/24569 | ce 4.7460 | cov 0.6997 | λ_cov=0.0 | grad 2.714 | lr 4.96e-05
  batch 23000/24569 | ce 5.0839 | cov 0.7000 | λ_cov=0.0 | grad 2.615 | lr 4.95e-05
  batch 23100/24569 | ce 4.4042 | cov 0.7216 | λ_cov=0.0 | grad 2.806 | lr 4.95e-05
  batch 23200/24569 | ce 4.6734 | cov 0.7100 | λ_cov=0.0 | grad 2.532 | lr 4.95e-05
  batch 23300/24569 | ce 4.8052 | cov 0.7009 | λ_cov=0.0 | grad 2.659 | lr 4.95e-05
  batch 23400/24569 | ce 4.8027 | cov 0.7203 | λ_cov=0.0 | grad 2.769 | lr 4.95e-05
  batch 23500/24569 | ce 4.8934 | cov 0.7170 | λ_cov=0.0 | grad 2.923 | lr 4.95e-05
  batch 23600/24569 | ce 4.9465 | cov 0.7070 | λ_cov=0.0 | grad 2.473 | lr 4.95e-05
  batch 23700/24569 | ce 4.6822 | cov 0.6945 | λ_cov=0.0 | grad 2.282 | lr 4.95e-05
  batch 23800/24569 | ce 4.6731 | cov 0.6874 | λ_cov=0.0 | grad 2.476 | lr 4.95e-05
  batch 23900/24569 | ce 4.3954 | cov 0.6999 | λ_cov=0.0 | grad 2.513 | lr 4.95e-05
  batch 24000/24569 | ce 4.7711 | cov 0.6946 | λ_cov=0.0 | grad 2.769 | lr 4.95e-05
  batch 24100/24569 | ce 4.5872 | cov 0.7179 | λ_cov=0.0 | grad 2.690 | lr 4.95e-05
  batch 24200/24569 | ce 4.6026 | cov 0.7063 | λ_cov=0.0 | grad 2.535 | lr 4.95e-05
  batch 24300/24569 | ce 4.6118 | cov 0.7006 | λ_cov=0.0 | grad 2.633 | lr 4.95e-05
  batch 24400/24569 | ce 4.7421 | cov 0.7012 | λ_cov=0.0 | grad 3.149 | lr 4.95e-05
  batch 24500/24569 | ce 4.5081 | cov 0.6978 | λ_cov=0.0 | grad 2.571 | lr 4.95e-05

Epoch 1/15 | time: 57.1min | unfreeze stage 1 | trainable 17,047,808
  train ce loss: 5.0751
  coverage loss: 0.6755  (λ=0.0)
    legal_chunk  : 5.2736
    second_pass  : 4.0307
    arxiv_anchor : 5.8538
    cnn_anchor   : 6.5635
  val loss     : 4.2274
  perplexity   : 68.54
  lr           : 4.95e-05
  sample       : On March 6, 2014, the City of Alabama filed a lawsuit in the U.S. District Court for the Eastern District of Alabama against the City of Corrections against the City of Corrections. The plaintiffs sue
  reference    : On March 8th, 2014, several citizens of Montgomery, Alabama, who had been imprisoned for failing to pay traffic fines, filed a lawsuit in the U.S. District Court for the Middle District of Alabama, un
  >> new best val loss — saved stage3_best.pt
  >> BELOW Stage 2 val loss (4.3827)

>>> Unfreezing stage 2: 25,320,704 trainable parameters
  batch   100/24569 | ce 4.7839 | cov 0.7235 | λ_cov=0.0 | grad 2.902 | lr 4.95e-05
  batch   200/24569 | ce 4.6737 | cov 0.7062 | λ_cov=0.0 | grad 2.561 | lr 4.95e-05
  batch   300/24569 | ce 4.9108 | cov 0.7300 | λ_cov=0.0 | grad 2.456 | lr 4.95e-05
  batch   400/24569 | ce 4.6242 | cov 0.6957 | λ_cov=0.0 | grad 2.764 | lr 4.95e-05
  batch   500/24569 | ce 4.5158 | cov 0.7106 | λ_cov=0.0 | grad 2.491 | lr 4.95e-05
  batch   600/24569 | ce 4.7744 | cov 0.7202 | λ_cov=0.0 | grad 2.513 | lr 4.95e-05
  batch   700/24569 | ce 4.4516 | cov 0.7090 | λ_cov=0.0 | grad 2.836 | lr 4.95e-05
  batch   800/24569 | ce 4.2736 | cov 0.7198 | λ_cov=0.0 | grad 2.523 | lr 4.95e-05
  batch   900/24569 | ce 4.8084 | cov 0.7157 | λ_cov=0.0 | grad 2.569 | lr 4.94e-05
  batch  1000/24569 | ce 4.5307 | cov 0.7488 | λ_cov=0.0 | grad 3.094 | lr 4.94e-05
  batch  1100/24569 | ce 4.5620 | cov 0.7172 | λ_cov=0.0 | grad 2.499 | lr 4.94e-05
  batch  1200/24569 | ce 4.7977 | cov 0.7333 | λ_cov=0.0 | grad 2.675 | lr 4.94e-05
  batch  1300/24569 | ce 4.3627 | cov 0.7283 | λ_cov=0.0 | grad 2.782 | lr 4.94e-05
  batch  1400/24569 | ce 4.7115 | cov 0.7354 | λ_cov=0.0 | grad 2.432 | lr 4.94e-05
  batch  1500/24569 | ce 4.4951 | cov 0.7469 | λ_cov=0.0 | grad 2.883 | lr 4.94e-05
  batch  1600/24569 | ce 4.6346 | cov 0.7147 | λ_cov=0.0 | grad 3.013 | lr 4.94e-05
  batch  1700/24569 | ce 4.7986 | cov 0.7421 | λ_cov=0.0 | grad 2.362 | lr 4.94e-05
  batch  1800/24569 | ce 4.3170 | cov 0.7247 | λ_cov=0.0 | grad 2.397 | lr 4.94e-05
  batch  1900/24569 | ce 4.6810 | cov 0.7272 | λ_cov=0.0 | grad 2.506 | lr 4.94e-05
  batch  2000/24569 | ce 4.5440 | cov 0.7258 | λ_cov=0.0 | grad 2.764 | lr 4.94e-05
  batch  2100/24569 | ce 4.9368 | cov 0.7425 | λ_cov=0.0 | grad 2.517 | lr 4.94e-05
  batch  2200/24569 | ce 4.3942 | cov 0.7353 | λ_cov=0.0 | grad 2.427 | lr 4.94e-05
  batch  2300/24569 | ce 4.5817 | cov 0.7380 | λ_cov=0.0 | grad 2.775 | lr 4.94e-05
  batch  2400/24569 | ce 4.3719 | cov 0.7217 | λ_cov=0.0 | grad 2.503 | lr 4.94e-05
  batch  2500/24569 | ce 4.3537 | cov 0.7176 | λ_cov=0.0 | grad 2.417 | lr 4.94e-05
  batch  2600/24569 | ce 4.2361 | cov 0.7069 | λ_cov=0.0 | grad 2.530 | lr 4.94e-05
  batch  2700/24569 | ce 4.5208 | cov 0.7428 | λ_cov=0.0 | grad 2.384 | lr 4.94e-05
  batch  2800/24569 | ce 4.5847 | cov 0.7324 | λ_cov=0.0 | grad 2.428 | lr 4.94e-05
  batch  2900/24569 | ce 4.6154 | cov 0.7262 | λ_cov=0.0 | grad 2.281 | lr 4.94e-05
  batch  3000/24569 | ce 4.3635 | cov 0.7367 | λ_cov=0.0 | grad 2.397 | lr 4.93e-05
  batch  3100/24569 | ce 4.4156 | cov 0.7624 | λ_cov=0.0 | grad 2.299 | lr 4.93e-05
  batch  3200/24569 | ce 4.4371 | cov 0.7375 | λ_cov=0.0 | grad 2.499 | lr 4.93e-05
  batch  3300/24569 | ce 4.6535 | cov 0.7400 | λ_cov=0.0 | grad 2.723 | lr 4.93e-05
  batch  3400/24569 | ce 4.6099 | cov 0.7495 | λ_cov=0.0 | grad 2.876 | lr 4.93e-05
  batch  3500/24569 | ce 4.4671 | cov 0.7423 | λ_cov=0.0 | grad 2.563 | lr 4.93e-05
  batch  3600/24569 | ce 4.4546 | cov 0.7222 | λ_cov=0.0 | grad 2.648 | lr 4.93e-05
  batch  3700/24569 | ce 4.5970 | cov 0.7257 | λ_cov=0.0 | grad 2.537 | lr 4.93e-05
  batch  3800/24569 | ce 4.3064 | cov 0.7309 | λ_cov=0.0 | grad 2.523 | lr 4.93e-05
  batch  3900/24569 | ce 4.2784 | cov 0.7467 | λ_cov=0.0 | grad 2.634 | lr 4.93e-05
  batch  4000/24569 | ce 4.3790 | cov 0.7240 | λ_cov=0.0 | grad 2.838 | lr 4.93e-05
  batch  4100/24569 | ce 4.5743 | cov 0.7488 | λ_cov=0.0 | grad 2.342 | lr 4.93e-05
  batch  4200/24569 | ce 4.4611 | cov 0.7341 | λ_cov=0.0 | grad 3.094 | lr 4.93e-05
  batch  4300/24569 | ce 4.4382 | cov 0.7378 | λ_cov=0.0 | grad 2.405 | lr 4.93e-05
  batch  4400/24569 | ce 4.3860 | cov 0.7510 | λ_cov=0.0 | grad 2.292 | lr 4.93e-05
  batch  4500/24569 | ce 4.3977 | cov 0.7556 | λ_cov=0.0 | grad 2.485 | lr 4.93e-05
  batch  4600/24569 | ce 4.3203 | cov 0.7401 | λ_cov=0.0 | grad 2.802 | lr 4.93e-05
  batch  4700/24569 | ce 4.3944 | cov 0.7431 | λ_cov=0.0 | grad 2.463 | lr 4.93e-05
  batch  4800/24569 | ce 4.3190 | cov 0.7214 | λ_cov=0.0 | grad 2.559 | lr 4.93e-05
  batch  4900/24569 | ce 4.3974 | cov 0.7695 | λ_cov=0.0 | grad 2.358 | lr 4.93e-05
  batch  5000/24569 | ce 4.3564 | cov 0.7423 | λ_cov=0.0 | grad 2.493 | lr 4.92e-05
  batch  5100/24569 | ce 4.6370 | cov 0.7616 | λ_cov=0.0 | grad 2.818 | lr 4.92e-05
  batch  5200/24569 | ce 4.0262 | cov 0.7430 | λ_cov=0.0 | grad 2.444 | lr 4.92e-05
  batch  5300/24569 | ce 4.5511 | cov 0.7360 | λ_cov=0.0 | grad 2.496 | lr 4.92e-05
  batch  5400/24569 | ce 4.2512 | cov 0.7273 | λ_cov=0.0 | grad 2.668 | lr 4.92e-05
  batch  5500/24569 | ce 4.2291 | cov 0.7376 | λ_cov=0.0 | grad 2.445 | lr 4.92e-05
  batch  5600/24569 | ce 4.3633 | cov 0.7523 | λ_cov=0.0 | grad 2.755 | lr 4.92e-05
  batch  5700/24569 | ce 4.4683 | cov 0.7433 | λ_cov=0.0 | grad 2.337 | lr 4.92e-05
  batch  5800/24569 | ce 4.4476 | cov 0.7614 | λ_cov=0.0 | grad 2.855 | lr 4.92e-05
  batch  5900/24569 | ce 4.1262 | cov 0.7592 | λ_cov=0.0 | grad 2.536 | lr 4.92e-05
  batch  6000/24569 | ce 4.5313 | cov 0.7415 | λ_cov=0.0 | grad 2.662 | lr 4.92e-05
  batch  6100/24569 | ce 4.3188 | cov 0.7599 | λ_cov=0.0 | grad 2.394 | lr 4.92e-05
  batch  6200/24569 | ce 4.2796 | cov 0.7494 | λ_cov=0.0 | grad 2.476 | lr 4.92e-05
  batch  6300/24569 | ce 4.3615 | cov 0.7551 | λ_cov=0.0 | grad 2.335 | lr 4.92e-05
  batch  6400/24569 | ce 4.4686 | cov 0.7440 | λ_cov=0.0 | grad 2.494 | lr 4.92e-05
  batch  6500/24569 | ce 4.3833 | cov 0.7651 | λ_cov=0.0 | grad 3.189 | lr 4.92e-05
  batch  6600/24569 | ce 4.3845 | cov 0.7404 | λ_cov=0.0 | grad 2.518 | lr 4.92e-05
  batch  6700/24569 | ce 4.3462 | cov 0.7503 | λ_cov=0.0 | grad 2.677 | lr 4.92e-05
  batch  6800/24569 | ce 4.4909 | cov 0.7442 | λ_cov=0.0 | grad 2.448 | lr 4.92e-05
  batch  6900/24569 | ce 4.4170 | cov 0.7531 | λ_cov=0.0 | grad 2.740 | lr 4.91e-05
  batch  7000/24569 | ce 4.3493 | cov 0.7336 | λ_cov=0.0 | grad 2.842 | lr 4.91e-05
  batch  7100/24569 | ce 4.1912 | cov 0.7403 | λ_cov=0.0 | grad 2.331 | lr 4.91e-05
  batch  7200/24569 | ce 4.4748 | cov 0.7440 | λ_cov=0.0 | grad 2.792 | lr 4.91e-05
  batch  7300/24569 | ce 4.1081 | cov 0.7501 | λ_cov=0.0 | grad 2.659 | lr 4.91e-05
  batch  7400/24569 | ce 4.5362 | cov 0.7595 | λ_cov=0.0 | grad 2.391 | lr 4.91e-05
  batch  7500/24569 | ce 4.6423 | cov 0.7774 | λ_cov=0.0 | grad 2.512 | lr 4.91e-05
  batch  7600/24569 | ce 4.6410 | cov 0.7530 | λ_cov=0.0 | grad 2.719 | lr 4.91e-05
  batch  7700/24569 | ce 4.5366 | cov 0.7691 | λ_cov=0.0 | grad 2.517 | lr 4.91e-05
  batch  7800/24569 | ce 4.3974 | cov 0.7420 | λ_cov=0.0 | grad 2.556 | lr 4.91e-05
  batch  7900/24569 | ce 4.1827 | cov 0.7495 | λ_cov=0.0 | grad 2.614 | lr 4.91e-05
  batch  8000/24569 | ce 4.4298 | cov 0.7395 | λ_cov=0.0 | grad 2.489 | lr 4.91e-05
  batch  8100/24569 | ce 4.3116 | cov 0.7492 | λ_cov=0.0 | grad 2.327 | lr 4.91e-05
  batch  8200/24569 | ce 4.5620 | cov 0.7672 | λ_cov=0.0 | grad 2.726 | lr 4.91e-05
  batch  8300/24569 | ce 4.4524 | cov 0.7519 | λ_cov=0.0 | grad 2.714 | lr 4.91e-05
  batch  8400/24569 | ce 4.3849 | cov 0.7432 | λ_cov=0.0 | grad 2.477 | lr 4.91e-05
  batch  8500/24569 | ce 4.1656 | cov 0.7527 | λ_cov=0.0 | grad 2.499 | lr 4.91e-05
  batch  8600/24569 | ce 4.2979 | cov 0.7572 | λ_cov=0.0 | grad 2.537 | lr 4.91e-05
  batch  8700/24569 | ce 4.6404 | cov 0.7694 | λ_cov=0.0 | grad 2.564 | lr 4.90e-05
  batch  8800/24569 | ce 4.8243 | cov 0.7441 | λ_cov=0.0 | grad 2.595 | lr 4.90e-05
  batch  8900/24569 | ce 4.5270 | cov 0.7557 | λ_cov=0.0 | grad 2.776 | lr 4.90e-05
  batch  9000/24569 | ce 4.6676 | cov 0.7552 | λ_cov=0.0 | grad 2.373 | lr 4.90e-05
  batch  9100/24569 | ce 4.3411 | cov 0.7363 | λ_cov=0.0 | grad 2.578 | lr 4.90e-05
  batch  9200/24569 | ce 4.2392 | cov 0.7485 | λ_cov=0.0 | grad 2.606 | lr 4.90e-05
  batch  9300/24569 | ce 4.3338 | cov 0.7422 | λ_cov=0.0 | grad 2.370 | lr 4.90e-05
  batch  9400/24569 | ce 4.4445 | cov 0.7663 | λ_cov=0.0 | grad 2.384 | lr 4.90e-05
  batch  9500/24569 | ce 4.3130 | cov 0.7435 | λ_cov=0.0 | grad 2.851 | lr 4.90e-05
  batch  9600/24569 | ce 4.3553 | cov 0.7904 | λ_cov=0.0 | grad 2.790 | lr 4.90e-05
  batch  9700/24569 | ce 4.5013 | cov 0.7664 | λ_cov=0.0 | grad 2.675 | lr 4.90e-05
  batch  9800/24569 | ce 4.1697 | cov 0.7485 | λ_cov=0.0 | grad 2.566 | lr 4.90e-05
  batch  9900/24569 | ce 4.4127 | cov 0.7486 | λ_cov=0.0 | grad 2.546 | lr 4.90e-05
  batch 10000/24569 | ce 4.1730 | cov 0.7575 | λ_cov=0.0 | grad 2.400 | lr 4.90e-05
  batch 10100/24569 | ce 4.4982 | cov 0.7678 | λ_cov=0.0 | grad 2.260 | lr 4.90e-05
  batch 10200/24569 | ce 4.3849 | cov 0.7731 | λ_cov=0.0 | grad 2.954 | lr 4.90e-05
  batch 10300/24569 | ce 4.1007 | cov 0.7641 | λ_cov=0.0 | grad 2.562 | lr 4.90e-05
  batch 10400/24569 | ce 4.2303 | cov 0.7477 | λ_cov=0.0 | grad 2.503 | lr 4.89e-05
  batch 10500/24569 | ce 4.2504 | cov 0.7584 | λ_cov=0.0 | grad 2.487 | lr 4.89e-05
  batch 10600/24569 | ce 4.3173 | cov 0.7787 | λ_cov=0.0 | grad 2.482 | lr 4.89e-05
  batch 10700/24569 | ce 4.5037 | cov 0.7762 | λ_cov=0.0 | grad 2.962 | lr 4.89e-05
  batch 10800/24569 | ce 4.4077 | cov 0.7770 | λ_cov=0.0 | grad 2.381 | lr 4.89e-05
  batch 10900/24569 | ce 4.2056 | cov 0.7662 | λ_cov=0.0 | grad 2.668 | lr 4.89e-05
  batch 11000/24569 | ce 4.3857 | cov 0.7595 | λ_cov=0.0 | grad 2.356 | lr 4.89e-05
  batch 11100/24569 | ce 4.1541 | cov 0.7594 | λ_cov=0.0 | grad 2.306 | lr 4.89e-05
  batch 11200/24569 | ce 3.9460 | cov 0.7643 | λ_cov=0.0 | grad 2.353 | lr 4.89e-05
  batch 11300/24569 | ce 4.2660 | cov 0.7525 | λ_cov=0.0 | grad 2.712 | lr 4.89e-05
  batch 11400/24569 | ce 4.5841 | cov 0.7864 | λ_cov=0.0 | grad 2.337 | lr 4.89e-05
  batch 11500/24569 | ce 4.1802 | cov 0.7774 | λ_cov=0.0 | grad 2.349 | lr 4.89e-05
  batch 11600/24569 | ce 4.7292 | cov 0.7776 | λ_cov=0.0 | grad 2.926 | lr 4.89e-05
  batch 11700/24569 | ce 4.5171 | cov 0.7479 | λ_cov=0.0 | grad 2.405 | lr 4.89e-05
  batch 11800/24569 | ce 4.3071 | cov 0.7775 | λ_cov=0.0 | grad 2.297 | lr 4.89e-05
  batch 11900/24569 | ce 4.3579 | cov 0.7587 | λ_cov=0.0 | grad 2.394 | lr 4.89e-05
  batch 12000/24569 | ce 4.3199 | cov 0.7816 | λ_cov=0.0 | grad 2.291 | lr 4.88e-05
  batch 12100/24569 | ce 4.6438 | cov 0.7697 | λ_cov=0.0 | grad 2.329 | lr 4.88e-05
  batch 12200/24569 | ce 4.3524 | cov 0.7848 | λ_cov=0.0 | grad 2.360 | lr 4.88e-05
  batch 12300/24569 | ce 4.1214 | cov 0.7890 | λ_cov=0.0 | grad 2.422 | lr 4.88e-05
  batch 12400/24569 | ce 4.5259 | cov 0.7527 | λ_cov=0.0 | grad 2.671 | lr 4.88e-05
  batch 12500/24569 | ce 4.3335 | cov 0.7721 | λ_cov=0.0 | grad 2.795 | lr 4.88e-05
  batch 12600/24569 | ce 4.3793 | cov 0.7820 | λ_cov=0.0 | grad 2.325 | lr 4.88e-05
  batch 12700/24569 | ce 4.6017 | cov 0.7861 | λ_cov=0.0 | grad 2.459 | lr 4.88e-05
  batch 12800/24569 | ce 4.2366 | cov 0.7450 | λ_cov=0.0 | grad 2.566 | lr 4.88e-05
  batch 12900/24569 | ce 4.1263 | cov 0.7675 | λ_cov=0.0 | grad 2.415 | lr 4.88e-05
  batch 13000/24569 | ce 4.1697 | cov 0.7530 | λ_cov=0.0 | grad 2.359 | lr 4.88e-05
  batch 13100/24569 | ce 4.1214 | cov 0.7572 | λ_cov=0.0 | grad 2.697 | lr 4.88e-05
  batch 13200/24569 | ce 4.2160 | cov 0.7625 | λ_cov=0.0 | grad 2.231 | lr 4.88e-05
  batch 13300/24569 | ce 4.2926 | cov 0.7725 | λ_cov=0.0 | grad 2.318 | lr 4.88e-05
  batch 13400/24569 | ce 4.2273 | cov 0.7839 | λ_cov=0.0 | grad 2.253 | lr 4.88e-05
  batch 13500/24569 | ce 4.1584 | cov 0.7633 | λ_cov=0.0 | grad 2.462 | lr 4.88e-05
  batch 13600/24569 | ce 4.5540 | cov 0.7790 | λ_cov=0.0 | grad 2.435 | lr 4.87e-05
  batch 13700/24569 | ce 4.4713 | cov 0.7598 | λ_cov=0.0 | grad 2.537 | lr 4.87e-05
  batch 13800/24569 | ce 4.3302 | cov 0.7673 | λ_cov=0.0 | grad 2.366 | lr 4.87e-05
  batch 13900/24569 | ce 4.1905 | cov 0.7677 | λ_cov=0.0 | grad 2.698 | lr 4.87e-05
  batch 14000/24569 | ce 4.2984 | cov 0.7694 | λ_cov=0.0 | grad 2.513 | lr 4.87e-05
  batch 14100/24569 | ce 4.2243 | cov 0.7711 | λ_cov=0.0 | grad 2.538 | lr 4.87e-05
  batch 14200/24569 | ce 4.1985 | cov 0.7748 | λ_cov=0.0 | grad 2.615 | lr 4.87e-05
  batch 14300/24569 | ce 4.6849 | cov 0.7813 | λ_cov=0.0 | grad 2.351 | lr 4.87e-05
  batch 14400/24569 | ce 4.0042 | cov 0.7644 | λ_cov=0.0 | grad 2.270 | lr 4.87e-05
  batch 14500/24569 | ce 4.4011 | cov 0.7560 | λ_cov=0.0 | grad 2.965 | lr 4.87e-05
  batch 14600/24569 | ce 3.8828 | cov 0.7628 | λ_cov=0.0 | grad 2.096 | lr 4.87e-05
  batch 14700/24569 | ce 4.2454 | cov 0.7714 | λ_cov=0.0 | grad 2.937 | lr 4.87e-05
  batch 14800/24569 | ce 4.4380 | cov 0.7691 | λ_cov=0.0 | grad 2.610 | lr 4.87e-05
  batch 14900/24569 | ce 4.1776 | cov 0.8066 | λ_cov=0.0 | grad 2.478 | lr 4.87e-05
  batch 15000/24569 | ce 4.3952 | cov 0.7692 | λ_cov=0.0 | grad 2.406 | lr 4.87e-05
  batch 15100/24569 | ce 4.2311 | cov 0.7790 | λ_cov=0.0 | grad 2.574 | lr 4.86e-05
  batch 15200/24569 | ce 4.3904 | cov 0.7832 | λ_cov=0.0 | grad 2.686 | lr 4.86e-05
  batch 15300/24569 | ce 4.2038 | cov 0.7716 | λ_cov=0.0 | grad 2.383 | lr 4.86e-05
  batch 15400/24569 | ce 4.2584 | cov 0.7592 | λ_cov=0.0 | grad 2.400 | lr 4.86e-05
  batch 15500/24569 | ce 4.4205 | cov 0.7813 | λ_cov=0.0 | grad 2.512 | lr 4.86e-05
  batch 15600/24569 | ce 4.4826 | cov 0.7680 | λ_cov=0.0 | grad 2.429 | lr 4.86e-05
  batch 15700/24569 | ce 4.1385 | cov 0.7919 | λ_cov=0.0 | grad 2.629 | lr 4.86e-05
  batch 15800/24569 | ce 4.1115 | cov 0.7724 | λ_cov=0.0 | grad 2.326 | lr 4.86e-05
  batch 15900/24569 | ce 4.2664 | cov 0.7892 | λ_cov=0.0 | grad 2.511 | lr 4.86e-05
  batch 16000/24569 | ce 4.4037 | cov 0.7842 | λ_cov=0.0 | grad 2.459 | lr 4.86e-05
  batch 16100/24569 | ce 4.0981 | cov 0.7816 | λ_cov=0.0 | grad 2.710 | lr 4.86e-05
  batch 16200/24569 | ce 4.1120 | cov 0.7829 | λ_cov=0.0 | grad 2.229 | lr 4.86e-05
  batch 16300/24569 | ce 4.2790 | cov 0.7708 | λ_cov=0.0 | grad 2.686 | lr 4.86e-05
  batch 16400/24569 | ce 4.2713 | cov 0.7935 | λ_cov=0.0 | grad 2.381 | lr 4.86e-05
  batch 16500/24569 | ce 4.5051 | cov 0.7875 | λ_cov=0.0 | grad 2.339 | lr 4.85e-05
  batch 16600/24569 | ce 4.3019 | cov 0.7761 | λ_cov=0.0 | grad 2.731 | lr 4.85e-05
  batch 16700/24569 | ce 4.5803 | cov 0.7929 | λ_cov=0.0 | grad 2.379 | lr 4.85e-05
  batch 16800/24569 | ce 4.4386 | cov 0.8031 | λ_cov=0.0 | grad 2.357 | lr 4.85e-05
  batch 16900/24569 | ce 4.2214 | cov 0.7667 | λ_cov=0.0 | grad 2.330 | lr 4.85e-05
  batch 17000/24569 | ce 4.3546 | cov 0.7921 | λ_cov=0.0 | grad 2.413 | lr 4.85e-05
  batch 17100/24569 | ce 4.5252 | cov 0.7780 | λ_cov=0.0 | grad 2.544 | lr 4.85e-05
  batch 17200/24569 | ce 4.0645 | cov 0.7838 | λ_cov=0.0 | grad 2.394 | lr 4.85e-05
  batch 17300/24569 | ce 4.5830 | cov 0.7995 | λ_cov=0.0 | grad 2.420 | lr 4.85e-05
  batch 17400/24569 | ce 4.6058 | cov 0.7913 | λ_cov=0.0 | grad 2.638 | lr 4.85e-05
  batch 17500/24569 | ce 4.3654 | cov 0.7891 | λ_cov=0.0 | grad 2.351 | lr 4.85e-05
  batch 17600/24569 | ce 4.2784 | cov 0.7702 | λ_cov=0.0 | grad 3.302 | lr 4.85e-05
  batch 17700/24569 | ce 4.1799 | cov 0.7794 | λ_cov=0.0 | grad 2.272 | lr 4.85e-05
  batch 17800/24569 | ce 4.0448 | cov 0.7826 | λ_cov=0.0 | grad 2.318 | lr 4.85e-05
  batch 17900/24569 | ce 4.4815 | cov 0.7795 | λ_cov=0.0 | grad 2.444 | lr 4.84e-05
  batch 18000/24569 | ce 4.2269 | cov 0.7859 | λ_cov=0.0 | grad 2.330 | lr 4.84e-05
  batch 18100/24569 | ce 4.3488 | cov 0.7765 | λ_cov=0.0 | grad 2.455 | lr 4.84e-05
  batch 18200/24569 | ce 4.0916 | cov 0.7769 | λ_cov=0.0 | grad 2.270 | lr 4.84e-05
  batch 18300/24569 | ce 4.3365 | cov 0.7916 | λ_cov=0.0 | grad 2.453 | lr 4.84e-05
  batch 18400/24569 | ce 4.3966 | cov 0.7763 | λ_cov=0.0 | grad 2.262 | lr 4.84e-05
  batch 18500/24569 | ce 4.2117 | cov 0.8059 | λ_cov=0.0 | grad 2.570 | lr 4.84e-05
  batch 18600/24569 | ce 4.0914 | cov 0.7640 | λ_cov=0.0 | grad 2.349 | lr 4.84e-05
  batch 18700/24569 | ce 4.3218 | cov 0.7756 | λ_cov=0.0 | grad 2.419 | lr 4.84e-05
  batch 18800/24569 | ce 4.2855 | cov 0.7818 | λ_cov=0.0 | grad 2.249 | lr 4.84e-05
  batch 18900/24569 | ce 4.0397 | cov 0.7662 | λ_cov=0.0 | grad 3.391 | lr 4.84e-05
  batch 19000/24569 | ce 4.1710 | cov 0.7856 | λ_cov=0.0 | grad 2.407 | lr 4.84e-05
  batch 19100/24569 | ce 4.2684 | cov 0.7826 | λ_cov=0.0 | grad 2.417 | lr 4.84e-05
  batch 19200/24569 | ce 4.2262 | cov 0.7861 | λ_cov=0.0 | grad 2.317 | lr 4.83e-05
  batch 19300/24569 | ce 4.4705 | cov 0.7674 | λ_cov=0.0 | grad 2.438 | lr 4.83e-05
  batch 19400/24569 | ce 4.1124 | cov 0.7764 | λ_cov=0.0 | grad 2.511 | lr 4.83e-05
  batch 19500/24569 | ce 4.2693 | cov 0.7917 | λ_cov=0.0 | grad 2.794 | lr 4.83e-05
  batch 19600/24569 | ce 4.3833 | cov 0.7797 | λ_cov=0.0 | grad 2.388 | lr 4.83e-05
  batch 19700/24569 | ce 4.1862 | cov 0.7822 | λ_cov=0.0 | grad 2.299 | lr 4.83e-05
  batch 19800/24569 | ce 3.8396 | cov 0.7718 | λ_cov=0.0 | grad 2.192 | lr 4.83e-05
  batch 19900/24569 | ce 4.2001 | cov 0.7684 | λ_cov=0.0 | grad 3.271 | lr 4.83e-05
  batch 20000/24569 | ce 4.1540 | cov 0.7677 | λ_cov=0.0 | grad 3.518 | lr 4.83e-05
  batch 20100/24569 | ce 4.1092 | cov 0.7807 | λ_cov=0.0 | grad 2.247 | lr 4.83e-05
  batch 20200/24569 | ce 3.9927 | cov 0.7614 | λ_cov=0.0 | grad 2.395 | lr 4.83e-05
  batch 20300/24569 | ce 4.2270 | cov 0.7702 | λ_cov=0.0 | grad 2.529 | lr 4.83e-05
  batch 20400/24569 | ce 4.3635 | cov 0.7774 | λ_cov=0.0 | grad 2.453 | lr 4.83e-05
  batch 20500/24569 | ce 4.3104 | cov 0.7896 | λ_cov=0.0 | grad 2.490 | lr 4.82e-05
  batch 20600/24569 | ce 4.2604 | cov 0.7732 | λ_cov=0.0 | grad 2.338 | lr 4.82e-05
  batch 20700/24569 | ce 3.9888 | cov 0.8079 | λ_cov=0.0 | grad 2.488 | lr 4.82e-05
  batch 20800/24569 | ce 4.2910 | cov 0.7948 | λ_cov=0.0 | grad 2.370 | lr 4.82e-05
  batch 20900/24569 | ce 4.2504 | cov 0.7756 | λ_cov=0.0 | grad 2.364 | lr 4.82e-05
  batch 21000/24569 | ce 4.1385 | cov 0.8029 | λ_cov=0.0 | grad 2.963 | lr 4.82e-05
  batch 21100/24569 | ce 4.2732 | cov 0.8057 | λ_cov=0.0 | grad 2.496 | lr 4.82e-05
  batch 21200/24569 | ce 4.0096 | cov 0.7822 | λ_cov=0.0 | grad 2.424 | lr 4.82e-05
  batch 21300/24569 | ce 4.1914 | cov 0.7957 | λ_cov=0.0 | grad 2.211 | lr 4.82e-05
  batch 21400/24569 | ce 4.5114 | cov 0.8165 | λ_cov=0.0 | grad 2.267 | lr 4.82e-05
  batch 21500/24569 | ce 4.5149 | cov 0.8009 | λ_cov=0.0 | grad 2.937 | lr 4.82e-05
  batch 21600/24569 | ce 4.4326 | cov 0.8067 | λ_cov=0.0 | grad 2.289 | lr 4.82e-05
  batch 21700/24569 | ce 4.3271 | cov 0.7842 | λ_cov=0.0 | grad 2.329 | lr 4.82e-05
  batch 21800/24569 | ce 4.2606 | cov 0.8015 | λ_cov=0.0 | grad 3.027 | lr 4.81e-05
  batch 21900/24569 | ce 4.3414 | cov 0.7976 | λ_cov=0.0 | grad 5.117 | lr 4.81e-05
  batch 22000/24569 | ce 4.1698 | cov 0.7795 | λ_cov=0.0 | grad 2.681 | lr 4.81e-05
  batch 22100/24569 | ce 4.2672 | cov 0.7825 | λ_cov=0.0 | grad 2.400 | lr 4.81e-05
  batch 22200/24569 | ce 4.1620 | cov 0.8052 | λ_cov=0.0 | grad 2.348 | lr 4.81e-05
  batch 22300/24569 | ce 4.0631 | cov 0.7846 | λ_cov=0.0 | grad 2.406 | lr 4.81e-05
  batch 22400/24569 | ce 4.1362 | cov 0.7827 | λ_cov=0.0 | grad 2.533 | lr 4.81e-05
  batch 22500/24569 | ce 4.0953 | cov 0.7693 | λ_cov=0.0 | grad 2.383 | lr 4.81e-05
  batch 22600/24569 | ce 4.0233 | cov 0.8079 | λ_cov=0.0 | grad 2.549 | lr 4.81e-05
  batch 22700/24569 | ce 4.2996 | cov 0.7712 | λ_cov=0.0 | grad 2.183 | lr 4.81e-05
  batch 22800/24569 | ce 4.3188 | cov 0.7813 | λ_cov=0.0 | grad 2.196 | lr 4.81e-05
  batch 22900/24569 | ce 4.2391 | cov 0.7910 | λ_cov=0.0 | grad 2.356 | lr 4.81e-05
  batch 23000/24569 | ce 4.3642 | cov 0.8109 | λ_cov=0.0 | grad 2.324 | lr 4.80e-05
  batch 23100/24569 | ce 4.2408 | cov 0.7822 | λ_cov=0.0 | grad 2.558 | lr 4.80e-05
  batch 23200/24569 | ce 4.3806 | cov 0.8062 | λ_cov=0.0 | grad 2.669 | lr 4.80e-05
  batch 23300/24569 | ce 4.1734 | cov 0.7764 | λ_cov=0.0 | grad 2.445 | lr 4.80e-05
  batch 23400/24569 | ce 4.0890 | cov 0.7802 | λ_cov=0.0 | grad 2.712 | lr 4.80e-05
  batch 23500/24569 | ce 3.9124 | cov 0.8036 | λ_cov=0.0 | grad 2.337 | lr 4.80e-05
  batch 23600/24569 | ce 4.1829 | cov 0.7913 | λ_cov=0.0 | grad 2.381 | lr 4.80e-05
  batch 23700/24569 | ce 4.1468 | cov 0.7965 | λ_cov=0.0 | grad 2.379 | lr 4.80e-05
  batch 23800/24569 | ce 4.2969 | cov 0.8040 | λ_cov=0.0 | grad 2.555 | lr 4.80e-05
  batch 23900/24569 | ce 4.2174 | cov 0.7775 | λ_cov=0.0 | grad 2.384 | lr 4.80e-05
  batch 24000/24569 | ce 4.1232 | cov 0.8127 | λ_cov=0.0 | grad 2.429 | lr 4.80e-05
  batch 24100/24569 | ce 4.0722 | cov 0.7959 | λ_cov=0.0 | grad 2.424 | lr 4.80e-05
  batch 24200/24569 | ce 4.0204 | cov 0.7879 | λ_cov=0.0 | grad 2.321 | lr 4.79e-05
  batch 24300/24569 | ce 4.2839 | cov 0.8029 | λ_cov=0.0 | grad 2.490 | lr 4.79e-05
  batch 24400/24569 | ce 4.2346 | cov 0.7826 | λ_cov=0.0 | grad 2.334 | lr 4.79e-05
  batch 24500/24569 | ce 3.9880 | cov 0.7791 | λ_cov=0.0 | grad 2.305 | lr 4.79e-05

Epoch 2/15 | time: 59.9min | unfreeze stage 2 | trainable 25,320,704
  train ce loss: 4.3395
  coverage loss: 0.7646  (λ=0.0)
    legal_chunk  : 4.5748
    second_pass  : 2.9292
    arxiv_anchor : 5.5855
    cnn_anchor   : 6.1544
  val loss     : 3.9701
  perplexity   : 52.99
  lr           : 4.79e-05
  sample       : On July 23, 2017, the City of Alabama filed a lawsuit in the U.S. District Court for the Southern District of Alabama against the City of Alabama under 42 U.S.C. § 1983 against the City of Alabama. Th
  reference    : On March 8th, 2014, several citizens of Montgomery, Alabama, who had been imprisoned for failing to pay traffic fines, filed a lawsuit in the U.S. District Court for the Middle District of Alabama, un
  >> new best val loss — saved stage3_best.pt
  >> BELOW Stage 2 val loss (4.3827)

>>> Unfreezing stage 3: 32,413,184 trainable parameters
>>> Switching to discriminative LR optimizer
  batch   100/24569 | ce 4.1646 | cov 0.8032 | λ_cov=0.5 | grad 2.588 | lr 2.50e-05
  batch   200/24569 | ce 4.3621 | cov 0.7606 | λ_cov=0.5 | grad 2.719 | lr 5.00e-05
  batch   300/24569 | ce 4.2607 | cov 0.7441 | λ_cov=0.5 | grad 2.737 | lr 5.00e-05
  batch   400/24569 | ce 4.1220 | cov 0.7016 | λ_cov=0.5 | grad 2.482 | lr 5.00e-05
  batch   500/24569 | ce 4.1521 | cov 0.7080 | λ_cov=0.5 | grad 2.625 | lr 5.00e-05
  batch   600/24569 | ce 4.2819 | cov 0.6799 | λ_cov=0.5 | grad 2.965 | lr 5.00e-05
  batch   700/24569 | ce 3.7030 | cov 0.6910 | λ_cov=0.5 | grad 2.543 | lr 5.00e-05
  batch   800/24569 | ce 4.4217 | cov 0.6843 | λ_cov=0.5 | grad 2.436 | lr 5.00e-05
  batch   900/24569 | ce 4.0433 | cov 0.6745 | λ_cov=0.5 | grad 2.387 | lr 5.00e-05
  batch  1000/24569 | ce 4.1051 | cov 0.6635 | λ_cov=0.5 | grad 3.250 | lr 5.00e-05
  batch  1100/24569 | ce 4.0867 | cov 0.6474 | λ_cov=0.5 | grad 2.613 | lr 5.00e-05
  batch  1200/24569 | ce 4.1265 | cov 0.6492 | λ_cov=0.5 | grad 2.566 | lr 5.00e-05
  batch  1300/24569 | ce 4.1219 | cov 0.6402 | λ_cov=0.5 | grad 2.486 | lr 5.00e-05
  batch  1400/24569 | ce 4.1405 | cov 0.6455 | λ_cov=0.5 | grad 2.512 | lr 5.00e-05
  batch  1500/24569 | ce 4.1954 | cov 0.6639 | λ_cov=0.5 | grad 2.460 | lr 5.00e-05
  batch  1600/24569 | ce 4.0396 | cov 0.6306 | λ_cov=0.5 | grad 2.683 | lr 5.00e-05
  batch  1700/24569 | ce 4.0676 | cov 0.6522 | λ_cov=0.5 | grad 2.550 | lr 5.00e-05
  batch  1800/24569 | ce 4.1072 | cov 0.6416 | λ_cov=0.5 | grad 4.001 | lr 5.00e-05
  batch  1900/24569 | ce 4.2459 | cov 0.6127 | λ_cov=0.5 | grad 2.471 | lr 5.00e-05
  batch  2000/24569 | ce 4.3109 | cov 0.6386 | λ_cov=0.5 | grad 2.494 | lr 5.00e-05
  batch  2100/24569 | ce 4.1155 | cov 0.6507 | λ_cov=0.5 | grad 2.442 | lr 5.00e-05
  batch  2200/24569 | ce 4.4659 | cov 0.6527 | λ_cov=0.5 | grad 3.405 | lr 5.00e-05
  batch  2300/24569 | ce 4.2861 | cov 0.6287 | λ_cov=0.5 | grad 2.758 | lr 5.00e-05
  batch  2400/24569 | ce 4.2563 | cov 0.6113 | λ_cov=0.5 | grad 2.424 | lr 5.00e-05
  batch  2500/24569 | ce 4.0202 | cov 0.6196 | λ_cov=0.5 | grad 2.444 | lr 5.00e-05
  batch  2600/24569 | ce 4.2022 | cov 0.6125 | λ_cov=0.5 | grad 2.755 | lr 5.00e-05
  batch  2700/24569 | ce 4.5474 | cov 0.6538 | λ_cov=0.5 | grad 2.695 | lr 5.00e-05
  batch  2800/24569 | ce 4.0918 | cov 0.6115 | λ_cov=0.5 | grad 2.660 | lr 5.00e-05
  batch  2900/24569 | ce 3.8140 | cov 0.6179 | λ_cov=0.5 | grad 2.861 | lr 5.00e-05
  batch  3000/24569 | ce 4.1881 | cov 0.6071 | λ_cov=0.5 | grad 2.911 | lr 5.00e-05
  batch  3100/24569 | ce 4.2350 | cov 0.6123 | λ_cov=0.5 | grad 2.371 | lr 5.00e-05
  batch  3200/24569 | ce 4.0591 | cov 0.6172 | λ_cov=0.5 | grad 2.791 | lr 5.00e-05
  batch  3300/24569 | ce 4.0866 | cov 0.6308 | λ_cov=0.5 | grad 2.543 | lr 5.00e-05
  batch  3400/24569 | ce 4.1184 | cov 0.5986 | λ_cov=0.5 | grad 2.824 | lr 5.00e-05
  batch  3500/24569 | ce 4.2100 | cov 0.5959 | λ_cov=0.5 | grad 2.643 | lr 5.00e-05
  batch  3600/24569 | ce 3.9749 | cov 0.6024 | λ_cov=0.5 | grad 2.300 | lr 5.00e-05
  batch  3700/24569 | ce 3.9403 | cov 0.5995 | λ_cov=0.5 | grad 2.447 | lr 5.00e-05
  batch  3800/24569 | ce 4.5202 | cov 0.6336 | λ_cov=0.5 | grad 2.319 | lr 5.00e-05
  batch  3900/24569 | ce 4.1899 | cov 0.6078 | λ_cov=0.5 | grad 2.531 | lr 5.00e-05
  batch  4000/24569 | ce 4.3337 | cov 0.6178 | λ_cov=0.5 | grad 2.616 | lr 5.00e-05
  batch  4100/24569 | ce 4.1871 | cov 0.5979 | λ_cov=0.5 | grad 2.562 | lr 5.00e-05
  batch  4200/24569 | ce 4.1479 | cov 0.6225 | λ_cov=0.5 | grad 2.594 | lr 5.00e-05
  batch  4300/24569 | ce 3.9676 | cov 0.6047 | λ_cov=0.5 | grad 2.608 | lr 5.00e-05
  batch  4400/24569 | ce 4.1789 | cov 0.6073 | λ_cov=0.5 | grad 2.695 | lr 5.00e-05
  batch  4500/24569 | ce 4.2215 | cov 0.6150 | λ_cov=0.5 | grad 2.595 | lr 5.00e-05
  batch  4600/24569 | ce 4.2031 | cov 0.5875 | λ_cov=0.5 | grad 2.619 | lr 5.00e-05
  batch  4700/24569 | ce 4.1032 | cov 0.6103 | λ_cov=0.5 | grad 3.793 | lr 5.00e-05
  batch  4800/24569 | ce 4.0458 | cov 0.5944 | λ_cov=0.5 | grad 2.873 | lr 5.00e-05
  batch  4900/24569 | ce 4.0757 | cov 0.5830 | λ_cov=0.5 | grad 2.681 | lr 5.00e-05
  batch  5000/24569 | ce 4.1855 | cov 0.5933 | λ_cov=0.5 | grad 2.406 | lr 5.00e-05
  batch  5100/24569 | ce 4.0175 | cov 0.5896 | λ_cov=0.5 | grad 3.024 | lr 5.00e-05
  batch  5200/24569 | ce 4.0185 | cov 0.6027 | λ_cov=0.5 | grad 3.547 | lr 5.00e-05
  batch  5300/24569 | ce 4.1348 | cov 0.6207 | λ_cov=0.5 | grad 2.663 | lr 5.00e-05
  batch  5400/24569 | ce 4.2207 | cov 0.5986 | λ_cov=0.5 | grad 2.904 | lr 5.00e-05
  batch  5500/24569 | ce 3.9217 | cov 0.5948 | λ_cov=0.5 | grad 2.541 | lr 5.00e-05
  batch  5600/24569 | ce 4.0542 | cov 0.6170 | λ_cov=0.5 | grad 2.420 | lr 5.00e-05
  batch  5700/24569 | ce 4.4154 | cov 0.6021 | λ_cov=0.5 | grad 2.619 | lr 5.00e-05
  batch  5800/24569 | ce 4.2482 | cov 0.5849 | λ_cov=0.5 | grad 3.044 | lr 5.00e-05
  batch  5900/24569 | ce 3.9714 | cov 0.5986 | λ_cov=0.5 | grad 2.522 | lr 5.00e-05
  batch  6000/24569 | ce 3.8038 | cov 0.5819 | λ_cov=0.5 | grad 2.523 | lr 5.00e-05
  batch  6100/24569 | ce 4.3905 | cov 0.6294 | λ_cov=0.5 | grad 2.297 | lr 5.00e-05
  batch  6200/24569 | ce 4.3318 | cov 0.6057 | λ_cov=0.5 | grad 2.804 | lr 5.00e-05
  batch  6300/24569 | ce 4.4237 | cov 0.5965 | λ_cov=0.5 | grad 2.611 | lr 5.00e-05
  batch  6400/24569 | ce 4.2589 | cov 0.5918 | λ_cov=0.5 | grad 2.518 | lr 5.00e-05
  batch  6500/24569 | ce 4.1723 | cov 0.5837 | λ_cov=0.5 | grad 2.527 | lr 5.00e-05
  batch  6600/24569 | ce 4.2071 | cov 0.5909 | λ_cov=0.5 | grad 2.538 | lr 5.00e-05
  batch  6700/24569 | ce 3.8381 | cov 0.5918 | λ_cov=0.5 | grad 2.646 | lr 4.99e-05
  batch  6800/24569 | ce 4.1643 | cov 0.6156 | λ_cov=0.5 | grad 2.920 | lr 4.99e-05
  batch  6900/24569 | ce 3.6546 | cov 0.5978 | λ_cov=0.5 | grad 2.775 | lr 4.99e-05
  batch  7000/24569 | ce 4.2320 | cov 0.5875 | λ_cov=0.5 | grad 2.626 | lr 4.99e-05
  batch  7100/24569 | ce 3.8689 | cov 0.5883 | λ_cov=0.5 | grad 2.800 | lr 4.99e-05
  batch  7200/24569 | ce 4.2277 | cov 0.5884 | λ_cov=0.5 | grad 2.890 | lr 4.99e-05
  batch  7300/24569 | ce 3.9861 | cov 0.5877 | λ_cov=0.5 | grad 2.315 | lr 4.99e-05
  batch  7400/24569 | ce 4.2674 | cov 0.5821 | λ_cov=0.5 | grad 2.653 | lr 4.99e-05
  batch  7500/24569 | ce 4.0900 | cov 0.6173 | λ_cov=0.5 | grad 2.829 | lr 4.99e-05
  batch  7600/24569 | ce 3.9976 | cov 0.5759 | λ_cov=0.5 | grad 2.729 | lr 4.99e-05
  batch  7700/24569 | ce 4.0147 | cov 0.5823 | λ_cov=0.5 | grad 2.408 | lr 4.99e-05
  batch  7800/24569 | ce 3.9767 | cov 0.5937 | λ_cov=0.5 | grad 3.169 | lr 4.99e-05
  batch  7900/24569 | ce 4.0486 | cov 0.5903 | λ_cov=0.5 | grad 2.562 | lr 4.99e-05
  batch  8000/24569 | ce 4.0327 | cov 0.5763 | λ_cov=0.5 | grad 3.255 | lr 4.99e-05
  batch  8100/24569 | ce 4.0202 | cov 0.5789 | λ_cov=0.5 | grad 2.747 | lr 4.99e-05
  batch  8200/24569 | ce 3.6344 | cov 0.5753 | λ_cov=0.5 | grad 2.414 | lr 4.99e-05
  batch  8300/24569 | ce 4.1967 | cov 0.5847 | λ_cov=0.5 | grad 2.632 | lr 4.99e-05
  batch  8400/24569 | ce 4.2441 | cov 0.5946 | λ_cov=0.5 | grad 2.713 | lr 4.99e-05
  batch  8500/24569 | ce 4.2083 | cov 0.5931 | λ_cov=0.5 | grad 2.802 | lr 4.99e-05
  batch  8600/24569 | ce 3.9712 | cov 0.5572 | λ_cov=0.5 | grad 2.590 | lr 4.99e-05
  batch  8700/24569 | ce 4.1207 | cov 0.5802 | λ_cov=0.5 | grad 2.485 | lr 4.99e-05
  batch  8800/24569 | ce 4.0917 | cov 0.5783 | λ_cov=0.5 | grad 2.362 | lr 4.99e-05
  batch  8900/24569 | ce 4.0811 | cov 0.5726 | λ_cov=0.5 | grad 2.435 | lr 4.99e-05
  batch  9000/24569 | ce 4.0558 | cov 0.5673 | λ_cov=0.5 | grad 2.374 | lr 4.99e-05
  batch  9100/24569 | ce 4.1303 | cov 0.5893 | λ_cov=0.5 | grad 2.591 | lr 4.99e-05
  batch  9200/24569 | ce 4.0768 | cov 0.5898 | λ_cov=0.5 | grad 2.765 | lr 4.99e-05
  batch  9300/24569 | ce 4.0750 | cov 0.5796 | λ_cov=0.5 | grad 2.627 | lr 4.99e-05
  batch  9400/24569 | ce 4.3772 | cov 0.5678 | λ_cov=0.5 | grad 3.230 | lr 4.99e-05
  batch  9500/24569 | ce 3.8320 | cov 0.5762 | λ_cov=0.5 | grad 2.536 | lr 4.99e-05
  batch  9600/24569 | ce 4.0288 | cov 0.5677 | λ_cov=0.5 | grad 2.787 | lr 4.99e-05
  batch  9700/24569 | ce 4.0600 | cov 0.5676 | λ_cov=0.5 | grad 2.896 | lr 4.99e-05
  batch  9800/24569 | ce 4.0552 | cov 0.5912 | λ_cov=0.5 | grad 3.579 | lr 4.99e-05
  batch  9900/24569 | ce 4.1117 | cov 0.5853 | λ_cov=0.5 | grad 2.698 | lr 4.99e-05
  batch 10000/24569 | ce 4.2271 | cov 0.5707 | λ_cov=0.5 | grad 2.317 | lr 4.99e-05
  batch 10100/24569 | ce 4.0423 | cov 0.5925 | λ_cov=0.5 | grad 2.876 | lr 4.99e-05
  batch 10200/24569 | ce 4.0645 | cov 0.5682 | λ_cov=0.5 | grad 3.021 | lr 4.99e-05
  batch 10300/24569 | ce 4.3401 | cov 0.5789 | λ_cov=0.5 | grad 2.753 | lr 4.99e-05
  batch 10400/24569 | ce 4.0872 | cov 0.5959 | λ_cov=0.5 | grad 2.807 | lr 4.99e-05
  batch 10500/24569 | ce 4.2889 | cov 0.5837 | λ_cov=0.5 | grad 2.880 | lr 4.99e-05
  batch 10600/24569 | ce 4.1158 | cov 0.5529 | λ_cov=0.5 | grad 2.459 | lr 4.99e-05
  batch 10700/24569 | ce 4.0671 | cov 0.5846 | λ_cov=0.5 | grad 2.871 | lr 4.99e-05
  batch 10800/24569 | ce 3.8545 | cov 0.5944 | λ_cov=0.5 | grad 2.703 | lr 4.99e-05
  batch 10900/24569 | ce 4.1949 | cov 0.5763 | λ_cov=0.5 | grad 2.474 | lr 4.99e-05
  batch 11000/24569 | ce 4.1165 | cov 0.5739 | λ_cov=0.5 | grad 2.518 | lr 4.99e-05
  batch 11100/24569 | ce 4.0165 | cov 0.5774 | λ_cov=0.5 | grad 2.510 | lr 4.99e-05
  batch 11200/24569 | ce 4.3186 | cov 0.5847 | λ_cov=0.5 | grad 2.599 | lr 4.99e-05
  batch 11300/24569 | ce 4.5335 | cov 0.6095 | λ_cov=0.5 | grad 2.910 | lr 4.99e-05
  batch 11400/24569 | ce 3.6955 | cov 0.5768 | λ_cov=0.5 | grad 2.633 | lr 4.99e-05
  batch 11500/24569 | ce 3.8503 | cov 0.5650 | λ_cov=0.5 | grad 3.157 | lr 4.98e-05
  batch 11600/24569 | ce 4.1483 | cov 0.5629 | λ_cov=0.5 | grad 2.763 | lr 4.98e-05
  batch 11700/24569 | ce 4.0106 | cov 0.5689 | λ_cov=0.5 | grad 4.082 | lr 4.98e-05
  batch 11800/24569 | ce 4.2767 | cov 0.5625 | λ_cov=0.5 | grad 2.608 | lr 4.98e-05
  batch 11900/24569 | ce 4.3632 | cov 0.5666 | λ_cov=0.5 | grad 3.643 | lr 4.98e-05
  batch 12000/24569 | ce 4.2412 | cov 0.5718 | λ_cov=0.5 | grad 2.582 | lr 4.98e-05
  batch 12100/24569 | ce 3.7554 | cov 0.5641 | λ_cov=0.5 | grad 2.495 | lr 4.98e-05
  batch 12200/24569 | ce 4.5001 | cov 0.6036 | λ_cov=0.5 | grad 3.106 | lr 4.98e-05
  batch 12300/24569 | ce 4.1677 | cov 0.5908 | λ_cov=0.5 | grad 2.470 | lr 4.98e-05
  batch 12400/24569 | ce 4.0541 | cov 0.5660 | λ_cov=0.5 | grad 2.814 | lr 4.98e-05
  batch 12500/24569 | ce 4.1017 | cov 0.5948 | λ_cov=0.5 | grad 2.372 | lr 4.98e-05
  batch 12600/24569 | ce 4.2276 | cov 0.5720 | λ_cov=0.5 | grad 3.163 | lr 4.98e-05
  batch 12700/24569 | ce 4.0146 | cov 0.5782 | λ_cov=0.5 | grad 2.843 | lr 4.98e-05
  batch 12800/24569 | ce 4.0748 | cov 0.5798 | λ_cov=0.5 | grad 2.793 | lr 4.98e-05
  batch 12900/24569 | ce 4.0841 | cov 0.5844 | λ_cov=0.5 | grad 2.370 | lr 4.98e-05
  batch 13000/24569 | ce 4.0962 | cov 0.6014 | λ_cov=0.5 | grad 2.516 | lr 4.98e-05
  batch 13100/24569 | ce 4.2850 | cov 0.5964 | λ_cov=0.5 | grad 2.617 | lr 4.98e-05
  batch 13200/24569 | ce 4.0650 | cov 0.5659 | λ_cov=0.5 | grad 2.750 | lr 4.98e-05
  batch 13300/24569 | ce 4.1767 | cov 0.5722 | λ_cov=0.5 | grad 2.533 | lr 4.98e-05
  batch 13400/24569 | ce 3.7516 | cov 0.5635 | λ_cov=0.5 | grad 2.495 | lr 4.98e-05
  batch 13500/24569 | ce 4.1253 | cov 0.5608 | λ_cov=0.5 | grad 3.207 | lr 4.98e-05
  batch 13600/24569 | ce 3.9075 | cov 0.5495 | λ_cov=0.5 | grad 2.565 | lr 4.98e-05
  batch 13700/24569 | ce 3.9701 | cov 0.5647 | λ_cov=0.5 | grad 2.498 | lr 4.98e-05
  batch 13800/24569 | ce 3.9600 | cov 0.5565 | λ_cov=0.5 | grad 2.465 | lr 4.98e-05
  batch 13900/24569 | ce 3.9991 | cov 0.5590 | λ_cov=0.5 | grad 2.483 | lr 4.98e-05
  batch 14000/24569 | ce 4.2132 | cov 0.5734 | λ_cov=0.5 | grad 2.626 | lr 4.98e-05
  batch 14100/24569 | ce 4.0894 | cov 0.5782 | λ_cov=0.5 | grad 2.701 | lr 4.98e-05
  batch 14200/24569 | ce 4.0705 | cov 0.5595 | λ_cov=0.5 | grad 3.287 | lr 4.98e-05
  batch 14300/24569 | ce 4.1396 | cov 0.5964 | λ_cov=0.5 | grad 2.602 | lr 4.98e-05
  batch 14400/24569 | ce 3.9098 | cov 0.5738 | λ_cov=0.5 | grad 2.455 | lr 4.98e-05
  batch 14500/24569 | ce 3.9601 | cov 0.5626 | λ_cov=0.5 | grad 3.239 | lr 4.98e-05
  batch 14600/24569 | ce 3.8863 | cov 0.5534 | λ_cov=0.5 | grad 2.261 | lr 4.98e-05
  batch 14700/24569 | ce 4.0806 | cov 0.5879 | λ_cov=0.5 | grad 3.601 | lr 4.98e-05
  batch 14800/24569 | ce 4.1523 | cov 0.5553 | λ_cov=0.5 | grad 2.575 | lr 4.97e-05
  batch 14900/24569 | ce 3.9856 | cov 0.5593 | λ_cov=0.5 | grad 2.745 | lr 4.97e-05
  batch 15000/24569 | ce 3.9292 | cov 0.5610 | λ_cov=0.5 | grad 2.594 | lr 4.97e-05
  batch 15100/24569 | ce 4.0155 | cov 0.5705 | λ_cov=0.5 | grad 2.451 | lr 4.97e-05
  batch 15200/24569 | ce 4.2667 | cov 0.5823 | λ_cov=0.5 | grad 2.304 | lr 4.97e-05
  batch 15300/24569 | ce 4.1066 | cov 0.5818 | λ_cov=0.5 | grad 2.934 | lr 4.97e-05
  batch 15400/24569 | ce 4.4385 | cov 0.5857 | λ_cov=0.5 | grad 2.653 | lr 4.97e-05
  batch 15500/24569 | ce 3.9651 | cov 0.5814 | λ_cov=0.5 | grad 2.570 | lr 4.97e-05
  batch 15600/24569 | ce 3.9836 | cov 0.5719 | λ_cov=0.5 | grad 2.385 | lr 4.97e-05
  batch 15700/24569 | ce 3.8066 | cov 0.5660 | λ_cov=0.5 | grad 2.619 | lr 4.97e-05
  batch 15800/24569 | ce 4.0460 | cov 0.5744 | λ_cov=0.5 | grad 3.675 | lr 4.97e-05
  batch 15900/24569 | ce 3.9906 | cov 0.5521 | λ_cov=0.5 | grad 2.778 | lr 4.97e-05
  batch 16000/24569 | ce 3.8417 | cov 0.5539 | λ_cov=0.5 | grad 2.591 | lr 4.97e-05
  batch 16100/24569 | ce 3.9227 | cov 0.5713 | λ_cov=0.5 | grad 3.472 | lr 4.97e-05
  batch 16200/24569 | ce 3.8251 | cov 0.5618 | λ_cov=0.5 | grad 2.372 | lr 4.97e-05
  batch 16300/24569 | ce 4.0655 | cov 0.5592 | λ_cov=0.5 | grad 2.508 | lr 4.97e-05
  batch 16400/24569 | ce 3.9573 | cov 0.5669 | λ_cov=0.5 | grad 2.737 | lr 4.97e-05
  batch 16500/24569 | ce 4.1096 | cov 0.5853 | λ_cov=0.5 | grad 2.536 | lr 4.97e-05
  batch 16600/24569 | ce 4.2513 | cov 0.5529 | λ_cov=0.5 | grad 3.033 | lr 4.97e-05
  batch 16700/24569 | ce 4.3298 | cov 0.5626 | λ_cov=0.5 | grad 2.773 | lr 4.97e-05
  batch 16800/24569 | ce 4.3360 | cov 0.5919 | λ_cov=0.5 | grad 2.711 | lr 4.97e-05
  batch 16900/24569 | ce 4.1707 | cov 0.5575 | λ_cov=0.5 | grad 2.406 | lr 4.97e-05
  batch 17000/24569 | ce 4.0065 | cov 0.5521 | λ_cov=0.5 | grad 2.985 | lr 4.97e-05
  batch 17100/24569 | ce 4.1604 | cov 0.5742 | λ_cov=0.5 | grad 2.929 | lr 4.97e-05
  batch 17200/24569 | ce 4.1829 | cov 0.5618 | λ_cov=0.5 | grad 2.756 | lr 4.97e-05
  batch 17300/24569 | ce 4.0966 | cov 0.6033 | λ_cov=0.5 | grad 2.928 | lr 4.97e-05
  batch 17400/24569 | ce 3.9200 | cov 0.5555 | λ_cov=0.5 | grad 2.527 | lr 4.96e-05
  batch 17500/24569 | ce 4.0142 | cov 0.5570 | λ_cov=0.5 | grad 2.501 | lr 4.96e-05
  batch 17600/24569 | ce 4.1716 | cov 0.5687 | λ_cov=0.5 | grad 3.358 | lr 4.96e-05
  batch 17700/24569 | ce 3.9102 | cov 0.5581 | λ_cov=0.5 | grad 2.791 | lr 4.96e-05
  batch 17800/24569 | ce 4.0295 | cov 0.5677 | λ_cov=0.5 | grad 2.599 | lr 4.96e-05
  batch 17900/24569 | ce 3.9889 | cov 0.5536 | λ_cov=0.5 | grad 2.479 | lr 4.96e-05
  batch 18000/24569 | ce 3.9062 | cov 0.5443 | λ_cov=0.5 | grad 2.577 | lr 4.96e-05
  batch 18100/24569 | ce 3.9233 | cov 0.5549 | λ_cov=0.5 | grad 2.528 | lr 4.96e-05
  batch 18200/24569 | ce 4.1458 | cov 0.5635 | λ_cov=0.5 | grad 4.498 | lr 4.96e-05
  batch 18300/24569 | ce 4.1345 | cov 0.5783 | λ_cov=0.5 | grad 26.151 | lr 4.96e-05
  batch 18400/24569 | ce 3.9467 | cov 0.5660 | λ_cov=0.5 | grad 2.378 | lr 4.96e-05
  batch 18500/24569 | ce 4.2110 | cov 0.5616 | λ_cov=0.5 | grad 2.938 | lr 4.96e-05
  batch 18600/24569 | ce 4.1772 | cov 0.5717 | λ_cov=0.5 | grad 2.721 | lr 4.96e-05
  batch 18700/24569 | ce 4.0408 | cov 0.5616 | λ_cov=0.5 | grad 4.026 | lr 4.96e-05
  batch 18800/24569 | ce 4.3868 | cov 0.5820 | λ_cov=0.5 | grad 2.508 | lr 4.96e-05
  batch 18900/24569 | ce 3.9364 | cov 0.5558 | λ_cov=0.5 | grad 2.901 | lr 4.96e-05
  batch 19000/24569 | ce 4.2609 | cov 0.5621 | λ_cov=0.5 | grad 3.132 | lr 4.96e-05
  batch 19100/24569 | ce 4.0259 | cov 0.5891 | λ_cov=0.5 | grad 3.243 | lr 4.96e-05
  batch 19200/24569 | ce 4.0279 | cov 0.5748 | λ_cov=0.5 | grad 3.100 | lr 4.96e-05
  batch 19300/24569 | ce 3.9517 | cov 0.5582 | λ_cov=0.5 | grad 2.781 | lr 4.96e-05
  batch 19400/24569 | ce 4.3217 | cov 0.5967 | λ_cov=0.5 | grad 2.433 | lr 4.96e-05
  batch 19500/24569 | ce 4.5383 | cov 0.5788 | λ_cov=0.5 | grad 2.481 | lr 4.96e-05
  batch 19600/24569 | ce 3.9903 | cov 0.5586 | λ_cov=0.5 | grad 2.884 | lr 4.96e-05
  batch 19700/24569 | ce 4.1522 | cov 0.5779 | λ_cov=0.5 | grad 2.540 | lr 4.96e-05
  batch 19800/24569 | ce 4.0242 | cov 0.5480 | λ_cov=0.5 | grad 2.661 | lr 4.95e-05
  batch 19900/24569 | ce 4.3106 | cov 0.5644 | λ_cov=0.5 | grad 2.579 | lr 4.95e-05
  batch 20000/24569 | ce 4.1566 | cov 0.5700 | λ_cov=0.5 | grad 2.570 | lr 4.95e-05
  batch 20100/24569 | ce 4.2985 | cov 0.5642 | λ_cov=0.5 | grad 2.951 | lr 4.95e-05
  batch 20200/24569 | ce 4.0924 | cov 0.5739 | λ_cov=0.5 | grad 2.491 | lr 4.95e-05
  batch 20300/24569 | ce 4.0590 | cov 0.5650 | λ_cov=0.5 | grad 2.438 | lr 4.95e-05
  batch 20400/24569 | ce 3.9706 | cov 0.5564 | λ_cov=0.5 | grad 2.504 | lr 4.95e-05
  batch 20500/24569 | ce 4.1657 | cov 0.5536 | λ_cov=0.5 | grad 2.882 | lr 4.95e-05
  batch 20600/24569 | ce 4.0745 | cov 0.5740 | λ_cov=0.5 | grad 2.704 | lr 4.95e-05
  batch 20700/24569 | ce 4.1842 | cov 0.5734 | λ_cov=0.5 | grad 2.756 | lr 4.95e-05
  batch 20800/24569 | ce 3.7413 | cov 0.5399 | λ_cov=0.5 | grad 2.784 | lr 4.95e-05
  batch 20900/24569 | ce 4.1072 | cov 0.5562 | λ_cov=0.5 | grad 2.527 | lr 4.95e-05
  batch 21000/24569 | ce 3.7551 | cov 0.5471 | λ_cov=0.5 | grad 2.616 | lr 4.95e-05
  batch 21100/24569 | ce 4.1415 | cov 0.5450 | λ_cov=0.5 | grad 2.503 | lr 4.95e-05
  batch 21200/24569 | ce 4.1282 | cov 0.5657 | λ_cov=0.5 | grad 2.606 | lr 4.95e-05
  batch 21300/24569 | ce 3.7554 | cov 0.5548 | λ_cov=0.5 | grad 2.655 | lr 4.95e-05
  batch 21400/24569 | ce 4.1230 | cov 0.5677 | λ_cov=0.5 | grad 2.455 | lr 4.95e-05
  batch 21500/24569 | ce 4.0766 | cov 0.5698 | λ_cov=0.5 | grad 2.512 | lr 4.95e-05
  batch 21600/24569 | ce 4.1980 | cov 0.5512 | λ_cov=0.5 | grad 2.639 | lr 4.95e-05
  batch 21700/24569 | ce 4.0250 | cov 0.5796 | λ_cov=0.5 | grad 3.234 | lr 4.95e-05
  batch 21800/24569 | ce 4.1334 | cov 0.5647 | λ_cov=0.5 | grad 3.344 | lr 4.94e-05
  batch 21900/24569 | ce 3.9057 | cov 0.5658 | λ_cov=0.5 | grad 2.765 | lr 4.94e-05
  batch 22000/24569 | ce 4.2428 | cov 0.5575 | λ_cov=0.5 | grad 3.654 | lr 4.94e-05
  batch 22100/24569 | ce 3.6856 | cov 0.5618 | λ_cov=0.5 | grad 2.398 | lr 4.94e-05
  batch 22200/24569 | ce 4.0022 | cov 0.5590 | λ_cov=0.5 | grad 2.978 | lr 4.94e-05
  batch 22300/24569 | ce 3.8947 | cov 0.5526 | λ_cov=0.5 | grad 2.880 | lr 4.94e-05
  batch 22400/24569 | ce 4.1679 | cov 0.5563 | λ_cov=0.5 | grad 2.499 | lr 4.94e-05
  batch 22500/24569 | ce 3.9845 | cov 0.5687 | λ_cov=0.5 | grad 5.151 | lr 4.94e-05
  batch 22600/24569 | ce 3.8600 | cov 0.5658 | λ_cov=0.5 | grad 2.401 | lr 4.94e-05
  batch 22700/24569 | ce 4.0036 | cov 0.5541 | λ_cov=0.5 | grad 2.556 | lr 4.94e-05
  batch 22800/24569 | ce 4.1137 | cov 0.5432 | λ_cov=0.5 | grad 2.761 | lr 4.94e-05
  batch 22900/24569 | ce 3.9967 | cov 0.5453 | λ_cov=0.5 | grad 2.285 | lr 4.94e-05
  batch 23000/24569 | ce 3.6240 | cov 0.5450 | λ_cov=0.5 | grad 2.409 | lr 4.94e-05
  batch 23100/24569 | ce 4.2278 | cov 0.5655 | λ_cov=0.5 | grad 2.477 | lr 4.94e-05
  batch 23200/24569 | ce 3.7523 | cov 0.5702 | λ_cov=0.5 | grad 2.685 | lr 4.94e-05
  batch 23300/24569 | ce 4.0040 | cov 0.5757 | λ_cov=0.5 | grad 2.432 | lr 4.94e-05
  batch 23400/24569 | ce 4.1439 | cov 0.5580 | λ_cov=0.5 | grad 2.520 | lr 4.94e-05
  batch 23500/24569 | ce 4.2390 | cov 0.5553 | λ_cov=0.5 | grad 2.900 | lr 4.94e-05
  batch 23600/24569 | ce 3.7786 | cov 0.5328 | λ_cov=0.5 | grad 2.667 | lr 4.94e-05
  batch 23700/24569 | ce 4.1540 | cov 0.5580 | λ_cov=0.5 | grad 2.408 | lr 4.93e-05
  batch 23800/24569 | ce 4.1296 | cov 0.5554 | λ_cov=0.5 | grad 2.808 | lr 4.93e-05
  batch 23900/24569 | ce 3.9848 | cov 0.5733 | λ_cov=0.5 | grad 2.465 | lr 4.93e-05
  batch 24000/24569 | ce 3.7078 | cov 0.5728 | λ_cov=0.5 | grad 2.603 | lr 4.93e-05
  batch 24100/24569 | ce 4.1030 | cov 0.5614 | λ_cov=0.5 | grad 2.573 | lr 4.93e-05
  batch 24200/24569 | ce 3.7234 | cov 0.5705 | λ_cov=0.5 | grad 2.477 | lr 4.93e-05
  batch 24300/24569 | ce 3.8243 | cov 0.5521 | λ_cov=0.5 | grad 2.710 | lr 4.93e-05
  batch 24400/24569 | ce 4.1951 | cov 0.5568 | λ_cov=0.5 | grad 2.670 | lr 4.93e-05
  batch 24500/24569 | ce 3.9823 | cov 0.5501 | λ_cov=0.5 | grad 2.425 | lr 4.93e-05

Epoch 3/15 | time: 62.6min | unfreeze stage 3 | trainable 32,413,184
  train ce loss: 4.0936
  coverage loss: 0.5856  (λ=0.5)
    legal_chunk  : 4.3763
    second_pass  : 2.5000
    arxiv_anchor : 5.4869
    cnn_anchor   : 5.9493
  val loss     : 3.8821
  perplexity   : 48.52
  lr           : 4.93e-05
  sample       : On May 23, 2013, the City of Montgomery filed this lawsuit in the U.S. District Court for the Southern District of Alabama against the City of Montgomery against the City of Montgomery against the Cit
  reference    : On March 8th, 2014, several citizens of Montgomery, Alabama, who had been imprisoned for failing to pay traffic fines, filed a lawsuit in the U.S. District Court for the Middle District of Alabama, un
  >> new best val loss — saved stage3_best.pt
  >> BELOW Stage 2 val loss (4.3827)
  batch   100/24569 | ce 3.9251 | cov 0.5551 | λ_cov=0.5 | grad 2.728 | lr 4.93e-05
  batch   200/24569 | ce 4.2528 | cov 0.5453 | λ_cov=0.5 | grad 2.654 | lr 4.93e-05
  batch   300/24569 | ce 4.3498 | cov 0.5603 | λ_cov=0.5 | grad 3.095 | lr 4.93e-05
  batch   400/24569 | ce 3.9085 | cov 0.5469 | λ_cov=0.5 | grad 2.688 | lr 4.93e-05
  batch   500/24569 | ce 4.0871 | cov 0.5415 | λ_cov=0.5 | grad 2.611 | lr 4.93e-05
  batch   600/24569 | ce 3.9842 | cov 0.5653 | λ_cov=0.5 | grad 2.710 | lr 4.93e-05
  batch   700/24569 | ce 4.2014 | cov 0.5641 | λ_cov=0.5 | grad 2.753 | lr 4.93e-05
  batch   800/24569 | ce 4.0786 | cov 0.5484 | λ_cov=0.5 | grad 2.792 | lr 4.93e-05
  batch   900/24569 | ce 3.7967 | cov 0.5408 | λ_cov=0.5 | grad 3.258 | lr 4.92e-05
  batch  1000/24569 | ce 3.6492 | cov 0.5444 | λ_cov=0.5 | grad 2.530 | lr 4.92e-05
  batch  1100/24569 | ce 3.9963 | cov 0.5584 | λ_cov=0.5 | grad 3.037 | lr 4.92e-05
  batch  1200/24569 | ce 4.0089 | cov 0.5559 | λ_cov=0.5 | grad 2.627 | lr 4.92e-05
  batch  1300/24569 | ce 4.0598 | cov 0.5527 | λ_cov=0.5 | grad 2.911 | lr 4.92e-05
  batch  1400/24569 | ce 3.8324 | cov 0.5447 | λ_cov=0.5 | grad 2.707 | lr 4.92e-05
  batch  1500/24569 | ce 3.8667 | cov 0.5493 | λ_cov=0.5 | grad 2.806 | lr 4.92e-05
  batch  1600/24569 | ce 3.9392 | cov 0.5605 | λ_cov=0.5 | grad 3.609 | lr 4.92e-05
  batch  1700/24569 | ce 4.0081 | cov 0.5696 | λ_cov=0.5 | grad 2.596 | lr 4.92e-05
  batch  1800/24569 | ce 4.0635 | cov 0.5501 | λ_cov=0.5 | grad 2.596 | lr 4.92e-05
  batch  1900/24569 | ce 4.3627 | cov 0.5775 | λ_cov=0.5 | grad 2.834 | lr 4.92e-05
  batch  2000/24569 | ce 3.7230 | cov 0.5551 | λ_cov=0.5 | grad 2.314 | lr 4.92e-05
  batch  2100/24569 | ce 3.9375 | cov 0.5728 | λ_cov=0.5 | grad 3.072 | lr 4.92e-05
  batch  2200/24569 | ce 3.9456 | cov 0.5606 | λ_cov=0.5 | grad 3.524 | lr 4.92e-05
  batch  2300/24569 | ce 4.0593 | cov 0.5470 | λ_cov=0.5 | grad 2.486 | lr 4.92e-05
  batch  2400/24569 | ce 4.1167 | cov 0.5575 | λ_cov=0.5 | grad 2.809 | lr 4.92e-05
  batch  2500/24569 | ce 4.1206 | cov 0.5590 | λ_cov=0.5 | grad 2.636 | lr 4.91e-05
  batch  2600/24569 | ce 3.9272 | cov 0.5503 | λ_cov=0.5 | grad 3.595 | lr 4.91e-05
  batch  2700/24569 | ce 3.9391 | cov 0.5553 | λ_cov=0.5 | grad 3.542 | lr 4.91e-05
  batch  2800/24569 | ce 3.7407 | cov 0.5465 | λ_cov=0.5 | grad 2.687 | lr 4.91e-05
  batch  2900/24569 | ce 4.1694 | cov 0.5700 | λ_cov=0.5 | grad 2.504 | lr 4.91e-05
  batch  3000/24569 | ce 4.1109 | cov 0.5602 | λ_cov=0.5 | grad 2.542 | lr 4.91e-05
  batch  3100/24569 | ce 4.1020 | cov 0.5462 | λ_cov=0.5 | grad 2.863 | lr 4.91e-05
  batch  3200/24569 | ce 4.1465 | cov 0.5547 | λ_cov=0.5 | grad 3.406 | lr 4.91e-05
  batch  3300/24569 | ce 3.7739 | cov 0.5593 | λ_cov=0.5 | grad 2.503 | lr 4.91e-05
  batch  3400/24569 | ce 3.7282 | cov 0.5530 | λ_cov=0.5 | grad 2.420 | lr 4.91e-05
  batch  3500/24569 | ce 4.4291 | cov 0.5615 | λ_cov=0.5 | grad 2.858 | lr 4.91e-05
  batch  3600/24569 | ce 4.3572 | cov 0.5619 | λ_cov=0.5 | grad 2.702 | lr 4.91e-05
  batch  3700/24569 | ce 3.9384 | cov 0.5317 | λ_cov=0.5 | grad 2.361 | lr 4.91e-05
  batch  3800/24569 | ce 4.0924 | cov 0.5590 | λ_cov=0.5 | grad 2.659 | lr 4.91e-05
  batch  3900/24569 | ce 3.7927 | cov 0.5362 | λ_cov=0.5 | grad 2.448 | lr 4.91e-05
  batch  4000/24569 | ce 3.9891 | cov 0.5457 | λ_cov=0.5 | grad 4.479 | lr 4.91e-05
  batch  4100/24569 | ce 4.2268 | cov 0.5594 | λ_cov=0.5 | grad 2.569 | lr 4.90e-05
  batch  4200/24569 | ce 3.7718 | cov 0.5331 | λ_cov=0.5 | grad 2.535 | lr 4.90e-05
  batch  4300/24569 | ce 4.0635 | cov 0.5576 | λ_cov=0.5 | grad 2.511 | lr 4.90e-05
  batch  4400/24569 | ce 3.7049 | cov 0.5449 | λ_cov=0.5 | grad 2.543 | lr 4.90e-05
  batch  4500/24569 | ce 4.0617 | cov 0.5524 | λ_cov=0.5 | grad 2.534 | lr 4.90e-05
  batch  4600/24569 | ce 3.9295 | cov 0.5564 | λ_cov=0.5 | grad 2.530 | lr 4.90e-05
  batch  4700/24569 | ce 3.9529 | cov 0.5613 | λ_cov=0.5 | grad 2.589 | lr 4.90e-05
  batch  4800/24569 | ce 4.2169 | cov 0.5642 | λ_cov=0.5 | grad 2.515 | lr 4.90e-05
  batch  4900/24569 | ce 4.1762 | cov 0.5586 | λ_cov=0.5 | grad 2.589 | lr 4.90e-05
  batch  5000/24569 | ce 4.1745 | cov 0.5463 | λ_cov=0.5 | grad 2.797 | lr 4.90e-05
  batch  5100/24569 | ce 4.1209 | cov 0.5482 | λ_cov=0.5 | grad 2.667 | lr 4.90e-05
  batch  5200/24569 | ce 3.9501 | cov 0.5487 | λ_cov=0.5 | grad 2.463 | lr 4.90e-05
  batch  5300/24569 | ce 4.1748 | cov 0.5535 | λ_cov=0.5 | grad 2.700 | lr 4.90e-05
  batch  5400/24569 | ce 3.9991 | cov 0.5433 | λ_cov=0.5 | grad 2.470 | lr 4.90e-05
  batch  5500/24569 | ce 3.8894 | cov 0.5656 | λ_cov=0.5 | grad 2.611 | lr 4.89e-05
  batch  5600/24569 | ce 3.7803 | cov 0.5380 | λ_cov=0.5 | grad 2.391 | lr 4.89e-05
  batch  5700/24569 | ce 3.8536 | cov 0.5331 | λ_cov=0.5 | grad 2.459 | lr 4.89e-05
  batch  5800/24569 | ce 3.8480 | cov 0.5458 | λ_cov=0.5 | grad 3.253 | lr 4.89e-05
  batch  5900/24569 | ce 3.8504 | cov 0.5566 | λ_cov=0.5 | grad 3.367 | lr 4.89e-05
  batch  6000/24569 | ce 4.3793 | cov 0.5657 | λ_cov=0.5 | grad 2.966 | lr 4.89e-05
  batch  6100/24569 | ce 3.8286 | cov 0.5483 | λ_cov=0.5 | grad 2.454 | lr 4.89e-05
  batch  6200/24569 | ce 4.0563 | cov 0.5591 | λ_cov=0.5 | grad 3.271 | lr 4.89e-05
  batch  6300/24569 | ce 4.3025 | cov 0.5647 | λ_cov=0.5 | grad 2.467 | lr 4.89e-05
  batch  6400/24569 | ce 3.9654 | cov 0.5319 | λ_cov=0.5 | grad 2.831 | lr 4.89e-05
  batch  6500/24569 | ce 4.3055 | cov 0.5729 | λ_cov=0.5 | grad 2.926 | lr 4.89e-05
  batch  6600/24569 | ce 3.7854 | cov 0.5513 | λ_cov=0.5 | grad 2.477 | lr 4.89e-05
  batch  6700/24569 | ce 3.8093 | cov 0.5438 | λ_cov=0.5 | grad 4.623 | lr 4.89e-05
  batch  6800/24569 | ce 3.7799 | cov 0.5535 | λ_cov=0.5 | grad 2.325 | lr 4.89e-05
  batch  6900/24569 | ce 3.7167 | cov 0.5573 | λ_cov=0.5 | grad 2.442 | lr 4.88e-05
  batch  7000/24569 | ce 4.0746 | cov 0.5476 | λ_cov=0.5 | grad 2.769 | lr 4.88e-05
  batch  7100/24569 | ce 4.0919 | cov 0.5582 | λ_cov=0.5 | grad 2.771 | lr 4.88e-05
  batch  7200/24569 | ce 4.0612 | cov 0.5765 | λ_cov=0.5 | grad 2.317 | lr 4.88e-05
  batch  7300/24569 | ce 4.1220 | cov 0.5558 | λ_cov=0.5 | grad 2.957 | lr 4.88e-05
  batch  7400/24569 | ce 3.8406 | cov 0.5317 | λ_cov=0.5 | grad 5.965 | lr 4.88e-05
  batch  7500/24569 | ce 4.1071 | cov 0.5530 | λ_cov=0.5 | grad 2.712 | lr 4.88e-05
  batch  7600/24569 | ce 4.1433 | cov 0.5611 | λ_cov=0.5 | grad 2.742 | lr 4.88e-05
  batch  7700/24569 | ce 3.8511 | cov 0.5366 | λ_cov=0.5 | grad 3.063 | lr 4.88e-05
  batch  7800/24569 | ce 4.0190 | cov 0.5421 | λ_cov=0.5 | grad 2.753 | lr 4.88e-05
  batch  7900/24569 | ce 4.0456 | cov 0.5690 | λ_cov=0.5 | grad 4.112 | lr 4.88e-05
  batch  8000/24569 | ce 3.8092 | cov 0.5422 | λ_cov=0.5 | grad 2.823 | lr 4.88e-05
  batch  8100/24569 | ce 4.0475 | cov 0.5676 | λ_cov=0.5 | grad 2.671 | lr 4.88e-05
  batch  8200/24569 | ce 4.0351 | cov 0.5476 | λ_cov=0.5 | grad 2.470 | lr 4.88e-05
  batch  8300/24569 | ce 4.1748 | cov 0.5682 | λ_cov=0.5 | grad 2.454 | lr 4.87e-05
  batch  8400/24569 | ce 3.9282 | cov 0.5306 | λ_cov=0.5 | grad 2.354 | lr 4.87e-05
  batch  8500/24569 | ce 3.8149 | cov 0.5416 | λ_cov=0.5 | grad 2.857 | lr 4.87e-05
  batch  8600/24569 | ce 4.0336 | cov 0.5608 | λ_cov=0.5 | grad 2.677 | lr 4.87e-05
  batch  8700/24569 | ce 4.0175 | cov 0.5310 | λ_cov=0.5 | grad 2.516 | lr 4.87e-05
  batch  8800/24569 | ce 3.9964 | cov 0.5425 | λ_cov=0.5 | grad 3.256 | lr 4.87e-05
  batch  8900/24569 | ce 4.1587 | cov 0.5571 | λ_cov=0.5 | grad 14.513 | lr 4.87e-05
  batch  9000/24569 | ce 4.0330 | cov 0.5475 | λ_cov=0.5 | grad 2.741 | lr 4.87e-05
  batch  9100/24569 | ce 3.9665 | cov 0.5525 | λ_cov=0.5 | grad 2.611 | lr 4.87e-05
  batch  9200/24569 | ce 4.1048 | cov 0.5594 | λ_cov=0.5 | grad 3.367 | lr 4.87e-05
  batch  9300/24569 | ce 3.8056 | cov 0.5473 | λ_cov=0.5 | grad 2.514 | lr 4.87e-05
  batch  9400/24569 | ce 3.9069 | cov 0.5417 | λ_cov=0.5 | grad 2.877 | lr 4.87e-05
  batch  9500/24569 | ce 4.0365 | cov 0.5716 | λ_cov=0.5 | grad 2.447 | lr 4.87e-05
  batch  9600/24569 | ce 3.6718 | cov 0.5425 | λ_cov=0.5 | grad 2.522 | lr 4.86e-05
  batch  9700/24569 | ce 3.9192 | cov 0.5327 | λ_cov=0.5 | grad 2.514 | lr 4.86e-05
  batch  9800/24569 | ce 3.6797 | cov 0.5446 | λ_cov=0.5 | grad 3.160 | lr 4.86e-05
  batch  9900/24569 | ce 4.0046 | cov 0.5355 | λ_cov=0.5 | grad 2.546 | lr 4.86e-05
  batch 10000/24569 | ce 4.0822 | cov 0.5674 | λ_cov=0.5 | grad 2.858 | lr 4.86e-05
  batch 10100/24569 | ce 4.0345 | cov 0.5492 | λ_cov=0.5 | grad 2.716 | lr 4.86e-05
  batch 10200/24569 | ce 4.0428 | cov 0.5672 | λ_cov=0.5 | grad 5.222 | lr 4.86e-05
  batch 10300/24569 | ce 4.3843 | cov 0.5579 | λ_cov=0.5 | grad 2.497 | lr 4.86e-05
  batch 10400/24569 | ce 4.0052 | cov 0.5528 | λ_cov=0.5 | grad 2.413 | lr 4.86e-05
  batch 10500/24569 | ce 4.0283 | cov 0.5555 | λ_cov=0.5 | grad 2.607 | lr 4.86e-05
  batch 10600/24569 | ce 3.9380 | cov 0.5428 | λ_cov=0.5 | grad 2.466 | lr 4.86e-05
  batch 10700/24569 | ce 4.1278 | cov 0.5720 | λ_cov=0.5 | grad 2.561 | lr 4.86e-05
  batch 10800/24569 | ce 4.0159 | cov 0.5545 | λ_cov=0.5 | grad 3.012 | lr 4.85e-05
  batch 10900/24569 | ce 4.0793 | cov 0.5522 | λ_cov=0.5 | grad 3.221 | lr 4.85e-05
  batch 11000/24569 | ce 3.7082 | cov 0.5424 | λ_cov=0.5 | grad 2.887 | lr 4.85e-05
  batch 11100/24569 | ce 4.0106 | cov 0.5445 | λ_cov=0.5 | grad 2.126 | lr 4.85e-05
  batch 11200/24569 | ce 3.8412 | cov 0.5402 | λ_cov=0.5 | grad 2.619 | lr 4.85e-05
  batch 11300/24569 | ce 3.9853 | cov 0.5506 | λ_cov=0.5 | grad 8.580 | lr 4.85e-05
  batch 11400/24569 | ce 4.1274 | cov 0.5440 | λ_cov=0.5 | grad 2.525 | lr 4.85e-05
  batch 11500/24569 | ce 3.8762 | cov 0.5553 | λ_cov=0.5 | grad 2.621 | lr 4.85e-05
  batch 11600/24569 | ce 3.8851 | cov 0.5387 | λ_cov=0.5 | grad 2.562 | lr 4.85e-05
  batch 11700/24569 | ce 3.9745 | cov 0.5318 | λ_cov=0.5 | grad 2.476 | lr 4.85e-05
  batch 11800/24569 | ce 3.8254 | cov 0.5456 | λ_cov=0.5 | grad 2.560 | lr 4.85e-05
  batch 11900/24569 | ce 4.0558 | cov 0.5569 | λ_cov=0.5 | grad 2.725 | lr 4.85e-05
  batch 12000/24569 | ce 3.9248 | cov 0.5327 | λ_cov=0.5 | grad 2.615 | lr 4.84e-05
  batch 12100/24569 | ce 3.9743 | cov 0.5578 | λ_cov=0.5 | grad 10.265 | lr 4.84e-05
  batch 12200/24569 | ce 3.7225 | cov 0.5317 | λ_cov=0.5 | grad 2.981 | lr 4.84e-05
  batch 12300/24569 | ce 4.0133 | cov 0.5407 | λ_cov=0.5 | grad 2.554 | lr 4.84e-05
  batch 12400/24569 | ce 4.1163 | cov 0.5211 | λ_cov=0.5 | grad 2.780 | lr 4.84e-05
  batch 12500/24569 | ce 4.0262 | cov 0.5467 | λ_cov=0.5 | grad 2.634 | lr 4.84e-05
  batch 12600/24569 | ce 4.0575 | cov 0.5357 | λ_cov=0.5 | grad 4.556 | lr 4.84e-05
  batch 12700/24569 | ce 4.1361 | cov 0.5289 | λ_cov=0.5 | grad 2.360 | lr 4.84e-05
  batch 12800/24569 | ce 4.0480 | cov 0.5462 | λ_cov=0.5 | grad 2.632 | lr 4.84e-05
  batch 12900/24569 | ce 4.1831 | cov 0.5563 | λ_cov=0.5 | grad 2.571 | lr 4.84e-05
  batch 13000/24569 | ce 3.9013 | cov 0.5455 | λ_cov=0.5 | grad 2.679 | lr 4.84e-05
  batch 13100/24569 | ce 4.0814 | cov 0.5429 | λ_cov=0.5 | grad 2.678 | lr 4.84e-05
  batch 13200/24569 | ce 4.0965 | cov 0.5466 | λ_cov=0.5 | grad 2.474 | lr 4.83e-05
  batch 13300/24569 | ce 3.8174 | cov 0.5209 | λ_cov=0.5 | grad 2.641 | lr 4.83e-05
  batch 13400/24569 | ce 3.8635 | cov 0.5393 | λ_cov=0.5 | grad 2.846 | lr 4.83e-05
  batch 13500/24569 | ce 4.3180 | cov 0.5557 | λ_cov=0.5 | grad 2.486 | lr 4.83e-05
  batch 13600/24569 | ce 3.9215 | cov 0.5432 | λ_cov=0.5 | grad 2.411 | lr 4.83e-05
  batch 13700/24569 | ce 3.9045 | cov 0.5498 | λ_cov=0.5 | grad 2.303 | lr 4.83e-05
  batch 13800/24569 | ce 3.7323 | cov 0.5390 | λ_cov=0.5 | grad 3.116 | lr 4.83e-05
  batch 13900/24569 | ce 3.7948 | cov 0.5498 | λ_cov=0.5 | grad 2.670 | lr 4.83e-05
  batch 14000/24569 | ce 4.1264 | cov 0.5627 | λ_cov=0.5 | grad 2.835 | lr 4.83e-05
  batch 14100/24569 | ce 3.7264 | cov 0.5598 | λ_cov=0.5 | grad 2.927 | lr 4.83e-05
  batch 14200/24569 | ce 3.9445 | cov 0.5513 | λ_cov=0.5 | grad 2.544 | lr 4.83e-05
  batch 14300/24569 | ce 4.3984 | cov 0.5651 | λ_cov=0.5 | grad 2.505 | lr 4.82e-05
  batch 14400/24569 | ce 3.8839 | cov 0.5525 | λ_cov=0.5 | grad 2.377 | lr 4.82e-05
  batch 14500/24569 | ce 4.1341 | cov 0.5599 | λ_cov=0.5 | grad 2.931 | lr 4.82e-05
  batch 14600/24569 | ce 3.9232 | cov 0.5241 | λ_cov=0.5 | grad 2.798 | lr 4.82e-05
  batch 14700/24569 | ce 4.1820 | cov 0.5599 | λ_cov=0.5 | grad 2.612 | lr 4.82e-05
  batch 14800/24569 | ce 4.0797 | cov 0.5631 | λ_cov=0.5 | grad 2.472 | lr 4.82e-05
  batch 14900/24569 | ce 3.9394 | cov 0.5583 | λ_cov=0.5 | grad 3.903 | lr 4.82e-05
  batch 15000/24569 | ce 4.2155 | cov 0.5564 | λ_cov=0.5 | grad 2.658 | lr 4.82e-05
  batch 15100/24569 | ce 3.8375 | cov 0.5417 | λ_cov=0.5 | grad 2.826 | lr 4.82e-05
  batch 15200/24569 | ce 4.0672 | cov 0.5515 | λ_cov=0.5 | grad 2.423 | lr 4.82e-05
  batch 15300/24569 | ce 4.1702 | cov 0.5364 | λ_cov=0.5 | grad 4.413 | lr 4.82e-05
  batch 15400/24569 | ce 3.9413 | cov 0.5596 | λ_cov=0.5 | grad 2.335 | lr 4.81e-05
  batch 15500/24569 | ce 3.9462 | cov 0.5382 | λ_cov=0.5 | grad 2.705 | lr 4.81e-05
  batch 15600/24569 | ce 4.3117 | cov 0.5408 | λ_cov=0.5 | grad 2.485 | lr 4.81e-05
  batch 15700/24569 | ce 4.0239 | cov 0.5252 | λ_cov=0.5 | grad 2.551 | lr 4.81e-05
  batch 15800/24569 | ce 3.7914 | cov 0.5321 | λ_cov=0.5 | grad 2.619 | lr 4.81e-05
  batch 15900/24569 | ce 3.9443 | cov 0.5532 | λ_cov=0.5 | grad 2.506 | lr 4.81e-05
  batch 16000/24569 | ce 3.9573 | cov 0.5529 | λ_cov=0.5 | grad 2.487 | lr 4.81e-05
  batch 16100/24569 | ce 4.2231 | cov 0.5541 | λ_cov=0.5 | grad 2.742 | lr 4.81e-05
  batch 16200/24569 | ce 3.9973 | cov 0.5313 | λ_cov=0.5 | grad 2.895 | lr 4.81e-05
  batch 16300/24569 | ce 4.0437 | cov 0.5259 | λ_cov=0.5 | grad 2.864 | lr 4.81e-05
  batch 16400/24569 | ce 4.1050 | cov 0.5485 | λ_cov=0.5 | grad 2.485 | lr 4.81e-05
  batch 16500/24569 | ce 3.9146 | cov 0.5258 | λ_cov=0.5 | grad 2.590 | lr 4.80e-05
  batch 16600/24569 | ce 3.7442 | cov 0.5251 | λ_cov=0.5 | grad 2.476 | lr 4.80e-05
  batch 16700/24569 | ce 3.8419 | cov 0.5730 | λ_cov=0.5 | grad 2.800 | lr 4.80e-05
  batch 16800/24569 | ce 3.9093 | cov 0.5345 | λ_cov=0.5 | grad 2.383 | lr 4.80e-05
  batch 16900/24569 | ce 4.0137 | cov 0.5284 | λ_cov=0.5 | grad 2.781 | lr 4.80e-05
  batch 17000/24569 | ce 3.9871 | cov 0.5355 | λ_cov=0.5 | grad 2.518 | lr 4.80e-05
  batch 17100/24569 | ce 3.7376 | cov 0.5247 | λ_cov=0.5 | grad 3.596 | lr 4.80e-05
  batch 17200/24569 | ce 4.1221 | cov 0.5640 | λ_cov=0.5 | grad 2.444 | lr 4.80e-05
  batch 17300/24569 | ce 3.9695 | cov 0.5353 | λ_cov=0.5 | grad 2.368 | lr 4.80e-05
  batch 17400/24569 | ce 3.9378 | cov 0.5494 | λ_cov=0.5 | grad 3.936 | lr 4.80e-05
  batch 17500/24569 | ce 3.9352 | cov 0.5370 | λ_cov=0.5 | grad 2.856 | lr 4.79e-05
  batch 17600/24569 | ce 4.1405 | cov 0.5344 | λ_cov=0.5 | grad 2.322 | lr 4.79e-05
  batch 17700/24569 | ce 3.7837 | cov 0.5390 | λ_cov=0.5 | grad 2.479 | lr 4.79e-05
  batch 17800/24569 | ce 4.0680 | cov 0.5444 | λ_cov=0.5 | grad 2.541 | lr 4.79e-05
  batch 17900/24569 | ce 3.7792 | cov 0.5414 | λ_cov=0.5 | grad 2.499 | lr 4.79e-05
  batch 18000/24569 | ce 4.0832 | cov 0.5604 | λ_cov=0.5 | grad 2.405 | lr 4.79e-05
  batch 18100/24569 | ce 3.8748 | cov 0.5399 | λ_cov=0.5 | grad 2.787 | lr 4.79e-05
  batch 18200/24569 | ce 4.0499 | cov 0.5382 | λ_cov=0.5 | grad 2.601 | lr 4.79e-05
  batch 18300/24569 | ce 3.8450 | cov 0.5477 | λ_cov=0.5 | grad 2.626 | lr 4.79e-05
  batch 18400/24569 | ce 3.8570 | cov 0.5644 | λ_cov=0.5 | grad 2.440 | lr 4.79e-05
  batch 18500/24569 | ce 3.9954 | cov 0.5366 | λ_cov=0.5 | grad 2.495 | lr 4.79e-05
  batch 18600/24569 | ce 3.9409 | cov 0.5546 | λ_cov=0.5 | grad 2.430 | lr 4.78e-05
  batch 18700/24569 | ce 4.0986 | cov 0.5489 | λ_cov=0.5 | grad 2.293 | lr 4.78e-05
  batch 18800/24569 | ce 3.9245 | cov 0.5445 | λ_cov=0.5 | grad 2.447 | lr 4.78e-05
  batch 18900/24569 | ce 4.0585 | cov 0.5500 | λ_cov=0.5 | grad 2.756 | lr 4.78e-05
  batch 19000/24569 | ce 4.0100 | cov 0.5558 | λ_cov=0.5 | grad 2.541 | lr 4.78e-05
  batch 19100/24569 | ce 3.8059 | cov 0.5458 | λ_cov=0.5 | grad 2.446 | lr 4.78e-05
  batch 19200/24569 | ce 3.7617 | cov 0.5324 | λ_cov=0.5 | grad 2.344 | lr 4.78e-05
  batch 19300/24569 | ce 3.9028 | cov 0.5206 | λ_cov=0.5 | grad 2.888 | lr 4.78e-05
  batch 19400/24569 | ce 4.0615 | cov 0.5411 | λ_cov=0.5 | grad 2.613 | lr 4.78e-05
  batch 19500/24569 | ce 4.2713 | cov 0.5886 | λ_cov=0.5 | grad 2.852 | lr 4.78e-05
  batch 19600/24569 | ce 4.0261 | cov 0.5489 | λ_cov=0.5 | grad 2.678 | lr 4.77e-05
  batch 19700/24569 | ce 3.8040 | cov 0.5264 | λ_cov=0.5 | grad 2.657 | lr 4.77e-05
  batch 19800/24569 | ce 3.9860 | cov 0.5261 | λ_cov=0.5 | grad 2.426 | lr 4.77e-05
  batch 19900/24569 | ce 4.2514 | cov 0.5410 | λ_cov=0.5 | grad 3.177 | lr 4.77e-05
  batch 20000/24569 | ce 3.8601 | cov 0.5422 | λ_cov=0.5 | grad 2.468 | lr 4.77e-05
  batch 20100/24569 | ce 3.9580 | cov 0.5373 | λ_cov=0.5 | grad 2.413 | lr 4.77e-05
  batch 20200/24569 | ce 4.0924 | cov 0.5373 | λ_cov=0.5 | grad 2.574 | lr 4.77e-05
  batch 20300/24569 | ce 4.3755 | cov 0.5442 | λ_cov=0.5 | grad 2.839 | lr 4.77e-05
  batch 20400/24569 | ce 4.0326 | cov 0.5525 | λ_cov=0.5 | grad 2.491 | lr 4.77e-05
  batch 20500/24569 | ce 3.7832 | cov 0.5381 | λ_cov=0.5 | grad 2.976 | lr 4.76e-05
  batch 20600/24569 | ce 4.0953 | cov 0.5313 | λ_cov=0.5 | grad 2.775 | lr 4.76e-05
  batch 20700/24569 | ce 3.7615 | cov 0.5339 | λ_cov=0.5 | grad 2.887 | lr 4.76e-05
  batch 20800/24569 | ce 4.0033 | cov 0.5405 | λ_cov=0.5 | grad 2.405 | lr 4.76e-05
  batch 20900/24569 | ce 3.9808 | cov 0.5476 | λ_cov=0.5 | grad 2.681 | lr 4.76e-05
  batch 21000/24569 | ce 3.8833 | cov 0.5482 | λ_cov=0.5 | grad 2.539 | lr 4.76e-05
  batch 21100/24569 | ce 4.1008 | cov 0.5358 | λ_cov=0.5 | grad 2.656 | lr 4.76e-05
  batch 21200/24569 | ce 3.9602 | cov 0.5503 | λ_cov=0.5 | grad 2.446 | lr 4.76e-05
  batch 21300/24569 | ce 3.9938 | cov 0.5521 | λ_cov=0.5 | grad 2.561 | lr 4.76e-05
  batch 21400/24569 | ce 4.2582 | cov 0.5627 | λ_cov=0.5 | grad 4.966 | lr 4.76e-05
  batch 21500/24569 | ce 3.6756 | cov 0.5434 | λ_cov=0.5 | grad 2.341 | lr 4.75e-05
  batch 21600/24569 | ce 3.9629 | cov 0.5298 | λ_cov=0.5 | grad 2.637 | lr 4.75e-05
  batch 21700/24569 | ce 3.9406 | cov 0.5328 | λ_cov=0.5 | grad 2.264 | lr 4.75e-05
  batch 21800/24569 | ce 4.0821 | cov 0.5520 | λ_cov=0.5 | grad 2.827 | lr 4.75e-05
  batch 21900/24569 | ce 3.8908 | cov 0.5413 | λ_cov=0.5 | grad 2.639 | lr 4.75e-05
  batch 22000/24569 | ce 3.9794 | cov 0.5559 | λ_cov=0.5 | grad 2.262 | lr 4.75e-05
  batch 22100/24569 | ce 4.1635 | cov 0.5246 | λ_cov=0.5 | grad 3.112 | lr 4.75e-05
  batch 22200/24569 | ce 4.0236 | cov 0.5657 | λ_cov=0.5 | grad 2.309 | lr 4.75e-05
  batch 22300/24569 | ce 3.9534 | cov 0.5463 | λ_cov=0.5 | grad 2.727 | lr 4.75e-05
  batch 22400/24569 | ce 4.0715 | cov 0.5320 | λ_cov=0.5 | grad 3.081 | lr 4.74e-05
  batch 22500/24569 | ce 4.3017 | cov 0.5584 | λ_cov=0.5 | grad 2.747 | lr 4.74e-05
  batch 22600/24569 | ce 3.9456 | cov 0.5310 | λ_cov=0.5 | grad 3.074 | lr 4.74e-05
  batch 22700/24569 | ce 4.1045 | cov 0.5673 | λ_cov=0.5 | grad 2.465 | lr 4.74e-05
  batch 22800/24569 | ce 3.9461 | cov 0.5392 | λ_cov=0.5 | grad 2.724 | lr 4.74e-05
  batch 22900/24569 | ce 3.7222 | cov 0.5355 | λ_cov=0.5 | grad 2.457 | lr 4.74e-05
  batch 23000/24569 | ce 4.0520 | cov 0.5442 | λ_cov=0.5 | grad 2.619 | lr 4.74e-05
  batch 23100/24569 | ce 3.8309 | cov 0.5317 | λ_cov=0.5 | grad 2.592 | lr 4.74e-05
  batch 23200/24569 | ce 3.8712 | cov 0.5509 | λ_cov=0.5 | grad 2.477 | lr 4.74e-05
  batch 23300/24569 | ce 3.9606 | cov 0.5648 | λ_cov=0.5 | grad 2.583 | lr 4.74e-05
  batch 23400/24569 | ce 3.9367 | cov 0.5277 | λ_cov=0.5 | grad 2.523 | lr 4.73e-05
  batch 23500/24569 | ce 3.9426 | cov 0.5735 | λ_cov=0.5 | grad 2.564 | lr 4.73e-05
  batch 23600/24569 | ce 4.0259 | cov 0.5233 | λ_cov=0.5 | grad 4.590 | lr 4.73e-05
  batch 23700/24569 | ce 3.9926 | cov 0.5273 | λ_cov=0.5 | grad 2.849 | lr 4.73e-05
  batch 23800/24569 | ce 3.6196 | cov 0.5291 | λ_cov=0.5 | grad 2.326 | lr 4.73e-05
  batch 23900/24569 | ce 4.0831 | cov 0.5431 | λ_cov=0.5 | grad 2.652 | lr 4.73e-05
  batch 24000/24569 | ce 3.9465 | cov 0.5333 | λ_cov=0.5 | grad 2.516 | lr 4.73e-05
  batch 24100/24569 | ce 4.3306 | cov 0.5745 | λ_cov=0.5 | grad 2.784 | lr 4.73e-05
  batch 24200/24569 | ce 3.8150 | cov 0.5283 | λ_cov=0.5 | grad 2.737 | lr 4.73e-05
  batch 24300/24569 | ce 4.1366 | cov 0.5561 | λ_cov=0.5 | grad 2.435 | lr 4.72e-05
  batch 24400/24569 | ce 3.7763 | cov 0.5240 | λ_cov=0.5 | grad 2.454 | lr 4.72e-05
  batch 24500/24569 | ce 4.1706 | cov 0.5338 | λ_cov=0.5 | grad 2.405 | lr 4.72e-05

Epoch 4/15 | time: 62.7min | unfreeze stage 3 | trainable 32,413,184
  train ce loss: 4.0097
  coverage loss: 0.5487  (λ=0.5)
    legal_chunk  : 4.2940
    second_pass  : 2.3831
    arxiv_anchor : 5.4522
    cnn_anchor   : 5.8952
  val loss     : 3.8218
  perplexity   : 45.69
  lr           : 4.72e-05
  sample       : On June 26, 2014, the plaintiffs filed a motion for a preliminary injunction, alleging that the City of Montgomery violated their rights under 42 U.S.C. § 1983 and the Due Process Clause of the Fourte
  reference    : On March 8th, 2014, several citizens of Montgomery, Alabama, who had been imprisoned for failing to pay traffic fines, filed a lawsuit in the U.S. District Court for the Middle District of Alabama, un
  >> new best val loss — saved stage3_best.pt
  >> BELOW Stage 2 val loss (4.3827)
  batch   100/24569 | ce 3.7852 | cov 0.5256 | λ_cov=0.5 | grad 2.647 | lr 4.72e-05
  batch   200/24569 | ce 3.6919 | cov 0.5241 | λ_cov=0.5 | grad 2.592 | lr 4.72e-05
  batch   300/24569 | ce 3.9914 | cov 0.5550 | λ_cov=0.5 | grad 5.861 | lr 4.72e-05
  batch   400/24569 | ce 3.9156 | cov 0.5501 | λ_cov=0.5 | grad 2.524 | lr 4.72e-05
  batch   500/24569 | ce 4.0177 | cov 0.5326 | λ_cov=0.5 | grad 3.094 | lr 4.72e-05
  batch   600/24569 | ce 4.0777 | cov 0.5204 | λ_cov=0.5 | grad 3.058 | lr 4.71e-05
  batch   700/24569 | ce 4.1053 | cov 0.5328 | λ_cov=0.5 | grad 2.503 | lr 4.71e-05
  batch   800/24569 | ce 3.8493 | cov 0.5382 | λ_cov=0.5 | grad 2.425 | lr 4.71e-05
  batch   900/24569 | ce 4.1366 | cov 0.5432 | λ_cov=0.5 | grad 2.596 | lr 4.71e-05
  batch  1000/24569 | ce 3.9397 | cov 0.5465 | λ_cov=0.5 | grad 2.948 | lr 4.71e-05
  batch  1100/24569 | ce 4.1398 | cov 0.5189 | λ_cov=0.5 | grad 2.920 | lr 4.71e-05
  batch  1200/24569 | ce 4.0583 | cov 0.5529 | λ_cov=0.5 | grad 2.798 | lr 4.71e-05
  batch  1300/24569 | ce 4.3585 | cov 0.5417 | λ_cov=0.5 | grad 2.558 | lr 4.71e-05
  batch  1400/24569 | ce 3.7692 | cov 0.5507 | λ_cov=0.5 | grad 2.469 | lr 4.71e-05
  batch  1500/24569 | ce 4.1494 | cov 0.5282 | λ_cov=0.5 | grad 2.690 | lr 4.70e-05
  batch  1600/24569 | ce 3.8932 | cov 0.5499 | λ_cov=0.5 | grad 2.820 | lr 4.70e-05
  batch  1700/24569 | ce 3.9511 | cov 0.5564 | λ_cov=0.5 | grad 2.600 | lr 4.70e-05
  batch  1800/24569 | ce 3.9021 | cov 0.5362 | λ_cov=0.5 | grad 2.727 | lr 4.70e-05
  batch  1900/24569 | ce 3.9722 | cov 0.5380 | λ_cov=0.5 | grad 2.495 | lr 4.70e-05
  batch  2000/24569 | ce 3.9607 | cov 0.5579 | λ_cov=0.5 | grad 3.457 | lr 4.70e-05
  batch  2100/24569 | ce 3.9928 | cov 0.5299 | λ_cov=0.5 | grad 2.429 | lr 4.70e-05
  batch  2200/24569 | ce 3.9092 | cov 0.5400 | λ_cov=0.5 | grad 2.591 | lr 4.70e-05
  batch  2300/24569 | ce 3.9965 | cov 0.5292 | λ_cov=0.5 | grad 2.455 | lr 4.70e-05
  batch  2400/24569 | ce 3.9492 | cov 0.5293 | λ_cov=0.5 | grad 2.574 | lr 4.69e-05
  batch  2500/24569 | ce 4.3621 | cov 0.5493 | λ_cov=0.5 | grad 2.573 | lr 4.69e-05
  batch  2600/24569 | ce 4.0380 | cov 0.5432 | λ_cov=0.5 | grad 2.402 | lr 4.69e-05
  batch  2700/24569 | ce 3.9109 | cov 0.5210 | λ_cov=0.5 | grad 2.550 | lr 4.69e-05
  batch  2800/24569 | ce 3.9520 | cov 0.5500 | λ_cov=0.5 | grad 2.626 | lr 4.69e-05
  batch  2900/24569 | ce 4.1610 | cov 0.5471 | λ_cov=0.5 | grad 2.560 | lr 4.69e-05
  batch  3000/24569 | ce 4.3889 | cov 0.5583 | λ_cov=0.5 | grad 2.842 | lr 4.69e-05
  batch  3100/24569 | ce 3.7408 | cov 0.5380 | λ_cov=0.5 | grad 2.307 | lr 4.69e-05
  batch  3200/24569 | ce 4.1108 | cov 0.5571 | λ_cov=0.5 | grad 3.987 | lr 4.68e-05
  batch  3300/24569 | ce 4.2256 | cov 0.5578 | λ_cov=0.5 | grad 3.190 | lr 4.68e-05
  batch  3400/24569 | ce 4.0631 | cov 0.5523 | λ_cov=0.5 | grad 2.877 | lr 4.68e-05
  batch  3500/24569 | ce 3.8207 | cov 0.5425 | λ_cov=0.5 | grad 3.687 | lr 4.68e-05
  batch  3600/24569 | ce 4.0669 | cov 0.5218 | λ_cov=0.5 | grad 2.768 | lr 4.68e-05
  batch  3700/24569 | ce 4.0711 | cov 0.5363 | λ_cov=0.5 | grad 2.560 | lr 4.68e-05
  batch  3800/24569 | ce 3.8796 | cov 0.5366 | λ_cov=0.5 | grad 2.487 | lr 4.68e-05
  batch  3900/24569 | ce 4.2508 | cov 0.5602 | λ_cov=0.5 | grad 2.298 | lr 4.68e-05
  batch  4000/24569 | ce 4.0502 | cov 0.5481 | λ_cov=0.5 | grad 2.621 | lr 4.67e-05
  batch  4100/24569 | ce 4.1425 | cov 0.5326 | λ_cov=0.5 | grad 3.081 | lr 4.67e-05
  batch  4200/24569 | ce 3.7456 | cov 0.5416 | λ_cov=0.5 | grad 2.629 | lr 4.67e-05
  batch  4300/24569 | ce 4.3221 | cov 0.5414 | λ_cov=0.5 | grad 3.713 | lr 4.67e-05
  batch  4400/24569 | ce 3.7062 | cov 0.5512 | λ_cov=0.5 | grad 2.786 | lr 4.67e-05
  batch  4500/24569 | ce 3.9626 | cov 0.5268 | λ_cov=0.5 | grad 2.666 | lr 4.67e-05
  batch  4600/24569 | ce 4.0558 | cov 0.5432 | λ_cov=0.5 | grad 2.319 | lr 4.67e-05
  batch  4700/24569 | ce 3.8802 | cov 0.5462 | λ_cov=0.5 | grad 3.161 | lr 4.67e-05
  batch  4800/24569 | ce 3.9539 | cov 0.5395 | λ_cov=0.5 | grad 2.416 | lr 4.67e-05
  batch  4900/24569 | ce 3.8001 | cov 0.5371 | λ_cov=0.5 | grad 2.595 | lr 4.66e-05
  batch  5000/24569 | ce 3.9041 | cov 0.5480 | λ_cov=0.5 | grad 2.454 | lr 4.66e-05
  batch  5100/24569 | ce 4.2483 | cov 0.5397 | λ_cov=0.5 | grad 2.508 | lr 4.66e-05
  batch  5200/24569 | ce 3.8552 | cov 0.5364 | λ_cov=0.5 | grad 2.399 | lr 4.66e-05
  batch  5300/24569 | ce 4.0575 | cov 0.5513 | λ_cov=0.5 | grad 2.396 | lr 4.66e-05
  batch  5400/24569 | ce 3.8831 | cov 0.5562 | λ_cov=0.5 | grad 2.438 | lr 4.66e-05
  batch  5500/24569 | ce 4.1030 | cov 0.5326 | λ_cov=0.5 | grad 2.815 | lr 4.66e-05
  batch  5600/24569 | ce 3.7963 | cov 0.5107 | λ_cov=0.5 | grad 2.766 | lr 4.66e-05
  batch  5700/24569 | ce 3.9960 | cov 0.5403 | λ_cov=0.5 | grad 2.700 | lr 4.65e-05
  batch  5800/24569 | ce 3.5749 | cov 0.5320 | λ_cov=0.5 | grad 2.551 | lr 4.65e-05
  batch  5900/24569 | ce 4.1295 | cov 0.5393 | λ_cov=0.5 | grad 2.384 | lr 4.65e-05
  batch  6000/24569 | ce 3.9933 | cov 0.5446 | λ_cov=0.5 | grad 2.436 | lr 4.65e-05
  batch  6100/24569 | ce 3.9745 | cov 0.5260 | λ_cov=0.5 | grad 2.468 | lr 4.65e-05
  batch  6200/24569 | ce 4.1918 | cov 0.5530 | λ_cov=0.5 | grad 2.591 | lr 4.65e-05
  batch  6300/24569 | ce 4.1534 | cov 0.5483 | λ_cov=0.5 | grad 2.485 | lr 4.65e-05
  batch  6400/24569 | ce 4.0982 | cov 0.5439 | λ_cov=0.5 | grad 2.418 | lr 4.65e-05
  batch  6500/24569 | ce 3.9051 | cov 0.5525 | λ_cov=0.5 | grad 2.944 | lr 4.64e-05
  batch  6600/24569 | ce 4.0918 | cov 0.5593 | λ_cov=0.5 | grad 2.350 | lr 4.64e-05
  batch  6700/24569 | ce 3.8789 | cov 0.5194 | λ_cov=0.5 | grad 2.939 | lr 4.64e-05
  batch  6800/24569 | ce 3.7716 | cov 0.5403 | λ_cov=0.5 | grad 2.533 | lr 4.64e-05
  batch  6900/24569 | ce 3.7155 | cov 0.5320 | λ_cov=0.5 | grad 2.744 | lr 4.64e-05
  batch  7000/24569 | ce 4.0230 | cov 0.5474 | λ_cov=0.5 | grad 2.482 | lr 4.64e-05
  batch  7100/24569 | ce 4.0754 | cov 0.5381 | λ_cov=0.5 | grad 2.531 | lr 4.64e-05
  batch  7200/24569 | ce 4.1046 | cov 0.5220 | λ_cov=0.5 | grad 2.945 | lr 4.64e-05
  batch  7300/24569 | ce 4.0129 | cov 0.5362 | λ_cov=0.5 | grad 2.686 | lr 4.63e-05
  batch  7400/24569 | ce 3.9352 | cov 0.5335 | λ_cov=0.5 | grad 2.330 | lr 4.63e-05
  batch  7500/24569 | ce 4.1046 | cov 0.5239 | λ_cov=0.5 | grad 7.476 | lr 4.63e-05
  batch  7600/24569 | ce 3.6806 | cov 0.5208 | λ_cov=0.5 | grad 2.771 | lr 4.63e-05
  batch  7700/24569 | ce 4.1533 | cov 0.5295 | λ_cov=0.5 | grad 3.129 | lr 4.63e-05
  batch  7800/24569 | ce 3.8259 | cov 0.5348 | λ_cov=0.5 | grad 2.451 | lr 4.63e-05
  batch  7900/24569 | ce 4.0738 | cov 0.5502 | λ_cov=0.5 | grad 2.421 | lr 4.63e-05
  batch  8000/24569 | ce 3.8993 | cov 0.5448 | λ_cov=0.5 | grad 2.368 | lr 4.63e-05
  batch  8100/24569 | ce 4.1761 | cov 0.5327 | λ_cov=0.5 | grad 2.619 | lr 4.62e-05
  batch  8200/24569 | ce 4.0228 | cov 0.5378 | λ_cov=0.5 | grad 2.396 | lr 4.62e-05
  batch  8300/24569 | ce 3.9863 | cov 0.5158 | λ_cov=0.5 | grad 2.740 | lr 4.62e-05
  batch  8400/24569 | ce 4.2854 | cov 0.5649 | λ_cov=0.5 | grad 2.493 | lr 4.62e-05
  batch  8500/24569 | ce 3.9905 | cov 0.5311 | λ_cov=0.5 | grad 2.480 | lr 4.62e-05
  batch  8600/24569 | ce 3.8306 | cov 0.5319 | λ_cov=0.5 | grad 2.677 | lr 4.62e-05
  batch  8700/24569 | ce 3.9216 | cov 0.5350 | λ_cov=0.5 | grad 2.551 | lr 4.62e-05
  batch  8800/24569 | ce 4.0388 | cov 0.5377 | λ_cov=0.5 | grad 2.698 | lr 4.61e-05
  batch  8900/24569 | ce 4.0184 | cov 0.5431 | λ_cov=0.5 | grad 2.817 | lr 4.61e-05
  batch  9000/24569 | ce 3.8702 | cov 0.5529 | λ_cov=0.5 | grad 2.697 | lr 4.61e-05
  batch  9100/24569 | ce 4.0037 | cov 0.5241 | λ_cov=0.5 | grad 2.456 | lr 4.61e-05
  batch  9200/24569 | ce 3.9522 | cov 0.5331 | λ_cov=0.5 | grad 2.564 | lr 4.61e-05
  batch  9300/24569 | ce 4.1355 | cov 0.5458 | λ_cov=0.5 | grad 2.385 | lr 4.61e-05
  batch  9400/24569 | ce 3.9458 | cov 0.5180 | λ_cov=0.5 | grad 2.655 | lr 4.61e-05
  batch  9500/24569 | ce 3.7330 | cov 0.5479 | λ_cov=0.5 | grad 2.499 | lr 4.61e-05
  batch  9600/24569 | ce 4.1210 | cov 0.5319 | λ_cov=0.5 | grad 2.816 | lr 4.60e-05
  batch  9700/24569 | ce 3.7988 | cov 0.5279 | λ_cov=0.5 | grad 2.720 | lr 4.60e-05
  batch  9800/24569 | ce 3.8936 | cov 0.5517 | λ_cov=0.5 | grad 2.491 | lr 4.60e-05
  batch  9900/24569 | ce 3.8808 | cov 0.5231 | λ_cov=0.5 | grad 2.513 | lr 4.60e-05
  batch 10000/24569 | ce 4.0297 | cov 0.5378 | λ_cov=0.5 | grad 2.796 | lr 4.60e-05
  batch 10100/24569 | ce 4.1024 | cov 0.5536 | λ_cov=0.5 | grad 2.454 | lr 4.60e-05
  batch 10200/24569 | ce 3.7929 | cov 0.5318 | λ_cov=0.5 | grad 3.110 | lr 4.60e-05
  batch 10300/24569 | ce 3.8352 | cov 0.5681 | λ_cov=0.5 | grad 2.307 | lr 4.60e-05
  batch 10400/24569 | ce 3.8536 | cov 0.5273 | λ_cov=0.5 | grad 2.696 | lr 4.59e-05
  batch 10500/24569 | ce 4.1753 | cov 0.5421 | λ_cov=0.5 | grad 3.883 | lr 4.59e-05
  batch 10600/24569 | ce 4.0164 | cov 0.5390 | λ_cov=0.5 | grad 3.070 | lr 4.59e-05
  batch 10700/24569 | ce 3.8033 | cov 0.5391 | λ_cov=0.5 | grad 2.488 | lr 4.59e-05
  batch 10800/24569 | ce 3.8567 | cov 0.5339 | λ_cov=0.5 | grad 2.686 | lr 4.59e-05
  batch 10900/24569 | ce 3.8474 | cov 0.5302 | λ_cov=0.5 | grad 2.534 | lr 4.59e-05
  batch 11000/24569 | ce 4.1739 | cov 0.5493 | λ_cov=0.5 | grad 2.664 | lr 4.59e-05
  batch 11100/24569 | ce 3.8933 | cov 0.5272 | λ_cov=0.5 | grad 2.347 | lr 4.58e-05
  batch 11200/24569 | ce 3.9775 | cov 0.5483 | λ_cov=0.5 | grad 2.615 | lr 4.58e-05
  batch 11300/24569 | ce 4.4073 | cov 0.5365 | λ_cov=0.5 | grad 2.865 | lr 4.58e-05
  batch 11400/24569 | ce 4.0334 | cov 0.5427 | λ_cov=0.5 | grad 2.540 | lr 4.58e-05
  batch 11500/24569 | ce 3.8224 | cov 0.5396 | λ_cov=0.5 | grad 2.343 | lr 4.58e-05
  batch 11600/24569 | ce 3.7235 | cov 0.5368 | λ_cov=0.5 | grad 2.589 | lr 4.58e-05
  batch 11700/24569 | ce 3.9555 | cov 0.5251 | λ_cov=0.5 | grad 2.784 | lr 4.58e-05
  batch 11800/24569 | ce 3.9042 | cov 0.5686 | λ_cov=0.5 | grad 2.877 | lr 4.58e-05
  batch 11900/24569 | ce 3.9408 | cov 0.5260 | λ_cov=0.5 | grad 2.391 | lr 4.57e-05
  batch 12000/24569 | ce 3.8490 | cov 0.5257 | λ_cov=0.5 | grad 2.677 | lr 4.57e-05
  batch 12100/24569 | ce 3.8976 | cov 0.5387 | λ_cov=0.5 | grad 2.827 | lr 4.57e-05
  batch 12200/24569 | ce 4.0597 | cov 0.5259 | λ_cov=0.5 | grad 2.760 | lr 4.57e-05
  batch 12300/24569 | ce 3.7586 | cov 0.5272 | λ_cov=0.5 | grad 2.253 | lr 4.57e-05
  batch 12400/24569 | ce 3.9547 | cov 0.5499 | λ_cov=0.5 | grad 2.238 | lr 4.57e-05
  batch 12500/24569 | ce 3.7272 | cov 0.5257 | λ_cov=0.5 | grad 2.335 | lr 4.57e-05
  batch 12600/24569 | ce 3.8290 | cov 0.5422 | λ_cov=0.5 | grad 2.430 | lr 4.56e-05
  batch 12700/24569 | ce 3.7451 | cov 0.5313 | λ_cov=0.5 | grad 2.391 | lr 4.56e-05
  batch 12800/24569 | ce 3.7114 | cov 0.5323 | λ_cov=0.5 | grad 2.677 | lr 4.56e-05
  batch 12900/24569 | ce 3.8386 | cov 0.5491 | λ_cov=0.5 | grad 2.485 | lr 4.56e-05
  batch 13000/24569 | ce 3.6895 | cov 0.5123 | λ_cov=0.5 | grad 2.511 | lr 4.56e-05
  batch 13100/24569 | ce 4.1112 | cov 0.5401 | λ_cov=0.5 | grad 2.384 | lr 4.56e-05
  batch 13200/24569 | ce 3.9965 | cov 0.5322 | λ_cov=0.5 | grad 2.821 | lr 4.56e-05
  batch 13300/24569 | ce 3.8306 | cov 0.5313 | λ_cov=0.5 | grad 2.907 | lr 4.55e-05
  batch 13400/24569 | ce 4.0215 | cov 0.5237 | λ_cov=0.5 | grad 3.245 | lr 4.55e-05
  batch 13500/24569 | ce 4.2165 | cov 0.5284 | λ_cov=0.5 | grad 2.798 | lr 4.55e-05
  batch 13600/24569 | ce 3.8052 | cov 0.5365 | λ_cov=0.5 | grad 4.714 | lr 4.55e-05
  batch 13700/24569 | ce 3.7363 | cov 0.5286 | λ_cov=0.5 | grad 2.449 | lr 4.55e-05
  batch 13800/24569 | ce 4.0411 | cov 0.5414 | λ_cov=0.5 | grad 2.884 | lr 4.55e-05
  batch 13900/24569 | ce 4.1861 | cov 0.5304 | λ_cov=0.5 | grad 2.637 | lr 4.55e-05
  batch 14000/24569 | ce 3.8701 | cov 0.5308 | λ_cov=0.5 | grad 2.778 | lr 4.54e-05
  batch 14100/24569 | ce 3.9372 | cov 0.5521 | λ_cov=0.5 | grad 5.105 | lr 4.54e-05
  batch 14200/24569 | ce 3.9608 | cov 0.5328 | λ_cov=0.5 | grad 2.546 | lr 4.54e-05
  batch 14300/24569 | ce 3.8932 | cov 0.5460 | λ_cov=0.5 | grad 2.697 | lr 4.54e-05
  batch 14400/24569 | ce 3.8512 | cov 0.5287 | λ_cov=0.5 | grad 2.398 | lr 4.54e-05
  batch 14500/24569 | ce 3.7298 | cov 0.5245 | λ_cov=0.5 | grad 3.250 | lr 4.54e-05
  batch 14600/24569 | ce 3.9285 | cov 0.5309 | λ_cov=0.5 | grad 4.580 | lr 4.54e-05
  batch 14700/24569 | ce 4.0145 | cov 0.5263 | λ_cov=0.5 | grad 2.726 | lr 4.53e-05
  batch 14800/24569 | ce 3.8402 | cov 0.5302 | λ_cov=0.5 | grad 2.512 | lr 4.53e-05
  batch 14900/24569 | ce 3.9165 | cov 0.5217 | λ_cov=0.5 | grad 2.466 | lr 4.53e-05
  batch 15000/24569 | ce 3.9655 | cov 0.5132 | λ_cov=0.5 | grad 2.519 | lr 4.53e-05
  batch 15100/24569 | ce 3.9859 | cov 0.5382 | λ_cov=0.5 | grad 4.571 | lr 4.53e-05
  batch 15200/24569 | ce 4.0063 | cov 0.5346 | λ_cov=0.5 | grad 2.505 | lr 4.53e-05
  batch 15300/24569 | ce 4.1019 | cov 0.5505 | λ_cov=0.5 | grad 2.591 | lr 4.53e-05
  batch 15400/24569 | ce 3.8483 | cov 0.5217 | λ_cov=0.5 | grad 2.729 | lr 4.53e-05
  batch 15500/24569 | ce 3.8495 | cov 0.5534 | λ_cov=0.5 | grad 2.439 | lr 4.52e-05
  batch 15600/24569 | ce 3.8996 | cov 0.5252 | λ_cov=0.5 | grad 2.223 | lr 4.52e-05
  batch 15700/24569 | ce 3.8227 | cov 0.5315 | λ_cov=0.5 | grad 2.420 | lr 4.52e-05
  batch 15800/24569 | ce 4.0841 | cov 0.5279 | λ_cov=0.5 | grad 2.876 | lr 4.52e-05
  batch 15900/24569 | ce 4.0055 | cov 0.5230 | λ_cov=0.5 | grad 2.700 | lr 4.52e-05
  batch 16000/24569 | ce 4.2206 | cov 0.5253 | λ_cov=0.5 | grad 2.783 | lr 4.52e-05
  batch 16100/24569 | ce 3.8468 | cov 0.5220 | λ_cov=0.5 | grad 3.150 | lr 4.51e-05
  batch 16200/24569 | ce 3.8307 | cov 0.5233 | λ_cov=0.5 | grad 2.901 | lr 4.51e-05
  batch 16300/24569 | ce 3.6553 | cov 0.5168 | λ_cov=0.5 | grad 2.404 | lr 4.51e-05
  batch 16400/24569 | ce 4.0202 | cov 0.5261 | λ_cov=0.5 | grad 2.857 | lr 4.51e-05
  batch 16500/24569 | ce 4.1897 | cov 0.5831 | λ_cov=0.5 | grad 2.730 | lr 4.51e-05
  batch 16600/24569 | ce 4.1419 | cov 0.5417 | λ_cov=0.5 | grad 2.805 | lr 4.51e-05
  batch 16700/24569 | ce 4.0020 | cov 0.5468 | λ_cov=0.5 | grad 2.420 | lr 4.51e-05
  batch 16800/24569 | ce 3.8859 | cov 0.5276 | λ_cov=0.5 | grad 2.555 | lr 4.50e-05
  batch 16900/24569 | ce 4.4428 | cov 0.5368 | λ_cov=0.5 | grad 2.678 | lr 4.50e-05
  batch 17000/24569 | ce 4.0769 | cov 0.5454 | λ_cov=0.5 | grad 2.320 | lr 4.50e-05
  batch 17100/24569 | ce 4.1323 | cov 0.5489 | λ_cov=0.5 | grad 2.640 | lr 4.50e-05
  batch 17200/24569 | ce 3.7548 | cov 0.5065 | λ_cov=0.5 | grad 2.779 | lr 4.50e-05
  batch 17300/24569 | ce 3.9850 | cov 0.5377 | λ_cov=0.5 | grad 2.913 | lr 4.50e-05
  batch 17400/24569 | ce 3.9745 | cov 0.5698 | λ_cov=0.5 | grad 2.874 | lr 4.50e-05
  batch 17500/24569 | ce 3.9051 | cov 0.5314 | λ_cov=0.5 | grad 3.291 | lr 4.49e-05
  batch 17600/24569 | ce 3.9651 | cov 0.5219 | λ_cov=0.5 | grad 2.704 | lr 4.49e-05
  batch 17700/24569 | ce 3.9154 | cov 0.5272 | λ_cov=0.5 | grad 2.331 | lr 4.49e-05
  batch 17800/24569 | ce 4.2329 | cov 0.5563 | λ_cov=0.5 | grad 2.622 | lr 4.49e-05
  batch 17900/24569 | ce 4.1077 | cov 0.5575 | λ_cov=0.5 | grad 2.757 | lr 4.49e-05
  batch 18000/24569 | ce 4.1767 | cov 0.5528 | λ_cov=0.5 | grad 2.736 | lr 4.49e-05
  batch 18100/24569 | ce 4.0229 | cov 0.5476 | λ_cov=0.5 | grad 2.358 | lr 4.49e-05
  batch 18200/24569 | ce 3.9320 | cov 0.5448 | λ_cov=0.5 | grad 2.373 | lr 4.48e-05
  batch 18300/24569 | ce 3.8743 | cov 0.5441 | λ_cov=0.5 | grad 2.969 | lr 4.48e-05
  batch 18400/24569 | ce 3.9113 | cov 0.5341 | λ_cov=0.5 | grad 2.571 | lr 4.48e-05
  batch 18500/24569 | ce 4.3929 | cov 0.5341 | λ_cov=0.5 | grad 3.052 | lr 4.48e-05
  batch 18600/24569 | ce 3.7082 | cov 0.5280 | λ_cov=0.5 | grad 2.566 | lr 4.48e-05
  batch 18700/24569 | ce 4.1442 | cov 0.5229 | λ_cov=0.5 | grad 3.267 | lr 4.48e-05
  batch 18800/24569 | ce 3.8220 | cov 0.5218 | λ_cov=0.5 | grad 3.030 | lr 4.48e-05
  batch 18900/24569 | ce 3.8532 | cov 0.5226 | λ_cov=0.5 | grad 2.650 | lr 4.47e-05
  batch 19000/24569 | ce 3.8664 | cov 0.5662 | λ_cov=0.5 | grad 2.999 | lr 4.47e-05
  batch 19100/24569 | ce 3.8896 | cov 0.5261 | λ_cov=0.5 | grad 2.626 | lr 4.47e-05
  batch 19200/24569 | ce 3.9448 | cov 0.5223 | λ_cov=0.5 | grad 2.741 | lr 4.47e-05
  batch 19300/24569 | ce 4.0057 | cov 0.5440 | λ_cov=0.5 | grad 2.677 | lr 4.47e-05
  batch 19400/24569 | ce 4.0638 | cov 0.5468 | λ_cov=0.5 | grad 2.453 | lr 4.47e-05
  batch 19500/24569 | ce 4.3099 | cov 0.5427 | λ_cov=0.5 | grad 2.775 | lr 4.46e-05
  batch 19600/24569 | ce 3.8685 | cov 0.5377 | λ_cov=0.5 | grad 2.717 | lr 4.46e-05
  batch 19700/24569 | ce 3.9353 | cov 0.5345 | λ_cov=0.5 | grad 2.597 | lr 4.46e-05
  batch 19800/24569 | ce 4.1485 | cov 0.5514 | λ_cov=0.5 | grad 2.564 | lr 4.46e-05
  batch 19900/24569 | ce 4.0572 | cov 0.5542 | λ_cov=0.5 | grad 2.604 | lr 4.46e-05
  batch 20000/24569 | ce 4.0523 | cov 0.5326 | λ_cov=0.5 | grad 2.515 | lr 4.46e-05
  batch 20100/24569 | ce 3.7814 | cov 0.5344 | λ_cov=0.5 | grad 2.338 | lr 4.46e-05
  batch 20200/24569 | ce 3.7973 | cov 0.5424 | λ_cov=0.5 | grad 2.464 | lr 4.45e-05
  batch 20300/24569 | ce 3.8385 | cov 0.5398 | λ_cov=0.5 | grad 8.275 | lr 4.45e-05
  batch 20400/24569 | ce 3.7862 | cov 0.5311 | λ_cov=0.5 | grad 4.101 | lr 4.45e-05
  batch 20500/24569 | ce 3.6802 | cov 0.5352 | λ_cov=0.5 | grad 3.091 | lr 4.45e-05
  batch 20600/24569 | ce 3.8755 | cov 0.5253 | λ_cov=0.5 | grad 2.388 | lr 4.45e-05
  batch 20700/24569 | ce 4.2157 | cov 0.5332 | λ_cov=0.5 | grad 2.800 | lr 4.45e-05
  batch 20800/24569 | ce 4.1598 | cov 0.5408 | λ_cov=0.5 | grad 2.511 | lr 4.45e-05
  batch 20900/24569 | ce 3.9317 | cov 0.5261 | λ_cov=0.5 | grad 2.392 | lr 4.44e-05
  batch 21000/24569 | ce 3.8379 | cov 0.5386 | λ_cov=0.5 | grad 2.292 | lr 4.44e-05
  batch 21100/24569 | ce 4.1604 | cov 0.5481 | λ_cov=0.5 | grad 2.287 | lr 4.44e-05
  batch 21200/24569 | ce 4.1712 | cov 0.5451 | λ_cov=0.5 | grad 2.744 | lr 4.44e-05
  batch 21300/24569 | ce 3.5989 | cov 0.5318 | λ_cov=0.5 | grad 2.468 | lr 4.44e-05
  batch 21400/24569 | ce 4.0060 | cov 0.5305 | λ_cov=0.5 | grad 2.385 | lr 4.44e-05
  batch 21500/24569 | ce 3.8600 | cov 0.5365 | λ_cov=0.5 | grad 3.035 | lr 4.43e-05
  batch 21600/24569 | ce 4.0912 | cov 0.5301 | λ_cov=0.5 | grad 2.394 | lr 4.43e-05
  batch 21700/24569 | ce 3.8873 | cov 0.5171 | λ_cov=0.5 | grad 3.321 | lr 4.43e-05
  batch 21800/24569 | ce 4.0784 | cov 0.5389 | λ_cov=0.5 | grad 2.726 | lr 4.43e-05
  batch 21900/24569 | ce 3.7039 | cov 0.5245 | λ_cov=0.5 | grad 3.503 | lr 4.43e-05
  batch 22000/24569 | ce 3.9808 | cov 0.5463 | λ_cov=0.5 | grad 2.465 | lr 4.43e-05
  batch 22100/24569 | ce 3.6861 | cov 0.5270 | λ_cov=0.5 | grad 3.092 | lr 4.43e-05
  batch 22200/24569 | ce 4.1056 | cov 0.5466 | λ_cov=0.5 | grad 3.502 | lr 4.42e-05
  batch 22300/24569 | ce 4.0009 | cov 0.5402 | λ_cov=0.5 | grad 2.368 | lr 4.42e-05
  batch 22400/24569 | ce 3.8532 | cov 0.5239 | λ_cov=0.5 | grad 3.827 | lr 4.42e-05
  batch 22500/24569 | ce 3.9446 | cov 0.5126 | λ_cov=0.5 | grad 2.683 | lr 4.42e-05
  batch 22600/24569 | ce 3.7529 | cov 0.5456 | λ_cov=0.5 | grad 2.685 | lr 4.42e-05
  batch 22700/24569 | ce 4.1923 | cov 0.5471 | λ_cov=0.5 | grad 3.564 | lr 4.42e-05
  batch 22800/24569 | ce 4.0118 | cov 0.5186 | λ_cov=0.5 | grad 2.326 | lr 4.41e-05
  batch 22900/24569 | ce 4.1332 | cov 0.5407 | λ_cov=0.5 | grad 3.293 | lr 4.41e-05
  batch 23000/24569 | ce 3.6139 | cov 0.5229 | λ_cov=0.5 | grad 2.328 | lr 4.41e-05
  batch 23100/24569 | ce 4.0049 | cov 0.5346 | λ_cov=0.5 | grad 2.370 | lr 4.41e-05
  batch 23200/24569 | ce 3.8421 | cov 0.5286 | λ_cov=0.5 | grad 2.418 | lr 4.41e-05
  batch 23300/24569 | ce 4.1701 | cov 0.5240 | λ_cov=0.5 | grad 2.507 | lr 4.41e-05
  batch 23400/24569 | ce 3.7726 | cov 0.5277 | λ_cov=0.5 | grad 2.435 | lr 4.40e-05
  batch 23500/24569 | ce 3.8960 | cov 0.5364 | λ_cov=0.5 | grad 2.302 | lr 4.40e-05
  batch 23600/24569 | ce 4.1174 | cov 0.5269 | λ_cov=0.5 | grad 2.494 | lr 4.40e-05
  batch 23700/24569 | ce 3.9887 | cov 0.5292 | λ_cov=0.5 | grad 2.507 | lr 4.40e-05
  batch 23800/24569 | ce 4.0283 | cov 0.5308 | λ_cov=0.5 | grad 2.876 | lr 4.40e-05
  batch 23900/24569 | ce 3.8190 | cov 0.5356 | λ_cov=0.5 | grad 2.503 | lr 4.40e-05
  batch 24000/24569 | ce 3.9808 | cov 0.5115 | λ_cov=0.5 | grad 6.228 | lr 4.40e-05
  batch 24100/24569 | ce 3.9204 | cov 0.5461 | λ_cov=0.5 | grad 2.449 | lr 4.39e-05
  batch 24200/24569 | ce 3.8420 | cov 0.5307 | λ_cov=0.5 | grad 2.606 | lr 4.39e-05
  batch 24300/24569 | ce 4.1427 | cov 0.5326 | λ_cov=0.5 | grad 3.032 | lr 4.39e-05
  batch 24400/24569 | ce 3.8978 | cov 0.5342 | λ_cov=0.5 | grad 2.271 | lr 4.39e-05
  batch 24500/24569 | ce 4.2024 | cov 0.5361 | λ_cov=0.5 | grad 2.465 | lr 4.39e-05

Epoch 5/15 | time: 62.7min | unfreeze stage 3 | trainable 32,413,184
  train ce loss: 3.9606
  coverage loss: 0.5380  (λ=0.5)
    legal_chunk  : 4.2412
    second_pass  : 2.3267
    arxiv_anchor : 5.4269
    cnn_anchor   : 5.8671
  val loss     : 3.7927
  perplexity   : 44.37
  lr           : 4.39e-05
  sample       : On August 29, 2014, the plaintiffs filed a class action lawsuit in the U.S. District Court for the Southern District of Alabama against the City of Alabama under 42 U.S.C. § 1983 against the City of A
  reference    : On March 8th, 2014, several citizens of Montgomery, Alabama, who had been imprisoned for failing to pay traffic fines, filed a lawsuit in the U.S. District Court for the Middle District of Alabama, un
  >> new best val loss — saved stage3_best.pt
  >> BELOW Stage 2 val loss (4.3827)
  batch   100/24569 | ce 4.1613 | cov 0.5600 | λ_cov=0.5 | grad 3.265 | lr 4.38e-05
  batch   200/24569 | ce 3.9188 | cov 0.5526 | λ_cov=0.5 | grad 2.324 | lr 4.38e-05
  batch   300/24569 | ce 4.1628 | cov 0.5399 | λ_cov=0.5 | grad 2.287 | lr 4.38e-05
  batch   400/24569 | ce 4.2325 | cov 0.5539 | λ_cov=0.5 | grad 2.620 | lr 4.38e-05
  batch   500/24569 | ce 3.9933 | cov 0.5580 | λ_cov=0.5 | grad 2.791 | lr 4.38e-05
  batch   600/24569 | ce 4.0144 | cov 0.5358 | λ_cov=0.5 | grad 3.335 | lr 4.38e-05
  batch   700/24569 | ce 4.0655 | cov 0.5279 | λ_cov=0.5 | grad 2.691 | lr 4.38e-05
  batch   800/24569 | ce 4.1142 | cov 0.5549 | λ_cov=0.5 | grad 2.460 | lr 4.37e-05
  batch   900/24569 | ce 3.8195 | cov 0.5299 | λ_cov=0.5 | grad 2.860 | lr 4.37e-05
  batch  1000/24569 | ce 3.9367 | cov 0.5384 | λ_cov=0.5 | grad 2.538 | lr 4.37e-05
  batch  1100/24569 | ce 3.8512 | cov 0.5323 | λ_cov=0.5 | grad 2.675 | lr 4.37e-05
  batch  1200/24569 | ce 4.0655 | cov 0.5554 | λ_cov=0.5 | grad 2.732 | lr 4.37e-05
  batch  1300/24569 | ce 3.8310 | cov 0.5342 | λ_cov=0.5 | grad 2.329 | lr 4.37e-05
  batch  1400/24569 | ce 4.0659 | cov 0.5421 | λ_cov=0.5 | grad 2.429 | lr 4.36e-05
  batch  1500/24569 | ce 3.7889 | cov 0.5515 | λ_cov=0.5 | grad 2.462 | lr 4.36e-05
  batch  1600/24569 | ce 3.8470 | cov 0.5417 | λ_cov=0.5 | grad 2.503 | lr 4.36e-05
  batch  1700/24569 | ce 3.7797 | cov 0.5174 | λ_cov=0.5 | grad 2.216 | lr 4.36e-05
  batch  1800/24569 | ce 3.8612 | cov 0.5360 | λ_cov=0.5 | grad 2.271 | lr 4.36e-05
  batch  1900/24569 | ce 3.7793 | cov 0.5208 | λ_cov=0.5 | grad 2.438 | lr 4.36e-05
  batch  2000/24569 | ce 3.7135 | cov 0.5288 | λ_cov=0.5 | grad 2.460 | lr 4.35e-05
  batch  2100/24569 | ce 3.7222 | cov 0.5140 | λ_cov=0.5 | grad 2.842 | lr 4.35e-05
  batch  2200/24569 | ce 4.3342 | cov 0.5355 | λ_cov=0.5 | grad 2.278 | lr 4.35e-05
  batch  2300/24569 | ce 3.8742 | cov 0.5228 | λ_cov=0.5 | grad 2.578 | lr 4.35e-05
  batch  2400/24569 | ce 3.9808 | cov 0.5445 | λ_cov=0.5 | grad 2.644 | lr 4.35e-05
  batch  2500/24569 | ce 3.7736 | cov 0.5359 | λ_cov=0.5 | grad 2.494 | lr 4.35e-05
  batch  2600/24569 | ce 3.8738 | cov 0.5262 | λ_cov=0.5 | grad 2.480 | lr 4.34e-05
  batch  2700/24569 | ce 4.0586 | cov 0.5330 | λ_cov=0.5 | grad 2.444 | lr 4.34e-05
  batch  2800/24569 | ce 3.6473 | cov 0.5289 | λ_cov=0.5 | grad 3.076 | lr 4.34e-05
  batch  2900/24569 | ce 3.9504 | cov 0.5169 | λ_cov=0.5 | grad 2.633 | lr 4.34e-05
  batch  3000/24569 | ce 3.8103 | cov 0.5210 | λ_cov=0.5 | grad 2.491 | lr 4.34e-05
  batch  3100/24569 | ce 3.8423 | cov 0.5228 | λ_cov=0.5 | grad 2.567 | lr 4.34e-05
  batch  3200/24569 | ce 4.2227 | cov 0.5502 | λ_cov=0.5 | grad 2.438 | lr 4.33e-05
  batch  3300/24569 | ce 4.1781 | cov 0.5392 | λ_cov=0.5 | grad 2.692 | lr 4.33e-05
  batch  3400/24569 | ce 3.6236 | cov 0.5166 | λ_cov=0.5 | grad 2.592 | lr 4.33e-05
  batch  3500/24569 | ce 3.8872 | cov 0.5559 | λ_cov=0.5 | grad 2.734 | lr 4.33e-05
  batch  3600/24569 | ce 3.9499 | cov 0.5223 | λ_cov=0.5 | grad 2.355 | lr 4.33e-05
  batch  3700/24569 | ce 4.0867 | cov 0.5580 | λ_cov=0.5 | grad 3.393 | lr 4.33e-05
  batch  3800/24569 | ce 3.8565 | cov 0.5265 | λ_cov=0.5 | grad 2.348 | lr 4.32e-05
  batch  3900/24569 | ce 3.8773 | cov 0.5559 | λ_cov=0.5 | grad 2.608 | lr 4.32e-05
  batch  4000/24569 | ce 3.6340 | cov 0.5098 | λ_cov=0.5 | grad 3.077 | lr 4.32e-05
  batch  4100/24569 | ce 4.0306 | cov 0.5251 | λ_cov=0.5 | grad 3.080 | lr 4.32e-05
  batch  4200/24569 | ce 4.2987 | cov 0.5639 | λ_cov=0.5 | grad 2.436 | lr 4.32e-05
  batch  4300/24569 | ce 3.7711 | cov 0.5259 | λ_cov=0.5 | grad 2.374 | lr 4.32e-05
  batch  4400/24569 | ce 3.8965 | cov 0.5311 | λ_cov=0.5 | grad 2.554 | lr 4.31e-05
  batch  4500/24569 | ce 3.9967 | cov 0.5364 | λ_cov=0.5 | grad 2.725 | lr 4.31e-05
  batch  4600/24569 | ce 3.7154 | cov 0.5251 | λ_cov=0.5 | grad 2.506 | lr 4.31e-05
  batch  4700/24569 | ce 4.1800 | cov 0.5318 | λ_cov=0.5 | grad 4.305 | lr 4.31e-05
  batch  4800/24569 | ce 3.9340 | cov 0.5304 | λ_cov=0.5 | grad 2.332 | lr 4.31e-05
  batch  4900/24569 | ce 3.7620 | cov 0.5171 | λ_cov=0.5 | grad 2.504 | lr 4.31e-05
  batch  5000/24569 | ce 4.0463 | cov 0.5301 | λ_cov=0.5 | grad 2.902 | lr 4.30e-05
  batch  5100/24569 | ce 4.1110 | cov 0.5267 | λ_cov=0.5 | grad 2.834 | lr 4.30e-05
  batch  5200/24569 | ce 3.9363 | cov 0.5365 | λ_cov=0.5 | grad 2.626 | lr 4.30e-05
  batch  5300/24569 | ce 3.9752 | cov 0.5454 | λ_cov=0.5 | grad 2.574 | lr 4.30e-05
  batch  5400/24569 | ce 3.9702 | cov 0.5387 | λ_cov=0.5 | grad 2.456 | lr 4.30e-05
  batch  5500/24569 | ce 4.2644 | cov 0.5242 | λ_cov=0.5 | grad 2.593 | lr 4.30e-05
  batch  5600/24569 | ce 3.8451 | cov 0.5384 | λ_cov=0.5 | grad 2.748 | lr 4.29e-05
  batch  5700/24569 | ce 3.9237 | cov 0.5212 | λ_cov=0.5 | grad 2.826 | lr 4.29e-05
  batch  5800/24569 | ce 4.0479 | cov 0.5527 | λ_cov=0.5 | grad 5.172 | lr 4.29e-05
  batch  5900/24569 | ce 3.9060 | cov 0.5294 | λ_cov=0.5 | grad 2.503 | lr 4.29e-05
  batch  6000/24569 | ce 3.5756 | cov 0.5251 | λ_cov=0.5 | grad 2.571 | lr 4.29e-05
  batch  6100/24569 | ce 4.2866 | cov 0.5535 | λ_cov=0.5 | grad 3.156 | lr 4.29e-05
  batch  6200/24569 | ce 3.5904 | cov 0.5054 | λ_cov=0.5 | grad 2.485 | lr 4.28e-05
  batch  6300/24569 | ce 4.1243 | cov 0.5269 | λ_cov=0.5 | grad 2.849 | lr 4.28e-05
  batch  6400/24569 | ce 3.8296 | cov 0.5366 | λ_cov=0.5 | grad 2.510 | lr 4.28e-05
  batch  6500/24569 | ce 3.7576 | cov 0.5214 | λ_cov=0.5 | grad 2.566 | lr 4.28e-05
  batch  6600/24569 | ce 3.5873 | cov 0.5201 | λ_cov=0.5 | grad 2.633 | lr 4.28e-05
  batch  6700/24569 | ce 3.8578 | cov 0.5259 | λ_cov=0.5 | grad 2.451 | lr 4.28e-05
  batch  6800/24569 | ce 3.9567 | cov 0.5339 | λ_cov=0.5 | grad 2.337 | lr 4.27e-05
  batch  6900/24569 | ce 4.1129 | cov 0.5269 | λ_cov=0.5 | grad 3.146 | lr 4.27e-05
  batch  7000/24569 | ce 3.9791 | cov 0.5387 | λ_cov=0.5 | grad 2.768 | lr 4.27e-05
  batch  7100/24569 | ce 3.9198 | cov 0.5373 | λ_cov=0.5 | grad 2.577 | lr 4.27e-05
  batch  7200/24569 | ce 3.6825 | cov 0.5103 | λ_cov=0.5 | grad 2.431 | lr 4.27e-05
  batch  7300/24569 | ce 3.6156 | cov 0.5474 | λ_cov=0.5 | grad 2.665 | lr 4.27e-05
  batch  7400/24569 | ce 4.3800 | cov 0.5286 | λ_cov=0.5 | grad 2.797 | lr 4.26e-05
  batch  7500/24569 | ce 3.5751 | cov 0.5123 | λ_cov=0.5 | grad 2.488 | lr 4.26e-05
  batch  7600/24569 | ce 3.7124 | cov 0.5258 | λ_cov=0.5 | grad 2.760 | lr 4.26e-05
  batch  7700/24569 | ce 3.8360 | cov 0.5243 | λ_cov=0.5 | grad 2.583 | lr 4.26e-05
  batch  7800/24569 | ce 3.8622 | cov 0.5239 | λ_cov=0.5 | grad 2.439 | lr 4.26e-05
  batch  7900/24569 | ce 3.7534 | cov 0.5425 | λ_cov=0.5 | grad 2.442 | lr 4.25e-05
  batch  8000/24569 | ce 3.9127 | cov 0.5212 | λ_cov=0.5 | grad 2.286 | lr 4.25e-05
  batch  8100/24569 | ce 4.0594 | cov 0.5268 | λ_cov=0.5 | grad 2.727 | lr 4.25e-05
  batch  8200/24569 | ce 3.9696 | cov 0.5367 | λ_cov=0.5 | grad 2.516 | lr 4.25e-05
  batch  8300/24569 | ce 3.9026 | cov 0.5261 | λ_cov=0.5 | grad 2.381 | lr 4.25e-05
  batch  8400/24569 | ce 4.0485 | cov 0.5188 | λ_cov=0.5 | grad 2.601 | lr 4.25e-05
  batch  8500/24569 | ce 4.0365 | cov 0.5426 | λ_cov=0.5 | grad 2.335 | lr 4.24e-05
  batch  8600/24569 | ce 3.8356 | cov 0.5447 | λ_cov=0.5 | grad 3.290 | lr 4.24e-05
  batch  8700/24569 | ce 4.0907 | cov 0.5487 | λ_cov=0.5 | grad 2.608 | lr 4.24e-05
  batch  8800/24569 | ce 4.3440 | cov 0.5519 | λ_cov=0.5 | grad 2.832 | lr 4.24e-05
  batch  8900/24569 | ce 3.7333 | cov 0.5264 | λ_cov=0.5 | grad 2.502 | lr 4.24e-05
  batch  9000/24569 | ce 3.9225 | cov 0.5223 | λ_cov=0.5 | grad 2.678 | lr 4.24e-05
  batch  9100/24569 | ce 3.9511 | cov 0.5445 | λ_cov=0.5 | grad 2.665 | lr 4.23e-05
  batch  9200/24569 | ce 3.7469 | cov 0.5334 | λ_cov=0.5 | grad 2.567 | lr 4.23e-05
  batch  9300/24569 | ce 3.8115 | cov 0.5171 | λ_cov=0.5 | grad 3.429 | lr 4.23e-05
  batch  9400/24569 | ce 4.3678 | cov 0.5615 | λ_cov=0.5 | grad 2.946 | lr 4.23e-05
  batch  9500/24569 | ce 4.0229 | cov 0.5569 | λ_cov=0.5 | grad 2.677 | lr 4.23e-05
  batch  9600/24569 | ce 3.9990 | cov 0.5324 | λ_cov=0.5 | grad 3.490 | lr 4.23e-05
  batch  9700/24569 | ce 4.1804 | cov 0.5435 | λ_cov=0.5 | grad 2.750 | lr 4.22e-05
  batch  9800/24569 | ce 3.9340 | cov 0.5439 | λ_cov=0.5 | grad 3.122 | lr 4.22e-05
  batch  9900/24569 | ce 3.8567 | cov 0.5502 | λ_cov=0.5 | grad 2.745 | lr 4.22e-05
  batch 10000/24569 | ce 3.7679 | cov 0.5316 | λ_cov=0.5 | grad 2.831 | lr 4.22e-05
  batch 10100/24569 | ce 4.0049 | cov 0.5332 | λ_cov=0.5 | grad 2.419 | lr 4.22e-05
  batch 10200/24569 | ce 4.1534 | cov 0.5398 | λ_cov=0.5 | grad 5.966 | lr 4.21e-05
  batch 10300/24569 | ce 3.8702 | cov 0.5108 | λ_cov=0.5 | grad 2.816 | lr 4.21e-05
  batch 10400/24569 | ce 3.9967 | cov 0.5229 | λ_cov=0.5 | grad 2.604 | lr 4.21e-05
  batch 10500/24569 | ce 3.6171 | cov 0.5138 | λ_cov=0.5 | grad 2.312 | lr 4.21e-05
  batch 10600/24569 | ce 3.7561 | cov 0.5322 | λ_cov=0.5 | grad 2.466 | lr 4.21e-05
  batch 10700/24569 | ce 3.9297 | cov 0.5310 | λ_cov=0.5 | grad 2.903 | lr 4.21e-05
  batch 10800/24569 | ce 4.1157 | cov 0.5224 | λ_cov=0.5 | grad 2.451 | lr 4.20e-05
  batch 10900/24569 | ce 4.0473 | cov 0.5529 | λ_cov=0.5 | grad 2.788 | lr 4.20e-05
  batch 11000/24569 | ce 3.8915 | cov 0.5097 | λ_cov=0.5 | grad 2.445 | lr 4.20e-05
  batch 11100/24569 | ce 3.8977 | cov 0.5322 | λ_cov=0.5 | grad 2.601 | lr 4.20e-05
  batch 11200/24569 | ce 4.0864 | cov 0.5361 | λ_cov=0.5 | grad 2.428 | lr 4.20e-05
  batch 11300/24569 | ce 3.9702 | cov 0.5323 | λ_cov=0.5 | grad 2.780 | lr 4.19e-05
  batch 11400/24569 | ce 3.7592 | cov 0.5329 | λ_cov=0.5 | grad 2.556 | lr 4.19e-05
  batch 11500/24569 | ce 3.9216 | cov 0.5245 | λ_cov=0.5 | grad 2.462 | lr 4.19e-05
  batch 11600/24569 | ce 3.8821 | cov 0.5567 | λ_cov=0.5 | grad 3.475 | lr 4.19e-05
  batch 11700/24569 | ce 4.3344 | cov 0.5571 | λ_cov=0.5 | grad 2.935 | lr 4.19e-05
  batch 11800/24569 | ce 3.7738 | cov 0.5418 | λ_cov=0.5 | grad 2.678 | lr 4.19e-05
  batch 11900/24569 | ce 4.0247 | cov 0.5186 | λ_cov=0.5 | grad 2.731 | lr 4.18e-05
  batch 12000/24569 | ce 4.1486 | cov 0.5488 | λ_cov=0.5 | grad 2.525 | lr 4.18e-05
  batch 12100/24569 | ce 3.8857 | cov 0.5328 | λ_cov=0.5 | grad 2.619 | lr 4.18e-05
  batch 12200/24569 | ce 4.2073 | cov 0.5628 | λ_cov=0.5 | grad 2.915 | lr 4.18e-05
  batch 12300/24569 | ce 3.9786 | cov 0.5326 | λ_cov=0.5 | grad 2.544 | lr 4.18e-05
  batch 12400/24569 | ce 3.7631 | cov 0.5302 | λ_cov=0.5 | grad 2.782 | lr 4.18e-05
  batch 12500/24569 | ce 3.9308 | cov 0.5357 | λ_cov=0.5 | grad 2.466 | lr 4.17e-05
  batch 12600/24569 | ce 3.8714 | cov 0.5152 | λ_cov=0.5 | grad 2.751 | lr 4.17e-05
  batch 12700/24569 | ce 4.1593 | cov 0.5477 | λ_cov=0.5 | grad 2.657 | lr 4.17e-05
  batch 12800/24569 | ce 3.9857 | cov 0.5161 | λ_cov=0.5 | grad 2.888 | lr 4.17e-05
  batch 12900/24569 | ce 3.8717 | cov 0.5476 | λ_cov=0.5 | grad 2.846 | lr 4.17e-05
  batch 13000/24569 | ce 3.8303 | cov 0.5062 | λ_cov=0.5 | grad 2.727 | lr 4.16e-05
  batch 13100/24569 | ce 3.9681 | cov 0.5398 | λ_cov=0.5 | grad 2.855 | lr 4.16e-05
  batch 13200/24569 | ce 3.6633 | cov 0.5297 | λ_cov=0.5 | grad 3.494 | lr 4.16e-05
  batch 13300/24569 | ce 3.8709 | cov 0.5196 | λ_cov=0.5 | grad 2.410 | lr 4.16e-05
  batch 13400/24569 | ce 3.8541 | cov 0.5050 | λ_cov=0.5 | grad 3.330 | lr 4.16e-05
  batch 13500/24569 | ce 4.0301 | cov 0.5232 | λ_cov=0.5 | grad 3.484 | lr 4.16e-05
  batch 13600/24569 | ce 4.0429 | cov 0.5489 | λ_cov=0.5 | grad 2.652 | lr 4.15e-05
  batch 13700/24569 | ce 3.9026 | cov 0.5531 | λ_cov=0.5 | grad 3.088 | lr 4.15e-05
  batch 13800/24569 | ce 4.0478 | cov 0.5432 | λ_cov=0.5 | grad 2.402 | lr 4.15e-05
  batch 13900/24569 | ce 3.9503 | cov 0.5375 | λ_cov=0.5 | grad 2.437 | lr 4.15e-05
  batch 14000/24569 | ce 3.8334 | cov 0.5247 | λ_cov=0.5 | grad 2.262 | lr 4.15e-05
  batch 14100/24569 | ce 3.7754 | cov 0.5181 | λ_cov=0.5 | grad 3.042 | lr 4.14e-05
  batch 14200/24569 | ce 4.1033 | cov 0.5276 | λ_cov=0.5 | grad 2.674 | lr 4.14e-05
  batch 14300/24569 | ce 3.7767 | cov 0.5191 | λ_cov=0.5 | grad 2.436 | lr 4.14e-05
  batch 14400/24569 | ce 4.0931 | cov 0.5366 | λ_cov=0.5 | grad 2.821 | lr 4.14e-05
  batch 14500/24569 | ce 3.7545 | cov 0.5348 | λ_cov=0.5 | grad 6.543 | lr 4.14e-05
  batch 14600/24569 | ce 3.8323 | cov 0.5347 | λ_cov=0.5 | grad 2.612 | lr 4.14e-05
  batch 14700/24569 | ce 3.8746 | cov 0.5515 | λ_cov=0.5 | grad 2.438 | lr 4.13e-05
  batch 14800/24569 | ce 3.7167 | cov 0.5158 | λ_cov=0.5 | grad 2.286 | lr 4.13e-05
  batch 14900/24569 | ce 3.8895 | cov 0.5367 | λ_cov=0.5 | grad 3.150 | lr 4.13e-05
  batch 15000/24569 | ce 3.7754 | cov 0.5268 | λ_cov=0.5 | grad 2.204 | lr 4.13e-05
  batch 15100/24569 | ce 4.1759 | cov 0.5338 | λ_cov=0.5 | grad 3.511 | lr 4.13e-05
  batch 15200/24569 | ce 3.9472 | cov 0.5198 | λ_cov=0.5 | grad 2.503 | lr 4.12e-05
  batch 15300/24569 | ce 3.6650 | cov 0.5163 | λ_cov=0.5 | grad 2.611 | lr 4.12e-05
  batch 15400/24569 | ce 3.9226 | cov 0.5229 | λ_cov=0.5 | grad 2.569 | lr 4.12e-05
  batch 15500/24569 | ce 3.8332 | cov 0.5679 | λ_cov=0.5 | grad 2.425 | lr 4.12e-05
  batch 15600/24569 | ce 4.0732 | cov 0.5357 | λ_cov=0.5 | grad 2.716 | lr 4.12e-05
  batch 15700/24569 | ce 3.7665 | cov 0.5247 | λ_cov=0.5 | grad 2.621 | lr 4.11e-05
  batch 15800/24569 | ce 3.8562 | cov 0.5358 | λ_cov=0.5 | grad 2.539 | lr 4.11e-05
  batch 15900/24569 | ce 3.8843 | cov 0.5118 | λ_cov=0.5 | grad 2.896 | lr 4.11e-05
  batch 16000/24569 | ce 3.7331 | cov 0.5373 | λ_cov=0.5 | grad 3.030 | lr 4.11e-05
  batch 16100/24569 | ce 3.7988 | cov 0.5344 | λ_cov=0.5 | grad 2.412 | lr 4.11e-05
  batch 16200/24569 | ce 4.3328 | cov 0.5307 | λ_cov=0.5 | grad 2.689 | lr 4.11e-05
  batch 16300/24569 | ce 3.5519 | cov 0.5151 | λ_cov=0.5 | grad 2.588 | lr 4.10e-05
  batch 16400/24569 | ce 3.7582 | cov 0.5159 | λ_cov=0.5 | grad 2.513 | lr 4.10e-05
  batch 16500/24569 | ce 3.8684 | cov 0.5250 | λ_cov=0.5 | grad 2.751 | lr 4.10e-05
  batch 16600/24569 | ce 3.8386 | cov 0.5219 | λ_cov=0.5 | grad 2.354 | lr 4.10e-05
  batch 16700/24569 | ce 4.2036 | cov 0.5363 | λ_cov=0.5 | grad 2.578 | lr 4.10e-05
  batch 16800/24569 | ce 3.7531 | cov 0.5078 | λ_cov=0.5 | grad 2.184 | lr 4.09e-05
  batch 16900/24569 | ce 3.5560 | cov 0.5160 | λ_cov=0.5 | grad 2.718 | lr 4.09e-05
  batch 17000/24569 | ce 4.0179 | cov 0.5195 | λ_cov=0.5 | grad 2.503 | lr 4.09e-05
  batch 17100/24569 | ce 4.0107 | cov 0.5404 | λ_cov=0.5 | grad 2.685 | lr 4.09e-05
  batch 17200/24569 | ce 4.0502 | cov 0.5492 | λ_cov=0.5 | grad 3.309 | lr 4.09e-05
  batch 17300/24569 | ce 3.8466 | cov 0.5266 | λ_cov=0.5 | grad 2.505 | lr 4.08e-05
  batch 17400/24569 | ce 4.0898 | cov 0.5354 | λ_cov=0.5 | grad 2.444 | lr 4.08e-05
  batch 17500/24569 | ce 3.9287 | cov 0.5184 | λ_cov=0.5 | grad 2.811 | lr 4.08e-05
  batch 17600/24569 | ce 3.7542 | cov 0.5160 | λ_cov=0.5 | grad 2.326 | lr 4.08e-05
  batch 17700/24569 | ce 4.1145 | cov 0.5372 | λ_cov=0.5 | grad 2.635 | lr 4.08e-05
  batch 17800/24569 | ce 4.1328 | cov 0.5116 | λ_cov=0.5 | grad 2.269 | lr 4.08e-05
  batch 17900/24569 | ce 4.0700 | cov 0.5359 | λ_cov=0.5 | grad 2.657 | lr 4.07e-05
  batch 18000/24569 | ce 3.8723 | cov 0.5521 | λ_cov=0.5 | grad 2.308 | lr 4.07e-05
  batch 18100/24569 | ce 3.8719 | cov 0.5260 | λ_cov=0.5 | grad 2.482 | lr 4.07e-05
  batch 18200/24569 | ce 4.0754 | cov 0.5163 | λ_cov=0.5 | grad 2.867 | lr 4.07e-05
  batch 18300/24569 | ce 4.0518 | cov 0.5254 | λ_cov=0.5 | grad 2.453 | lr 4.07e-05
  batch 18400/24569 | ce 3.8261 | cov 0.5125 | λ_cov=0.5 | grad 3.232 | lr 4.06e-05
  batch 18500/24569 | ce 3.6619 | cov 0.5159 | λ_cov=0.5 | grad 2.628 | lr 4.06e-05
  batch 18600/24569 | ce 3.8234 | cov 0.5156 | λ_cov=0.5 | grad 2.874 | lr 4.06e-05
  batch 18700/24569 | ce 3.9902 | cov 0.5136 | λ_cov=0.5 | grad 2.709 | lr 4.06e-05
  batch 18800/24569 | ce 3.9407 | cov 0.5439 | λ_cov=0.5 | grad 2.859 | lr 4.06e-05
  batch 18900/24569 | ce 4.0995 | cov 0.5513 | λ_cov=0.5 | grad 2.533 | lr 4.05e-05
  batch 19000/24569 | ce 3.8634 | cov 0.5159 | λ_cov=0.5 | grad 2.700 | lr 4.05e-05
  batch 19100/24569 | ce 3.7807 | cov 0.5365 | λ_cov=0.5 | grad 2.406 | lr 4.05e-05
  batch 19200/24569 | ce 3.9931 | cov 0.5251 | λ_cov=0.5 | grad 2.602 | lr 4.05e-05
  batch 19300/24569 | ce 3.5566 | cov 0.5224 | λ_cov=0.5 | grad 2.210 | lr 4.05e-05
  batch 19400/24569 | ce 3.7463 | cov 0.5359 | λ_cov=0.5 | grad 3.801 | lr 4.05e-05
  batch 19500/24569 | ce 3.8410 | cov 0.5247 | λ_cov=0.5 | grad 2.577 | lr 4.04e-05
  batch 19600/24569 | ce 3.8945 | cov 0.5285 | λ_cov=0.5 | grad 2.803 | lr 4.04e-05
  batch 19700/24569 | ce 3.7629 | cov 0.5231 | λ_cov=0.5 | grad 2.232 | lr 4.04e-05
  batch 19800/24569 | ce 3.8962 | cov 0.5309 | λ_cov=0.5 | grad 3.257 | lr 4.04e-05
  batch 19900/24569 | ce 3.9436 | cov 0.5158 | λ_cov=0.5 | grad 2.833 | lr 4.04e-05
  batch 20000/24569 | ce 4.2060 | cov 0.5232 | λ_cov=0.5 | grad 3.086 | lr 4.03e-05
  batch 20100/24569 | ce 3.8515 | cov 0.5307 | λ_cov=0.5 | grad 2.357 | lr 4.03e-05
  batch 20200/24569 | ce 4.0196 | cov 0.5391 | λ_cov=0.5 | grad 2.544 | lr 4.03e-05
  batch 20300/24569 | ce 4.0919 | cov 0.5258 | λ_cov=0.5 | grad 2.547 | lr 4.03e-05
  batch 20400/24569 | ce 3.7453 | cov 0.5258 | λ_cov=0.5 | grad 2.640 | lr 4.03e-05
  batch 20500/24569 | ce 3.9087 | cov 0.5455 | λ_cov=0.5 | grad 2.345 | lr 4.02e-05
  batch 20600/24569 | ce 4.0168 | cov 0.5275 | λ_cov=0.5 | grad 2.977 | lr 4.02e-05
  batch 20700/24569 | ce 3.9472 | cov 0.5424 | λ_cov=0.5 | grad 2.683 | lr 4.02e-05
  batch 20800/24569 | ce 3.7288 | cov 0.5313 | λ_cov=0.5 | grad 2.510 | lr 4.02e-05
  batch 20900/24569 | ce 4.0398 | cov 0.5563 | λ_cov=0.5 | grad 4.196 | lr 4.02e-05
  batch 21000/24569 | ce 3.8343 | cov 0.5241 | λ_cov=0.5 | grad 2.604 | lr 4.01e-05
  batch 21100/24569 | ce 3.8854 | cov 0.5225 | λ_cov=0.5 | grad 2.570 | lr 4.01e-05
  batch 21200/24569 | ce 3.9099 | cov 0.5054 | λ_cov=0.5 | grad 5.339 | lr 4.01e-05
  batch 21300/24569 | ce 3.8196 | cov 0.5276 | λ_cov=0.5 | grad 2.640 | lr 4.01e-05
  batch 21400/24569 | ce 3.8321 | cov 0.5317 | λ_cov=0.5 | grad 2.478 | lr 4.01e-05
  batch 21500/24569 | ce 3.8722 | cov 0.5231 | λ_cov=0.5 | grad 2.599 | lr 4.00e-05
  batch 21600/24569 | ce 4.0744 | cov 0.5305 | λ_cov=0.5 | grad 2.402 | lr 4.00e-05
  batch 21700/24569 | ce 3.8794 | cov 0.5142 | λ_cov=0.5 | grad 2.343 | lr 4.00e-05
  batch 21800/24569 | ce 3.7561 | cov 0.5258 | λ_cov=0.5 | grad 2.380 | lr 4.00e-05
  batch 21900/24569 | ce 4.0060 | cov 0.5324 | λ_cov=0.5 | grad 2.531 | lr 4.00e-05
  batch 22000/24569 | ce 3.9094 | cov 0.5337 | λ_cov=0.5 | grad 3.035 | lr 3.99e-05
  batch 22100/24569 | ce 4.1423 | cov 0.5341 | λ_cov=0.5 | grad 2.675 | lr 3.99e-05
  batch 22200/24569 | ce 3.9687 | cov 0.5273 | λ_cov=0.5 | grad 2.437 | lr 3.99e-05
  batch 22300/24569 | ce 3.9257 | cov 0.5348 | λ_cov=0.5 | grad 2.476 | lr 3.99e-05
  batch 22400/24569 | ce 4.1484 | cov 0.5398 | λ_cov=0.5 | grad 2.841 | lr 3.99e-05
  batch 22500/24569 | ce 3.9824 | cov 0.5235 | λ_cov=0.5 | grad 2.394 | lr 3.99e-05
  batch 22600/24569 | ce 3.9783 | cov 0.5268 | λ_cov=0.5 | grad 2.391 | lr 3.98e-05
  batch 22700/24569 | ce 3.8812 | cov 0.5075 | λ_cov=0.5 | grad 2.489 | lr 3.98e-05
  batch 22800/24569 | ce 4.1941 | cov 0.5207 | λ_cov=0.5 | grad 2.481 | lr 3.98e-05
  batch 22900/24569 | ce 4.0349 | cov 0.5201 | λ_cov=0.5 | grad 6.036 | lr 3.98e-05
  batch 23000/24569 | ce 3.5550 | cov 0.5018 | λ_cov=0.5 | grad 3.685 | lr 3.98e-05
  batch 23100/24569 | ce 3.8448 | cov 0.5103 | λ_cov=0.5 | grad 2.568 | lr 3.97e-05
  batch 23200/24569 | ce 4.1794 | cov 0.5583 | λ_cov=0.5 | grad 2.525 | lr 3.97e-05
  batch 23300/24569 | ce 3.9045 | cov 0.5403 | λ_cov=0.5 | grad 2.436 | lr 3.97e-05
  batch 23400/24569 | ce 4.1246 | cov 0.5488 | λ_cov=0.5 | grad 3.065 | lr 3.97e-05
  batch 23500/24569 | ce 3.9704 | cov 0.5259 | λ_cov=0.5 | grad 2.437 | lr 3.97e-05
  batch 23600/24569 | ce 3.8493 | cov 0.5189 | λ_cov=0.5 | grad 2.372 | lr 3.96e-05
  batch 23700/24569 | ce 4.0230 | cov 0.5298 | λ_cov=0.5 | grad 2.490 | lr 3.96e-05
  batch 23800/24569 | ce 3.8285 | cov 0.5178 | λ_cov=0.5 | grad 2.461 | lr 3.96e-05
  batch 23900/24569 | ce 4.0765 | cov 0.5307 | λ_cov=0.5 | grad 3.124 | lr 3.96e-05
  batch 24000/24569 | ce 4.0079 | cov 0.5285 | λ_cov=0.5 | grad 2.785 | lr 3.96e-05
  batch 24100/24569 | ce 4.1785 | cov 0.5362 | λ_cov=0.5 | grad 3.451 | lr 3.95e-05
  batch 24200/24569 | ce 4.1408 | cov 0.5757 | λ_cov=0.5 | grad 2.801 | lr 3.95e-05
  batch 24300/24569 | ce 3.6967 | cov 0.5036 | λ_cov=0.5 | grad 2.532 | lr 3.95e-05
  batch 24400/24569 | ce 3.9332 | cov 0.5165 | λ_cov=0.5 | grad 2.585 | lr 3.95e-05
  batch 24500/24569 | ce 3.9981 | cov 0.5395 | λ_cov=0.5 | grad 2.530 | lr 3.95e-05

Epoch 6/15 | time: 62.2min | unfreeze stage 3 | trainable 32,413,184
  train ce loss: 3.9278
  coverage loss: 0.5314  (λ=0.5)
    legal_chunk  : 4.2055
    second_pass  : 2.2888
    arxiv_anchor : 5.4131
    cnn_anchor   : 5.8549
  val loss     : 3.7611
  perplexity   : 43.00
  lr           : 3.94e-05
  sample       : On October 23, 2015, the plaintiffs filed a class action lawsuit in the U.S. District Court for the Southern District of Alabama against the City of Alabama. The plaintiffs sued the City of Montgomery
  reference    : On March 8th, 2014, several citizens of Montgomery, Alabama, who had been imprisoned for failing to pay traffic fines, filed a lawsuit in the U.S. District Court for the Middle District of Alabama, un
  >> new best val loss — saved stage3_best.pt
  >> BELOW Stage 2 val loss (4.3827)
  batch   100/24569 | ce 4.1791 | cov 0.5283 | λ_cov=0.5 | grad 4.012 | lr 3.94e-05
  batch   200/24569 | ce 4.1131 | cov 0.5531 | λ_cov=0.5 | grad 8.791 | lr 3.94e-05
  batch   300/24569 | ce 4.0890 | cov 0.5361 | λ_cov=0.5 | grad 2.630 | lr 3.94e-05
  batch   400/24569 | ce 3.7676 | cov 0.5441 | λ_cov=0.5 | grad 2.646 | lr 3.94e-05
  batch   500/24569 | ce 3.9980 | cov 0.5340 | λ_cov=0.5 | grad 2.534 | lr 3.93e-05
  batch   600/24569 | ce 3.6661 | cov 0.5152 | λ_cov=0.5 | grad 2.650 | lr 3.93e-05
  batch   700/24569 | ce 4.0844 | cov 0.5096 | λ_cov=0.5 | grad 3.114 | lr 3.93e-05
  batch   800/24569 | ce 3.7007 | cov 0.5141 | λ_cov=0.5 | grad 2.513 | lr 3.93e-05
  batch   900/24569 | ce 3.8883 | cov 0.5365 | λ_cov=0.5 | grad 2.515 | lr 3.93e-05
  batch  1000/24569 | ce 4.1209 | cov 0.5176 | λ_cov=0.5 | grad 2.524 | lr 3.92e-05
  batch  1100/24569 | ce 4.1867 | cov 0.5593 | λ_cov=0.5 | grad 3.324 | lr 3.92e-05
  batch  1200/24569 | ce 4.1972 | cov 0.5331 | λ_cov=0.5 | grad 2.713 | lr 3.92e-05
  batch  1300/24569 | ce 3.9129 | cov 0.5342 | λ_cov=0.5 | grad 2.602 | lr 3.92e-05
  batch  1400/24569 | ce 3.4658 | cov 0.5358 | λ_cov=0.5 | grad 2.421 | lr 3.92e-05
  batch  1500/24569 | ce 3.9341 | cov 0.5342 | λ_cov=0.5 | grad 2.472 | lr 3.91e-05
  batch  1600/24569 | ce 4.0961 | cov 0.5426 | λ_cov=0.5 | grad 2.392 | lr 3.91e-05
  batch  1700/24569 | ce 3.9756 | cov 0.5298 | λ_cov=0.5 | grad 2.720 | lr 3.91e-05
  batch  1800/24569 | ce 4.0773 | cov 0.5234 | λ_cov=0.5 | grad 2.439 | lr 3.91e-05
  batch  1900/24569 | ce 3.9845 | cov 0.5168 | λ_cov=0.5 | grad 2.382 | lr 3.91e-05
  batch  2000/24569 | ce 3.7484 | cov 0.5179 | λ_cov=0.5 | grad 3.091 | lr 3.90e-05
  batch  2100/24569 | ce 3.8226 | cov 0.5228 | λ_cov=0.5 | grad 20.519 | lr 3.90e-05
  batch  2200/24569 | ce 3.7343 | cov 0.5192 | λ_cov=0.5 | grad 2.584 | lr 3.90e-05
  batch  2300/24569 | ce 3.6854 | cov 0.5220 | λ_cov=0.5 | grad 2.531 | lr 3.90e-05
  batch  2400/24569 | ce 4.0118 | cov 0.5553 | λ_cov=0.5 | grad 2.481 | lr 3.90e-05
  batch  2500/24569 | ce 3.9339 | cov 0.5221 | λ_cov=0.5 | grad 2.685 | lr 3.89e-05
  batch  2600/24569 | ce 3.7150 | cov 0.5337 | λ_cov=0.5 | grad 2.319 | lr 3.89e-05
  batch  2700/24569 | ce 3.8576 | cov 0.5175 | λ_cov=0.5 | grad 2.508 | lr 3.89e-05
  batch  2800/24569 | ce 4.0894 | cov 0.5295 | λ_cov=0.5 | grad 2.785 | lr 3.89e-05
  batch  2900/24569 | ce 3.7178 | cov 0.5290 | λ_cov=0.5 | grad 2.512 | lr 3.89e-05
  batch  3000/24569 | ce 3.9923 | cov 0.5248 | λ_cov=0.5 | grad 2.420 | lr 3.88e-05
  batch  3100/24569 | ce 3.7993 | cov 0.5145 | λ_cov=0.5 | grad 2.507 | lr 3.88e-05
  batch  3200/24569 | ce 4.0780 | cov 0.5306 | λ_cov=0.5 | grad 2.511 | lr 3.88e-05
  batch  3300/24569 | ce 3.8177 | cov 0.5135 | λ_cov=0.5 | grad 2.370 | lr 3.88e-05
  batch  3400/24569 | ce 3.8705 | cov 0.5334 | λ_cov=0.5 | grad 2.358 | lr 3.88e-05
  batch  3500/24569 | ce 4.0307 | cov 0.5135 | λ_cov=0.5 | grad 2.946 | lr 3.87e-05
  batch  3600/24569 | ce 3.9040 | cov 0.5226 | λ_cov=0.5 | grad 3.267 | lr 3.87e-05
  batch  3700/24569 | ce 3.8279 | cov 0.5327 | λ_cov=0.5 | grad 2.628 | lr 3.87e-05
  batch  3800/24569 | ce 4.0653 | cov 0.5317 | λ_cov=0.5 | grad 2.541 | lr 3.87e-05
  batch  3900/24569 | ce 3.8606 | cov 0.5257 | λ_cov=0.5 | grad 2.343 | lr 3.87e-05
  batch  4000/24569 | ce 4.1821 | cov 0.5510 | λ_cov=0.5 | grad 2.611 | lr 3.86e-05
  batch  4100/24569 | ce 3.9783 | cov 0.5292 | λ_cov=0.5 | grad 2.501 | lr 3.86e-05
  batch  4200/24569 | ce 4.1110 | cov 0.5434 | λ_cov=0.5 | grad 2.785 | lr 3.86e-05
  batch  4300/24569 | ce 3.8967 | cov 0.5403 | λ_cov=0.5 | grad 2.518 | lr 3.86e-05
  batch  4400/24569 | ce 3.8938 | cov 0.5374 | λ_cov=0.5 | grad 2.404 | lr 3.86e-05
  batch  4500/24569 | ce 3.8671 | cov 0.5206 | λ_cov=0.5 | grad 2.609 | lr 3.85e-05
  batch  4600/24569 | ce 3.9040 | cov 0.5243 | λ_cov=0.5 | grad 2.710 | lr 3.85e-05
  batch  4700/24569 | ce 3.7898 | cov 0.5196 | λ_cov=0.5 | grad 2.627 | lr 3.85e-05
  batch  4800/24569 | ce 4.1131 | cov 0.5328 | λ_cov=0.5 | grad 2.465 | lr 3.85e-05
  batch  4900/24569 | ce 4.0652 | cov 0.5204 | λ_cov=0.5 | grad 2.490 | lr 3.85e-05
  batch  5000/24569 | ce 4.0222 | cov 0.5241 | λ_cov=0.5 | grad 2.390 | lr 3.84e-05
  batch  5100/24569 | ce 3.7346 | cov 0.5234 | λ_cov=0.5 | grad 2.682 | lr 3.84e-05
  batch  5200/24569 | ce 3.7327 | cov 0.5308 | λ_cov=0.5 | grad 2.869 | lr 3.84e-05
  batch  5300/24569 | ce 3.6135 | cov 0.5226 | λ_cov=0.5 | grad 2.468 | lr 3.84e-05
  batch  5400/24569 | ce 4.3039 | cov 0.5723 | λ_cov=0.5 | grad 2.612 | lr 3.84e-05
  batch  5500/24569 | ce 4.0005 | cov 0.5253 | λ_cov=0.5 | grad 2.398 | lr 3.83e-05
  batch  5600/24569 | ce 4.0343 | cov 0.5216 | λ_cov=0.5 | grad 2.971 | lr 3.83e-05
  batch  5700/24569 | ce 4.0525 | cov 0.5607 | λ_cov=0.5 | grad 2.512 | lr 3.83e-05
  batch  5800/24569 | ce 3.8814 | cov 0.5223 | λ_cov=0.5 | grad 2.764 | lr 3.83e-05
  batch  5900/24569 | ce 3.7819 | cov 0.5229 | λ_cov=0.5 | grad 2.845 | lr 3.83e-05
  batch  6000/24569 | ce 4.1111 | cov 0.5244 | λ_cov=0.5 | grad 5.699 | lr 3.82e-05
  batch  6100/24569 | ce 3.8266 | cov 0.5175 | λ_cov=0.5 | grad 2.349 | lr 3.82e-05
  batch  6200/24569 | ce 3.9509 | cov 0.5307 | λ_cov=0.5 | grad 2.610 | lr 3.82e-05
  batch  6300/24569 | ce 3.6649 | cov 0.5363 | λ_cov=0.5 | grad 2.667 | lr 3.82e-05
  batch  6400/24569 | ce 3.9277 | cov 0.5180 | λ_cov=0.5 | grad 2.468 | lr 3.81e-05
  batch  6500/24569 | ce 3.8412 | cov 0.5239 | λ_cov=0.5 | grad 2.745 | lr 3.81e-05
  batch  6600/24569 | ce 3.8794 | cov 0.5136 | λ_cov=0.5 | grad 2.573 | lr 3.81e-05
  batch  6700/24569 | ce 3.9965 | cov 0.5398 | λ_cov=0.5 | grad 2.350 | lr 3.81e-05
  batch  6800/24569 | ce 3.9390 | cov 0.5320 | λ_cov=0.5 | grad 3.696 | lr 3.81e-05
  batch  6900/24569 | ce 4.1682 | cov 0.5389 | λ_cov=0.5 | grad 2.836 | lr 3.80e-05
  batch  7000/24569 | ce 3.8805 | cov 0.5239 | λ_cov=0.5 | grad 2.760 | lr 3.80e-05
  batch  7100/24569 | ce 4.0702 | cov 0.5113 | λ_cov=0.5 | grad 3.248 | lr 3.80e-05
  batch  7200/24569 | ce 4.0414 | cov 0.5105 | λ_cov=0.5 | grad 2.513 | lr 3.80e-05
  batch  7300/24569 | ce 3.6988 | cov 0.5056 | λ_cov=0.5 | grad 2.864 | lr 3.80e-05
  batch  7400/24569 | ce 3.7833 | cov 0.5328 | λ_cov=0.5 | grad 2.808 | lr 3.79e-05
  batch  7500/24569 | ce 4.0766 | cov 0.5331 | λ_cov=0.5 | grad 2.558 | lr 3.79e-05
  batch  7600/24569 | ce 3.7449 | cov 0.5096 | λ_cov=0.5 | grad 2.412 | lr 3.79e-05
  batch  7700/24569 | ce 3.6781 | cov 0.5128 | λ_cov=0.5 | grad 2.827 | lr 3.79e-05
  batch  7800/24569 | ce 3.7950 | cov 0.5202 | λ_cov=0.5 | grad 2.879 | lr 3.79e-05
  batch  7900/24569 | ce 3.6229 | cov 0.5078 | λ_cov=0.5 | grad 2.383 | lr 3.78e-05
  batch  8000/24569 | ce 4.0380 | cov 0.5186 | λ_cov=0.5 | grad 2.491 | lr 3.78e-05
  batch  8100/24569 | ce 4.1045 | cov 0.5356 | λ_cov=0.5 | grad 2.445 | lr 3.78e-05
  batch  8200/24569 | ce 3.7795 | cov 0.5216 | λ_cov=0.5 | grad 2.591 | lr 3.78e-05
  batch  8300/24569 | ce 3.9658 | cov 0.5285 | λ_cov=0.5 | grad 2.776 | lr 3.78e-05
  batch  8400/24569 | ce 3.9145 | cov 0.5356 | λ_cov=0.5 | grad 2.568 | lr 3.77e-05
  batch  8500/24569 | ce 3.8910 | cov 0.5381 | λ_cov=0.5 | grad 2.469 | lr 3.77e-05
  batch  8600/24569 | ce 4.0137 | cov 0.5206 | λ_cov=0.5 | grad 2.514 | lr 3.77e-05
  batch  8700/24569 | ce 4.4696 | cov 0.5593 | λ_cov=0.5 | grad 2.717 | lr 3.77e-05
  batch  8800/24569 | ce 3.7914 | cov 0.5220 | λ_cov=0.5 | grad 2.675 | lr 3.77e-05
  batch  8900/24569 | ce 4.1287 | cov 0.5226 | λ_cov=0.5 | grad 2.544 | lr 3.76e-05
  batch  9000/24569 | ce 3.7929 | cov 0.5359 | λ_cov=0.5 | grad 2.308 | lr 3.76e-05
  batch  9100/24569 | ce 3.7490 | cov 0.5321 | λ_cov=0.5 | grad 2.326 | lr 3.76e-05
  batch  9200/24569 | ce 3.7763 | cov 0.5196 | λ_cov=0.5 | grad 2.517 | lr 3.76e-05
  batch  9300/24569 | ce 3.7757 | cov 0.5239 | λ_cov=0.5 | grad 2.516 | lr 3.75e-05
  batch  9400/24569 | ce 3.9057 | cov 0.5280 | λ_cov=0.5 | grad 2.907 | lr 3.75e-05
  batch  9500/24569 | ce 3.9287 | cov 0.5200 | λ_cov=0.5 | grad 2.366 | lr 3.75e-05
  batch  9600/24569 | ce 3.8147 | cov 0.5310 | λ_cov=0.5 | grad 2.559 | lr 3.75e-05
  batch  9700/24569 | ce 3.9707 | cov 0.5357 | λ_cov=0.5 | grad 2.559 | lr 3.75e-05
  batch  9800/24569 | ce 4.0603 | cov 0.5592 | λ_cov=0.5 | grad 2.390 | lr 3.74e-05
  batch  9900/24569 | ce 3.8473 | cov 0.5060 | λ_cov=0.5 | grad 2.671 | lr 3.74e-05
  batch 10000/24569 | ce 3.9099 | cov 0.5080 | λ_cov=0.5 | grad 2.920 | lr 3.74e-05
  batch 10100/24569 | ce 4.0215 | cov 0.5424 | λ_cov=0.5 | grad 3.017 | lr 3.74e-05
  batch 10200/24569 | ce 4.0204 | cov 0.5427 | λ_cov=0.5 | grad 2.558 | lr 3.74e-05
  batch 10300/24569 | ce 3.5754 | cov 0.5244 | λ_cov=0.5 | grad 2.309 | lr 3.73e-05
  batch 10400/24569 | ce 3.7262 | cov 0.5213 | λ_cov=0.5 | grad 5.757 | lr 3.73e-05
  batch 10500/24569 | ce 3.8882 | cov 0.5331 | λ_cov=0.5 | grad 2.620 | lr 3.73e-05
  batch 10600/24569 | ce 4.0099 | cov 0.5178 | λ_cov=0.5 | grad 2.837 | lr 3.73e-05
  batch 10700/24569 | ce 3.9652 | cov 0.5357 | λ_cov=0.5 | grad 3.221 | lr 3.73e-05
  batch 10800/24569 | ce 4.2010 | cov 0.5425 | λ_cov=0.5 | grad 2.846 | lr 3.72e-05
  batch 10900/24569 | ce 4.0105 | cov 0.5125 | λ_cov=0.5 | grad 2.486 | lr 3.72e-05
  batch 11000/24569 | ce 4.0523 | cov 0.5489 | λ_cov=0.5 | grad 2.459 | lr 3.72e-05
  batch 11100/24569 | ce 4.0105 | cov 0.5044 | λ_cov=0.5 | grad 2.532 | lr 3.72e-05
  batch 11200/24569 | ce 4.1630 | cov 0.5304 | λ_cov=0.5 | grad 2.860 | lr 3.71e-05
  batch 11300/24569 | ce 3.7044 | cov 0.5284 | λ_cov=0.5 | grad 2.811 | lr 3.71e-05
  batch 11400/24569 | ce 4.0356 | cov 0.5421 | λ_cov=0.5 | grad 2.724 | lr 3.71e-05
  batch 11500/24569 | ce 3.9161 | cov 0.5247 | λ_cov=0.5 | grad 2.703 | lr 3.71e-05
  batch 11600/24569 | ce 4.0261 | cov 0.5206 | λ_cov=0.5 | grad 2.741 | lr 3.71e-05
  batch 11700/24569 | ce 3.7653 | cov 0.5164 | λ_cov=0.5 | grad 2.655 | lr 3.70e-05
  batch 11800/24569 | ce 4.0467 | cov 0.5305 | λ_cov=0.5 | grad 2.547 | lr 3.70e-05
  batch 11900/24569 | ce 3.9867 | cov 0.5472 | λ_cov=0.5 | grad 2.379 | lr 3.70e-05
  batch 12000/24569 | ce 3.9364 | cov 0.5200 | λ_cov=0.5 | grad 3.415 | lr 3.70e-05
  batch 12100/24569 | ce 4.0732 | cov 0.5330 | λ_cov=0.5 | grad 2.722 | lr 3.70e-05
  batch 12200/24569 | ce 3.6961 | cov 0.5156 | λ_cov=0.5 | grad 2.782 | lr 3.69e-05
  batch 12300/24569 | ce 3.7159 | cov 0.5460 | λ_cov=0.5 | grad 2.373 | lr 3.69e-05
  batch 12400/24569 | ce 3.8835 | cov 0.5190 | λ_cov=0.5 | grad 2.254 | lr 3.69e-05
  batch 12500/24569 | ce 4.0225 | cov 0.5335 | λ_cov=0.5 | grad 2.415 | lr 3.69e-05
  batch 12600/24569 | ce 4.1135 | cov 0.5328 | λ_cov=0.5 | grad 2.518 | lr 3.68e-05
  batch 12700/24569 | ce 4.0483 | cov 0.5330 | λ_cov=0.5 | grad 2.628 | lr 3.68e-05
  batch 12800/24569 | ce 3.6711 | cov 0.5116 | λ_cov=0.5 | grad 2.473 | lr 3.68e-05
  batch 12900/24569 | ce 3.8449 | cov 0.5580 | λ_cov=0.5 | grad 2.581 | lr 3.68e-05
  batch 13000/24569 | ce 3.6813 | cov 0.5243 | λ_cov=0.5 | grad 2.512 | lr 3.68e-05
  batch 13100/24569 | ce 3.9560 | cov 0.5297 | λ_cov=0.5 | grad 2.558 | lr 3.67e-05
  batch 13200/24569 | ce 3.9308 | cov 0.5402 | λ_cov=0.5 | grad 2.476 | lr 3.67e-05
  batch 13300/24569 | ce 3.8802 | cov 0.5236 | λ_cov=0.5 | grad 2.585 | lr 3.67e-05
  batch 13400/24569 | ce 4.1023 | cov 0.5345 | λ_cov=0.5 | grad 2.576 | lr 3.67e-05
  batch 13500/24569 | ce 3.9781 | cov 0.5196 | λ_cov=0.5 | grad 2.579 | lr 3.67e-05
  batch 13600/24569 | ce 4.0571 | cov 0.5377 | λ_cov=0.5 | grad 2.465 | lr 3.66e-05
  batch 13700/24569 | ce 3.7808 | cov 0.5201 | λ_cov=0.5 | grad 2.189 | lr 3.66e-05
  batch 13800/24569 | ce 4.0279 | cov 0.5480 | λ_cov=0.5 | grad 2.762 | lr 3.66e-05
  batch 13900/24569 | ce 3.6926 | cov 0.5223 | λ_cov=0.5 | grad 2.546 | lr 3.66e-05
  batch 14000/24569 | ce 3.8275 | cov 0.5186 | λ_cov=0.5 | grad 2.261 | lr 3.65e-05
  batch 14100/24569 | ce 4.0000 | cov 0.5512 | λ_cov=0.5 | grad 2.496 | lr 3.65e-05
  batch 14200/24569 | ce 3.7557 | cov 0.5349 | λ_cov=0.5 | grad 2.702 | lr 3.65e-05
  batch 14300/24569 | ce 3.9975 | cov 0.5251 | λ_cov=0.5 | grad 2.873 | lr 3.65e-05
  batch 14400/24569 | ce 3.7021 | cov 0.5211 | λ_cov=0.5 | grad 2.293 | lr 3.65e-05
  batch 14500/24569 | ce 3.6998 | cov 0.5315 | λ_cov=0.5 | grad 3.154 | lr 3.64e-05
  batch 14600/24569 | ce 3.7040 | cov 0.5173 | λ_cov=0.5 | grad 2.671 | lr 3.64e-05
  batch 14700/24569 | ce 3.6744 | cov 0.5396 | λ_cov=0.5 | grad 2.505 | lr 3.64e-05
  batch 14800/24569 | ce 4.1729 | cov 0.5592 | λ_cov=0.5 | grad 2.531 | lr 3.64e-05
  batch 14900/24569 | ce 3.8176 | cov 0.5042 | λ_cov=0.5 | grad 2.319 | lr 3.64e-05
  batch 15000/24569 | ce 3.6788 | cov 0.5311 | λ_cov=0.5 | grad 2.482 | lr 3.63e-05
  batch 15100/24569 | ce 3.6445 | cov 0.5174 | λ_cov=0.5 | grad 2.802 | lr 3.63e-05
  batch 15200/24569 | ce 3.6883 | cov 0.5197 | λ_cov=0.5 | grad 3.041 | lr 3.63e-05
  batch 15300/24569 | ce 4.0295 | cov 0.5410 | λ_cov=0.5 | grad 2.855 | lr 3.63e-05
  batch 15400/24569 | ce 3.7436 | cov 0.5346 | λ_cov=0.5 | grad 2.328 | lr 3.62e-05
  batch 15500/24569 | ce 3.7862 | cov 0.5231 | λ_cov=0.5 | grad 2.544 | lr 3.62e-05
  batch 15600/24569 | ce 3.7500 | cov 0.5275 | λ_cov=0.5 | grad 2.427 | lr 3.62e-05
  batch 15700/24569 | ce 3.8541 | cov 0.5385 | λ_cov=0.5 | grad 2.387 | lr 3.62e-05
  batch 15800/24569 | ce 3.8214 | cov 0.5259 | λ_cov=0.5 | grad 3.476 | lr 3.62e-05
  batch 15900/24569 | ce 3.7090 | cov 0.5173 | λ_cov=0.5 | grad 2.320 | lr 3.61e-05
  batch 16000/24569 | ce 3.9854 | cov 0.5437 | λ_cov=0.5 | grad 2.401 | lr 3.61e-05
  batch 16100/24569 | ce 4.2851 | cov 0.5181 | λ_cov=0.5 | grad 3.291 | lr 3.61e-05
  batch 16200/24569 | ce 3.8339 | cov 0.5152 | λ_cov=0.5 | grad 2.198 | lr 3.61e-05
  batch 16300/24569 | ce 4.2690 | cov 0.5377 | λ_cov=0.5 | grad 4.959 | lr 3.60e-05
  batch 16400/24569 | ce 3.8066 | cov 0.5376 | λ_cov=0.5 | grad 4.105 | lr 3.60e-05
  batch 16500/24569 | ce 3.5159 | cov 0.5126 | λ_cov=0.5 | grad 2.124 | lr 3.60e-05
  batch 16600/24569 | ce 3.8429 | cov 0.5022 | λ_cov=0.5 | grad 2.464 | lr 3.60e-05
  batch 16700/24569 | ce 3.8114 | cov 0.5287 | λ_cov=0.5 | grad 4.961 | lr 3.60e-05
  batch 16800/24569 | ce 3.7878 | cov 0.5360 | λ_cov=0.5 | grad 2.917 | lr 3.59e-05
  batch 16900/24569 | ce 3.8329 | cov 0.5213 | λ_cov=0.5 | grad 2.526 | lr 3.59e-05
  batch 17000/24569 | ce 3.8467 | cov 0.5188 | λ_cov=0.5 | grad 2.620 | lr 3.59e-05
  batch 17100/24569 | ce 3.8606 | cov 0.5459 | λ_cov=0.5 | grad 2.556 | lr 3.59e-05
  batch 17200/24569 | ce 3.6754 | cov 0.5127 | λ_cov=0.5 | grad 2.591 | lr 3.59e-05
  batch 17300/24569 | ce 4.0368 | cov 0.5094 | λ_cov=0.5 | grad 2.486 | lr 3.58e-05
  batch 17400/24569 | ce 3.8477 | cov 0.5266 | λ_cov=0.5 | grad 2.395 | lr 3.58e-05
  batch 17500/24569 | ce 4.0600 | cov 0.5373 | λ_cov=0.5 | grad 2.697 | lr 3.58e-05
  batch 17600/24569 | ce 3.5860 | cov 0.5141 | λ_cov=0.5 | grad 2.746 | lr 3.58e-05
  batch 17700/24569 | ce 3.8763 | cov 0.5252 | λ_cov=0.5 | grad 2.328 | lr 3.57e-05
  batch 17800/24569 | ce 4.0108 | cov 0.5366 | λ_cov=0.5 | grad 2.597 | lr 3.57e-05
  batch 17900/24569 | ce 4.1724 | cov 0.5239 | λ_cov=0.5 | grad 2.558 | lr 3.57e-05
  batch 18000/24569 | ce 3.5794 | cov 0.5054 | λ_cov=0.5 | grad 2.624 | lr 3.57e-05
  batch 18100/24569 | ce 3.7115 | cov 0.5149 | λ_cov=0.5 | grad 3.373 | lr 3.57e-05
  batch 18200/24569 | ce 3.7829 | cov 0.5055 | λ_cov=0.5 | grad 2.342 | lr 3.56e-05
  batch 18300/24569 | ce 3.7754 | cov 0.5381 | λ_cov=0.5 | grad 6.356 | lr 3.56e-05
  batch 18400/24569 | ce 3.9757 | cov 0.5375 | λ_cov=0.5 | grad 2.544 | lr 3.56e-05
  batch 18500/24569 | ce 3.9547 | cov 0.5448 | λ_cov=0.5 | grad 2.684 | lr 3.56e-05
  batch 18600/24569 | ce 4.0564 | cov 0.5437 | λ_cov=0.5 | grad 2.760 | lr 3.55e-05
  batch 18700/24569 | ce 4.0541 | cov 0.5079 | λ_cov=0.5 | grad 4.117 | lr 3.55e-05
  batch 18800/24569 | ce 3.9404 | cov 0.5462 | λ_cov=0.5 | grad 2.407 | lr 3.55e-05
  batch 18900/24569 | ce 3.9821 | cov 0.5497 | λ_cov=0.5 | grad 2.438 | lr 3.55e-05
  batch 19000/24569 | ce 3.7860 | cov 0.5395 | λ_cov=0.5 | grad 2.623 | lr 3.55e-05
  batch 19100/24569 | ce 3.7221 | cov 0.5320 | λ_cov=0.5 | grad 2.217 | lr 3.54e-05
  batch 19200/24569 | ce 4.0367 | cov 0.5302 | λ_cov=0.5 | grad 2.692 | lr 3.54e-05
  batch 19300/24569 | ce 4.1342 | cov 0.5331 | λ_cov=0.5 | grad 4.804 | lr 3.54e-05
  batch 19400/24569 | ce 3.9678 | cov 0.5344 | λ_cov=0.5 | grad 2.603 | lr 3.54e-05
  batch 19500/24569 | ce 3.9980 | cov 0.5260 | λ_cov=0.5 | grad 3.689 | lr 3.53e-05
  batch 19600/24569 | ce 3.6565 | cov 0.5032 | λ_cov=0.5 | grad 3.132 | lr 3.53e-05
  batch 19700/24569 | ce 3.8717 | cov 0.5103 | λ_cov=0.5 | grad 2.967 | lr 3.53e-05
  batch 19800/24569 | ce 3.8121 | cov 0.5186 | λ_cov=0.5 | grad 2.379 | lr 3.53e-05
  batch 19900/24569 | ce 3.9253 | cov 0.5458 | λ_cov=0.5 | grad 2.262 | lr 3.53e-05
  batch 20000/24569 | ce 3.5390 | cov 0.5091 | λ_cov=0.5 | grad 2.751 | lr 3.52e-05
  batch 20100/24569 | ce 3.8658 | cov 0.5166 | λ_cov=0.5 | grad 2.517 | lr 3.52e-05
  batch 20200/24569 | ce 3.8557 | cov 0.5356 | λ_cov=0.5 | grad 2.607 | lr 3.52e-05
  batch 20300/24569 | ce 3.9915 | cov 0.5417 | λ_cov=0.5 | grad 2.693 | lr 3.52e-05
  batch 20400/24569 | ce 3.9561 | cov 0.5261 | λ_cov=0.5 | grad 2.492 | lr 3.51e-05
  batch 20500/24569 | ce 3.9583 | cov 0.5498 | λ_cov=0.5 | grad 3.599 | lr 3.51e-05
  batch 20600/24569 | ce 3.9422 | cov 0.5249 | λ_cov=0.5 | grad 2.289 | lr 3.51e-05
  batch 20700/24569 | ce 3.8858 | cov 0.5241 | λ_cov=0.5 | grad 2.518 | lr 3.51e-05
  batch 20800/24569 | ce 3.8438 | cov 0.5505 | λ_cov=0.5 | grad 4.053 | lr 3.51e-05
  batch 20900/24569 | ce 3.7968 | cov 0.5181 | λ_cov=0.5 | grad 2.666 | lr 3.50e-05
  batch 21000/24569 | ce 3.7817 | cov 0.5157 | λ_cov=0.5 | grad 2.644 | lr 3.50e-05
  batch 21100/24569 | ce 3.9204 | cov 0.5314 | λ_cov=0.5 | grad 2.596 | lr 3.50e-05
  batch 21200/24569 | ce 4.0765 | cov 0.5557 | λ_cov=0.5 | grad 2.811 | lr 3.50e-05
  batch 21300/24569 | ce 3.6492 | cov 0.5370 | λ_cov=0.5 | grad 2.583 | lr 3.49e-05
  batch 21400/24569 | ce 4.2419 | cov 0.5474 | λ_cov=0.5 | grad 2.835 | lr 3.49e-05
  batch 21500/24569 | ce 3.8137 | cov 0.5081 | λ_cov=0.5 | grad 2.858 | lr 3.49e-05
  batch 21600/24569 | ce 3.9796 | cov 0.5489 | λ_cov=0.5 | grad 2.765 | lr 3.49e-05
  batch 21700/24569 | ce 3.8014 | cov 0.5165 | λ_cov=0.5 | grad 2.334 | lr 3.49e-05
  batch 21800/24569 | ce 4.1410 | cov 0.5205 | λ_cov=0.5 | grad 2.446 | lr 3.48e-05
  batch 21900/24569 | ce 4.1551 | cov 0.5366 | λ_cov=0.5 | grad 4.399 | lr 3.48e-05
  batch 22000/24569 | ce 3.9145 | cov 0.5380 | λ_cov=0.5 | grad 3.449 | lr 3.48e-05
  batch 22100/24569 | ce 3.7329 | cov 0.5214 | λ_cov=0.5 | grad 4.592 | lr 3.48e-05
  batch 22200/24569 | ce 3.8766 | cov 0.5413 | λ_cov=0.5 | grad 3.377 | lr 3.47e-05
  batch 22300/24569 | ce 4.1736 | cov 0.5349 | λ_cov=0.5 | grad 2.484 | lr 3.47e-05
  batch 22400/24569 | ce 3.9881 | cov 0.5501 | λ_cov=0.5 | grad 2.417 | lr 3.47e-05
  batch 22500/24569 | ce 3.7564 | cov 0.5118 | λ_cov=0.5 | grad 2.792 | lr 3.47e-05
  batch 22600/24569 | ce 4.0568 | cov 0.5223 | λ_cov=0.5 | grad 3.309 | lr 3.47e-05
  batch 22700/24569 | ce 3.7407 | cov 0.5142 | λ_cov=0.5 | grad 2.398 | lr 3.46e-05
  batch 22800/24569 | ce 3.7375 | cov 0.5353 | λ_cov=0.5 | grad 2.466 | lr 3.46e-05
  batch 22900/24569 | ce 4.0958 | cov 0.5365 | λ_cov=0.5 | grad 2.370 | lr 3.46e-05
  batch 23000/24569 | ce 3.8100 | cov 0.5293 | λ_cov=0.5 | grad 2.503 | lr 3.46e-05
  batch 23100/24569 | ce 3.8889 | cov 0.5207 | λ_cov=0.5 | grad 2.499 | lr 3.45e-05
  batch 23200/24569 | ce 3.7682 | cov 0.5332 | λ_cov=0.5 | grad 2.554 | lr 3.45e-05
  batch 23300/24569 | ce 3.7834 | cov 0.5175 | λ_cov=0.5 | grad 2.849 | lr 3.45e-05
  batch 23400/24569 | ce 3.6651 | cov 0.5210 | λ_cov=0.5 | grad 2.763 | lr 3.45e-05
  batch 23500/24569 | ce 3.9633 | cov 0.5289 | λ_cov=0.5 | grad 2.478 | lr 3.45e-05
  batch 23600/24569 | ce 3.9061 | cov 0.5220 | λ_cov=0.5 | grad 2.534 | lr 3.44e-05
  batch 23700/24569 | ce 3.9847 | cov 0.5305 | λ_cov=0.5 | grad 2.401 | lr 3.44e-05
  batch 23800/24569 | ce 4.0098 | cov 0.5201 | λ_cov=0.5 | grad 3.005 | lr 3.44e-05
  batch 23900/24569 | ce 4.1140 | cov 0.5739 | λ_cov=0.5 | grad 2.551 | lr 3.44e-05
  batch 24000/24569 | ce 4.0577 | cov 0.5237 | λ_cov=0.5 | grad 2.510 | lr 3.43e-05
  batch 24100/24569 | ce 3.7378 | cov 0.5170 | λ_cov=0.5 | grad 2.656 | lr 3.43e-05
  batch 24200/24569 | ce 3.7749 | cov 0.5267 | λ_cov=0.5 | grad 2.505 | lr 3.43e-05
  batch 24300/24569 | ce 3.9565 | cov 0.5238 | λ_cov=0.5 | grad 2.411 | lr 3.43e-05
  batch 24400/24569 | ce 3.6727 | cov 0.5076 | λ_cov=0.5 | grad 2.600 | lr 3.43e-05
  batch 24500/24569 | ce 3.9122 | cov 0.5269 | λ_cov=0.5 | grad 2.411 | lr 3.42e-05

Epoch 7/15 | time: 62.0min | unfreeze stage 3 | trainable 32,413,184
  train ce loss: 3.9051
  coverage loss: 0.5272  (λ=0.5)
    legal_chunk  : 4.1790
    second_pass  : 2.2646
    arxiv_anchor : 5.4034
    cnn_anchor   : 5.8475
  val loss     : 3.7391
  perplexity   : 42.06
  lr           : 3.42e-05
  sample       : On May 8, 2014, the plaintiffs filed a motion for a preliminary injunction against the City of Montgomery, the City of Montgomery, and the City of Montgomery under 42 U.S.C. § 1983 against the City of
  reference    : On March 8th, 2014, several citizens of Montgomery, Alabama, who had been imprisoned for failing to pay traffic fines, filed a lawsuit in the U.S. District Court for the Middle District of Alabama, un
  >> new best val loss — saved stage3_best.pt
  >> BELOW Stage 2 val loss (4.3827)
  batch   100/24569 | ce 4.0208 | cov 0.5340 | λ_cov=0.5 | grad 2.377 | lr 3.42e-05
  batch   200/24569 | ce 3.9638 | cov 0.5135 | λ_cov=0.5 | grad 2.629 | lr 3.42e-05
  batch   300/24569 | ce 3.8221 | cov 0.5355 | λ_cov=0.5 | grad 2.826 | lr 3.41e-05
  batch   400/24569 | ce 3.7781 | cov 0.5138 | λ_cov=0.5 | grad 2.383 | lr 3.41e-05
  batch   500/24569 | ce 3.8728 | cov 0.5115 | λ_cov=0.5 | grad 2.814 | lr 3.41e-05
  batch   600/24569 | ce 4.1373 | cov 0.5325 | λ_cov=0.5 | grad 2.398 | lr 3.41e-05
  batch   700/24569 | ce 3.8083 | cov 0.5388 | λ_cov=0.5 | grad 2.475 | lr 3.41e-05
  batch   800/24569 | ce 3.9352 | cov 0.5251 | λ_cov=0.5 | grad 2.499 | lr 3.40e-05
  batch   900/24569 | ce 4.0510 | cov 0.5180 | λ_cov=0.5 | grad 2.687 | lr 3.40e-05
  batch  1000/24569 | ce 3.7635 | cov 0.5228 | λ_cov=0.5 | grad 2.738 | lr 3.40e-05
  batch  1100/24569 | ce 3.7565 | cov 0.5343 | λ_cov=0.5 | grad 2.686 | lr 3.40e-05
  batch  1200/24569 | ce 3.6980 | cov 0.5068 | λ_cov=0.5 | grad 2.187 | lr 3.39e-05
  batch  1300/24569 | ce 4.0628 | cov 0.5165 | λ_cov=0.5 | grad 3.065 | lr 3.39e-05
  batch  1400/24569 | ce 3.8614 | cov 0.5105 | λ_cov=0.5 | grad 2.752 | lr 3.39e-05
  batch  1500/24569 | ce 4.0102 | cov 0.5308 | λ_cov=0.5 | grad 2.448 | lr 3.39e-05
  batch  1600/24569 | ce 3.8533 | cov 0.5080 | λ_cov=0.5 | grad 2.552 | lr 3.39e-05
  batch  1700/24569 | ce 3.8518 | cov 0.5388 | λ_cov=0.5 | grad 2.413 | lr 3.38e-05
  batch  1800/24569 | ce 3.4523 | cov 0.5039 | λ_cov=0.5 | grad 2.249 | lr 3.38e-05
  batch  1900/24569 | ce 3.8910 | cov 0.5375 | λ_cov=0.5 | grad 2.371 | lr 3.38e-05
  batch  2000/24569 | ce 3.9333 | cov 0.5148 | λ_cov=0.5 | grad 2.313 | lr 3.38e-05
  batch  2100/24569 | ce 3.9661 | cov 0.5316 | λ_cov=0.5 | grad 2.286 | lr 3.37e-05
  batch  2200/24569 | ce 3.9187 | cov 0.5115 | λ_cov=0.5 | grad 2.458 | lr 3.37e-05
  batch  2300/24569 | ce 3.8796 | cov 0.5297 | λ_cov=0.5 | grad 6.913 | lr 3.37e-05
  batch  2400/24569 | ce 3.9013 | cov 0.5165 | λ_cov=0.5 | grad 2.461 | lr 3.37e-05
  batch  2500/24569 | ce 3.8771 | cov 0.5295 | λ_cov=0.5 | grad 2.544 | lr 3.36e-05
  batch  2600/24569 | ce 3.9709 | cov 0.5311 | λ_cov=0.5 | grad 2.562 | lr 3.36e-05
  batch  2700/24569 | ce 3.9404 | cov 0.5222 | λ_cov=0.5 | grad 2.669 | lr 3.36e-05
  batch  2800/24569 | ce 3.8720 | cov 0.5264 | λ_cov=0.5 | grad 2.304 | lr 3.36e-05
  batch  2900/24569 | ce 4.2570 | cov 0.5178 | λ_cov=0.5 | grad 2.462 | lr 3.36e-05
  batch  3000/24569 | ce 3.8313 | cov 0.5067 | λ_cov=0.5 | grad 2.530 | lr 3.35e-05
  batch  3100/24569 | ce 3.7610 | cov 0.5175 | λ_cov=0.5 | grad 2.328 | lr 3.35e-05
  batch  3200/24569 | ce 3.9377 | cov 0.5274 | λ_cov=0.5 | grad 2.977 | lr 3.35e-05
  batch  3300/24569 | ce 3.8370 | cov 0.5048 | λ_cov=0.5 | grad 2.300 | lr 3.35e-05
  batch  3400/24569 | ce 3.9491 | cov 0.5064 | λ_cov=0.5 | grad 3.558 | lr 3.34e-05
  batch  3500/24569 | ce 3.9437 | cov 0.5353 | λ_cov=0.5 | grad 2.612 | lr 3.34e-05
  batch  3600/24569 | ce 3.6154 | cov 0.5142 | λ_cov=0.5 | grad 2.408 | lr 3.34e-05
  batch  3700/24569 | ce 3.6631 | cov 0.5290 | λ_cov=0.5 | grad 2.361 | lr 3.34e-05
  batch  3800/24569 | ce 3.8271 | cov 0.5155 | λ_cov=0.5 | grad 2.604 | lr 3.34e-05
  batch  3900/24569 | ce 4.0375 | cov 0.5412 | λ_cov=0.5 | grad 2.624 | lr 3.33e-05
  batch  4000/24569 | ce 3.7879 | cov 0.5123 | λ_cov=0.5 | grad 2.433 | lr 3.33e-05
  batch  4100/24569 | ce 3.7893 | cov 0.5335 | λ_cov=0.5 | grad 2.766 | lr 3.33e-05
  batch  4200/24569 | ce 4.0688 | cov 0.5266 | λ_cov=0.5 | grad 2.687 | lr 3.33e-05
  batch  4300/24569 | ce 4.1631 | cov 0.5329 | λ_cov=0.5 | grad 2.732 | lr 3.32e-05
  batch  4400/24569 | ce 3.8141 | cov 0.5221 | λ_cov=0.5 | grad 2.402 | lr 3.32e-05
  batch  4500/24569 | ce 3.9173 | cov 0.5190 | λ_cov=0.5 | grad 2.420 | lr 3.32e-05
  batch  4600/24569 | ce 3.7134 | cov 0.5217 | λ_cov=0.5 | grad 2.254 | lr 3.32e-05
  batch  4700/24569 | ce 4.0163 | cov 0.5223 | λ_cov=0.5 | grad 2.513 | lr 3.31e-05
  batch  4800/24569 | ce 3.9361 | cov 0.5196 | λ_cov=0.5 | grad 2.595 | lr 3.31e-05
  batch  4900/24569 | ce 3.4251 | cov 0.5160 | λ_cov=0.5 | grad 2.316 | lr 3.31e-05
  batch  5000/24569 | ce 3.7771 | cov 0.5265 | λ_cov=0.5 | grad 2.387 | lr 3.31e-05
  batch  5100/24569 | ce 3.8350 | cov 0.5082 | λ_cov=0.5 | grad 2.521 | lr 3.31e-05
  batch  5200/24569 | ce 3.8002 | cov 0.5140 | λ_cov=0.5 | grad 3.184 | lr 3.30e-05
  batch  5300/24569 | ce 3.9917 | cov 0.5192 | λ_cov=0.5 | grad 2.367 | lr 3.30e-05
  batch  5400/24569 | ce 4.0596 | cov 0.5448 | λ_cov=0.5 | grad 2.554 | lr 3.30e-05
  batch  5500/24569 | ce 3.7983 | cov 0.5190 | λ_cov=0.5 | grad 2.772 | lr 3.30e-05
  batch  5600/24569 | ce 3.9672 | cov 0.5293 | λ_cov=0.5 | grad 2.397 | lr 3.29e-05
  batch  5700/24569 | ce 4.0703 | cov 0.5225 | λ_cov=0.5 | grad 2.648 | lr 3.29e-05
  batch  5800/24569 | ce 3.9856 | cov 0.5340 | λ_cov=0.5 | grad 2.367 | lr 3.29e-05
  batch  5900/24569 | ce 4.3403 | cov 0.5580 | λ_cov=0.5 | grad 2.376 | lr 3.29e-05
  batch  6000/24569 | ce 3.7855 | cov 0.5325 | λ_cov=0.5 | grad 2.459 | lr 3.28e-05
  batch  6100/24569 | ce 4.1394 | cov 0.5115 | λ_cov=0.5 | grad 2.805 | lr 3.28e-05
  batch  6200/24569 | ce 3.7231 | cov 0.5082 | λ_cov=0.5 | grad 2.735 | lr 3.28e-05
  batch  6300/24569 | ce 3.6691 | cov 0.5194 | λ_cov=0.5 | grad 2.609 | lr 3.28e-05
  batch  6400/24569 | ce 4.1349 | cov 0.5416 | λ_cov=0.5 | grad 2.644 | lr 3.28e-05
  batch  6500/24569 | ce 4.2375 | cov 0.5386 | λ_cov=0.5 | grad 2.551 | lr 3.27e-05
  batch  6600/24569 | ce 3.9119 | cov 0.5144 | λ_cov=0.5 | grad 2.531 | lr 3.27e-05
  batch  6700/24569 | ce 3.8098 | cov 0.5332 | λ_cov=0.5 | grad 2.554 | lr 3.27e-05
  batch  6800/24569 | ce 3.6078 | cov 0.5259 | λ_cov=0.5 | grad 2.437 | lr 3.27e-05
  batch  6900/24569 | ce 3.8833 | cov 0.5073 | λ_cov=0.5 | grad 3.134 | lr 3.26e-05
  batch  7000/24569 | ce 3.8294 | cov 0.5322 | λ_cov=0.5 | grad 2.633 | lr 3.26e-05
  batch  7100/24569 | ce 4.1144 | cov 0.5330 | λ_cov=0.5 | grad 2.356 | lr 3.26e-05
  batch  7200/24569 | ce 3.8900 | cov 0.5197 | λ_cov=0.5 | grad 4.195 | lr 3.26e-05
  batch  7300/24569 | ce 3.9168 | cov 0.5330 | λ_cov=0.5 | grad 2.523 | lr 3.25e-05
  batch  7400/24569 | ce 4.0241 | cov 0.5532 | λ_cov=0.5 | grad 2.721 | lr 3.25e-05
  batch  7500/24569 | ce 3.6603 | cov 0.5056 | λ_cov=0.5 | grad 2.398 | lr 3.25e-05
  batch  7600/24569 | ce 3.7751 | cov 0.5163 | λ_cov=0.5 | grad 2.346 | lr 3.25e-05
  batch  7700/24569 | ce 3.5185 | cov 0.5048 | λ_cov=0.5 | grad 3.142 | lr 3.25e-05
  batch  7800/24569 | ce 3.8053 | cov 0.5145 | λ_cov=0.5 | grad 6.159 | lr 3.24e-05
  batch  7900/24569 | ce 3.9255 | cov 0.5233 | λ_cov=0.5 | grad 2.487 | lr 3.24e-05
  batch  8000/24569 | ce 3.8574 | cov 0.5120 | λ_cov=0.5 | grad 2.762 | lr 3.24e-05
  batch  8100/24569 | ce 3.7044 | cov 0.5266 | λ_cov=0.5 | grad 2.354 | lr 3.24e-05
  batch  8200/24569 | ce 3.9543 | cov 0.5366 | λ_cov=0.5 | grad 2.331 | lr 3.23e-05
  batch  8300/24569 | ce 3.7840 | cov 0.5081 | λ_cov=0.5 | grad 2.828 | lr 3.23e-05
  batch  8400/24569 | ce 3.8901 | cov 0.5396 | λ_cov=0.5 | grad 2.456 | lr 3.23e-05
  batch  8500/24569 | ce 3.8748 | cov 0.5119 | λ_cov=0.5 | grad 2.589 | lr 3.23e-05
  batch  8600/24569 | ce 3.6407 | cov 0.5073 | λ_cov=0.5 | grad 2.631 | lr 3.22e-05
  batch  8700/24569 | ce 4.1506 | cov 0.5549 | λ_cov=0.5 | grad 2.684 | lr 3.22e-05
  batch  8800/24569 | ce 3.6611 | cov 0.5110 | λ_cov=0.5 | grad 2.590 | lr 3.22e-05
  batch  8900/24569 | ce 3.8471 | cov 0.5086 | λ_cov=0.5 | grad 2.490 | lr 3.22e-05
  batch  9000/24569 | ce 3.9518 | cov 0.5085 | λ_cov=0.5 | grad 2.932 | lr 3.22e-05
  batch  9100/24569 | ce 3.7852 | cov 0.5052 | λ_cov=0.5 | grad 2.344 | lr 3.21e-05
  batch  9200/24569 | ce 3.9412 | cov 0.5325 | λ_cov=0.5 | grad 2.649 | lr 3.21e-05
  batch  9300/24569 | ce 3.8582 | cov 0.5330 | λ_cov=0.5 | grad 2.701 | lr 3.21e-05
  batch  9400/24569 | ce 3.7922 | cov 0.5208 | λ_cov=0.5 | grad 3.034 | lr 3.21e-05
  batch  9500/24569 | ce 4.0080 | cov 0.5268 | λ_cov=0.5 | grad 2.693 | lr 3.20e-05
  batch  9600/24569 | ce 4.0280 | cov 0.5145 | λ_cov=0.5 | grad 3.005 | lr 3.20e-05
  batch  9700/24569 | ce 3.8817 | cov 0.5238 | λ_cov=0.5 | grad 2.569 | lr 3.20e-05
  batch  9800/24569 | ce 3.9312 | cov 0.5268 | λ_cov=0.5 | grad 2.255 | lr 3.20e-05
  batch  9900/24569 | ce 3.8222 | cov 0.5362 | λ_cov=0.5 | grad 2.492 | lr 3.19e-05
  batch 10000/24569 | ce 3.8253 | cov 0.5173 | λ_cov=0.5 | grad 2.283 | lr 3.19e-05
  batch 10100/24569 | ce 4.0762 | cov 0.5401 | λ_cov=0.5 | grad 2.621 | lr 3.19e-05
  batch 10200/24569 | ce 3.6966 | cov 0.5148 | λ_cov=0.5 | grad 3.332 | lr 3.19e-05
  batch 10300/24569 | ce 3.6303 | cov 0.5158 | λ_cov=0.5 | grad 2.283 | lr 3.19e-05
  batch 10400/24569 | ce 3.7447 | cov 0.5255 | λ_cov=0.5 | grad 2.294 | lr 3.18e-05
  batch 10500/24569 | ce 3.9317 | cov 0.5089 | λ_cov=0.5 | grad 2.401 | lr 3.18e-05
  batch 10600/24569 | ce 3.6703 | cov 0.5126 | λ_cov=0.5 | grad 8.198 | lr 3.18e-05
  batch 10700/24569 | ce 3.5858 | cov 0.5167 | λ_cov=0.5 | grad 2.342 | lr 3.18e-05
  batch 10800/24569 | ce 3.9112 | cov 0.5401 | λ_cov=0.5 | grad 2.473 | lr 3.17e-05
  batch 10900/24569 | ce 3.7667 | cov 0.5443 | λ_cov=0.5 | grad 2.527 | lr 3.17e-05
  batch 11000/24569 | ce 3.6476 | cov 0.5097 | λ_cov=0.5 | grad 2.406 | lr 3.17e-05
  batch 11100/24569 | ce 3.7994 | cov 0.5468 | λ_cov=0.5 | grad 2.552 | lr 3.17e-05
  batch 11200/24569 | ce 3.9621 | cov 0.5062 | λ_cov=0.5 | grad 3.386 | lr 3.16e-05
  batch 11300/24569 | ce 3.8511 | cov 0.5131 | λ_cov=0.5 | grad 2.690 | lr 3.16e-05
  batch 11400/24569 | ce 3.8915 | cov 0.5136 | λ_cov=0.5 | grad 2.291 | lr 3.16e-05
  batch 11500/24569 | ce 4.0834 | cov 0.5297 | λ_cov=0.5 | grad 2.863 | lr 3.16e-05
  batch 11600/24569 | ce 3.8490 | cov 0.5209 | λ_cov=0.5 | grad 2.725 | lr 3.16e-05
  batch 11700/24569 | ce 4.1030 | cov 0.5484 | λ_cov=0.5 | grad 4.260 | lr 3.15e-05
  batch 11800/24569 | ce 3.9996 | cov 0.5387 | λ_cov=0.5 | grad 2.569 | lr 3.15e-05
  batch 11900/24569 | ce 3.7920 | cov 0.5187 | λ_cov=0.5 | grad 3.730 | lr 3.15e-05
  batch 12000/24569 | ce 3.7912 | cov 0.5164 | λ_cov=0.5 | grad 2.891 | lr 3.15e-05
  batch 12100/24569 | ce 3.7432 | cov 0.5202 | λ_cov=0.5 | grad 2.863 | lr 3.14e-05
  batch 12200/24569 | ce 3.8208 | cov 0.5126 | λ_cov=0.5 | grad 8.884 | lr 3.14e-05
  batch 12300/24569 | ce 3.8958 | cov 0.5426 | λ_cov=0.5 | grad 3.051 | lr 3.14e-05
  batch 12400/24569 | ce 3.9545 | cov 0.5183 | λ_cov=0.5 | grad 2.381 | lr 3.14e-05
  batch 12500/24569 | ce 3.9781 | cov 0.5173 | λ_cov=0.5 | grad 2.412 | lr 3.13e-05
  batch 12600/24569 | ce 4.0901 | cov 0.5304 | λ_cov=0.5 | grad 2.514 | lr 3.13e-05
  batch 12700/24569 | ce 4.0000 | cov 0.5203 | λ_cov=0.5 | grad 2.386 | lr 3.13e-05
  batch 12800/24569 | ce 3.5446 | cov 0.5031 | λ_cov=0.5 | grad 2.468 | lr 3.13e-05
  batch 12900/24569 | ce 4.1176 | cov 0.5390 | λ_cov=0.5 | grad 2.434 | lr 3.12e-05
  batch 13000/24569 | ce 3.9869 | cov 0.5120 | λ_cov=0.5 | grad 2.917 | lr 3.12e-05
  batch 13100/24569 | ce 4.2660 | cov 0.5233 | λ_cov=0.5 | grad 2.660 | lr 3.12e-05
  batch 13200/24569 | ce 4.1179 | cov 0.5234 | λ_cov=0.5 | grad 2.671 | lr 3.12e-05
  batch 13300/24569 | ce 3.6987 | cov 0.5283 | λ_cov=0.5 | grad 4.732 | lr 3.12e-05
  batch 13400/24569 | ce 3.9471 | cov 0.5208 | λ_cov=0.5 | grad 2.889 | lr 3.11e-05
  batch 13500/24569 | ce 3.7250 | cov 0.5104 | λ_cov=0.5 | grad 2.572 | lr 3.11e-05
  batch 13600/24569 | ce 3.6320 | cov 0.5194 | λ_cov=0.5 | grad 2.387 | lr 3.11e-05
  batch 13700/24569 | ce 3.5569 | cov 0.5092 | λ_cov=0.5 | grad 2.411 | lr 3.11e-05
  batch 13800/24569 | ce 4.0044 | cov 0.5483 | λ_cov=0.5 | grad 3.049 | lr 3.10e-05
  batch 13900/24569 | ce 3.7450 | cov 0.5314 | λ_cov=0.5 | grad 2.872 | lr 3.10e-05
  batch 14000/24569 | ce 3.9202 | cov 0.5402 | λ_cov=0.5 | grad 2.593 | lr 3.10e-05
  batch 14100/24569 | ce 3.8187 | cov 0.5176 | λ_cov=0.5 | grad 2.907 | lr 3.10e-05
  batch 14200/24569 | ce 3.9068 | cov 0.5232 | λ_cov=0.5 | grad 2.774 | lr 3.09e-05
  batch 14300/24569 | ce 3.5258 | cov 0.5085 | λ_cov=0.5 | grad 2.485 | lr 3.09e-05
  batch 14400/24569 | ce 3.8271 | cov 0.5061 | λ_cov=0.5 | grad 2.895 | lr 3.09e-05
  batch 14500/24569 | ce 3.9144 | cov 0.5108 | λ_cov=0.5 | grad 2.795 | lr 3.09e-05
  batch 14600/24569 | ce 3.7374 | cov 0.5178 | λ_cov=0.5 | grad 3.475 | lr 3.08e-05
  batch 14700/24569 | ce 4.0244 | cov 0.5386 | λ_cov=0.5 | grad 3.586 | lr 3.08e-05
  batch 14800/24569 | ce 4.2075 | cov 0.5275 | λ_cov=0.5 | grad 2.629 | lr 3.08e-05
  batch 14900/24569 | ce 4.0375 | cov 0.5310 | λ_cov=0.5 | grad 2.498 | lr 3.08e-05
  batch 15000/24569 | ce 3.6242 | cov 0.5298 | λ_cov=0.5 | grad 2.493 | lr 3.08e-05
  batch 15100/24569 | ce 4.0093 | cov 0.5415 | λ_cov=0.5 | grad 2.470 | lr 3.07e-05
  batch 15200/24569 | ce 3.7429 | cov 0.5130 | λ_cov=0.5 | grad 3.318 | lr 3.07e-05
  batch 15300/24569 | ce 3.8068 | cov 0.5340 | λ_cov=0.5 | grad 6.388 | lr 3.07e-05
  batch 15400/24569 | ce 4.0254 | cov 0.5230 | λ_cov=0.5 | grad 2.401 | lr 3.07e-05
  batch 15500/24569 | ce 3.8151 | cov 0.5131 | λ_cov=0.5 | grad 2.456 | lr 3.06e-05
  batch 15600/24569 | ce 3.9575 | cov 0.5348 | λ_cov=0.5 | grad 2.794 | lr 3.06e-05
  batch 15700/24569 | ce 4.0026 | cov 0.5271 | λ_cov=0.5 | grad 2.468 | lr 3.06e-05
  batch 15800/24569 | ce 3.8719 | cov 0.5199 | λ_cov=0.5 | grad 2.829 | lr 3.06e-05
  batch 15900/24569 | ce 3.8684 | cov 0.5256 | λ_cov=0.5 | grad 3.139 | lr 3.05e-05
  batch 16000/24569 | ce 4.0759 | cov 0.5334 | λ_cov=0.5 | grad 2.771 | lr 3.05e-05
  batch 16100/24569 | ce 3.7596 | cov 0.5151 | λ_cov=0.5 | grad 2.598 | lr 3.05e-05
  batch 16200/24569 | ce 4.3759 | cov 0.5548 | λ_cov=0.5 | grad 3.430 | lr 3.05e-05
  batch 16300/24569 | ce 3.8047 | cov 0.5177 | λ_cov=0.5 | grad 4.247 | lr 3.04e-05
  batch 16400/24569 | ce 3.9423 | cov 0.5170 | λ_cov=0.5 | grad 2.483 | lr 3.04e-05
  batch 16500/24569 | ce 4.0821 | cov 0.5235 | λ_cov=0.5 | grad 2.504 | lr 3.04e-05
  batch 16600/24569 | ce 3.9966 | cov 0.5373 | λ_cov=0.5 | grad 2.561 | lr 3.04e-05
  batch 16700/24569 | ce 4.0875 | cov 0.5124 | λ_cov=0.5 | grad 4.303 | lr 3.04e-05
  batch 16800/24569 | ce 3.9029 | cov 0.4898 | λ_cov=0.5 | grad 2.364 | lr 3.03e-05
  batch 16900/24569 | ce 3.8398 | cov 0.5345 | λ_cov=0.5 | grad 2.836 | lr 3.03e-05
  batch 17000/24569 | ce 3.8308 | cov 0.5440 | λ_cov=0.5 | grad 2.792 | lr 3.03e-05
  batch 17100/24569 | ce 3.7854 | cov 0.5448 | λ_cov=0.5 | grad 2.587 | lr 3.03e-05
  batch 17200/24569 | ce 3.7634 | cov 0.5307 | λ_cov=0.5 | grad 2.286 | lr 3.02e-05
  batch 17300/24569 | ce 4.0509 | cov 0.5246 | λ_cov=0.5 | grad 2.402 | lr 3.02e-05
  batch 17400/24569 | ce 3.8348 | cov 0.5177 | λ_cov=0.5 | grad 2.949 | lr 3.02e-05
  batch 17500/24569 | ce 3.9428 | cov 0.5156 | λ_cov=0.5 | grad 2.463 | lr 3.02e-05
  batch 17600/24569 | ce 3.5495 | cov 0.5084 | λ_cov=0.5 | grad 2.529 | lr 3.01e-05
  batch 17700/24569 | ce 3.8389 | cov 0.5088 | λ_cov=0.5 | grad 2.434 | lr 3.01e-05
  batch 17800/24569 | ce 3.4708 | cov 0.5139 | λ_cov=0.5 | grad 2.476 | lr 3.01e-05
  batch 17900/24569 | ce 3.9808 | cov 0.5268 | λ_cov=0.5 | grad 2.639 | lr 3.01e-05
  batch 18000/24569 | ce 3.7515 | cov 0.5475 | λ_cov=0.5 | grad 2.467 | lr 3.00e-05
  batch 18100/24569 | ce 4.0021 | cov 0.5336 | λ_cov=0.5 | grad 2.870 | lr 3.00e-05
  batch 18200/24569 | ce 4.0264 | cov 0.5305 | λ_cov=0.5 | grad 2.724 | lr 3.00e-05
  batch 18300/24569 | ce 4.0719 | cov 0.5205 | λ_cov=0.5 | grad 2.365 | lr 3.00e-05
  batch 18400/24569 | ce 4.0725 | cov 0.5282 | λ_cov=0.5 | grad 2.895 | lr 2.99e-05
  batch 18500/24569 | ce 3.9574 | cov 0.5109 | λ_cov=0.5 | grad 2.591 | lr 2.99e-05
  batch 18600/24569 | ce 3.6439 | cov 0.5085 | λ_cov=0.5 | grad 2.277 | lr 2.99e-05
  batch 18700/24569 | ce 3.7946 | cov 0.5054 | λ_cov=0.5 | grad 2.459 | lr 2.99e-05
  batch 18800/24569 | ce 3.8498 | cov 0.5262 | λ_cov=0.5 | grad 2.632 | lr 2.99e-05
  batch 18900/24569 | ce 3.8837 | cov 0.5356 | λ_cov=0.5 | grad 2.516 | lr 2.98e-05
  batch 19000/24569 | ce 4.0519 | cov 0.5377 | λ_cov=0.5 | grad 2.520 | lr 2.98e-05
  batch 19100/24569 | ce 3.8587 | cov 0.5164 | λ_cov=0.5 | grad 2.296 | lr 2.98e-05
  batch 19200/24569 | ce 3.6120 | cov 0.5190 | λ_cov=0.5 | grad 2.489 | lr 2.98e-05
  batch 19300/24569 | ce 3.9724 | cov 0.5235 | λ_cov=0.5 | grad 2.638 | lr 2.97e-05
  batch 19400/24569 | ce 4.0050 | cov 0.5323 | λ_cov=0.5 | grad 3.022 | lr 2.97e-05
  batch 19500/24569 | ce 3.8142 | cov 0.5158 | λ_cov=0.5 | grad 2.382 | lr 2.97e-05
  batch 19600/24569 | ce 3.9606 | cov 0.5138 | λ_cov=0.5 | grad 2.753 | lr 2.97e-05
  batch 19700/24569 | ce 3.9186 | cov 0.5320 | λ_cov=0.5 | grad 2.747 | lr 2.96e-05
  batch 19800/24569 | ce 4.1577 | cov 0.5450 | λ_cov=0.5 | grad 2.571 | lr 2.96e-05
  batch 19900/24569 | ce 3.7575 | cov 0.4937 | λ_cov=0.5 | grad 2.362 | lr 2.96e-05
  batch 20000/24569 | ce 3.6850 | cov 0.5118 | λ_cov=0.5 | grad 6.858 | lr 2.96e-05
  batch 20100/24569 | ce 3.8217 | cov 0.5095 | λ_cov=0.5 | grad 2.511 | lr 2.95e-05
  batch 20200/24569 | ce 4.0158 | cov 0.5275 | λ_cov=0.5 | grad 2.519 | lr 2.95e-05
  batch 20300/24569 | ce 3.8130 | cov 0.5280 | λ_cov=0.5 | grad 2.407 | lr 2.95e-05
  batch 20400/24569 | ce 3.9832 | cov 0.5275 | λ_cov=0.5 | grad 2.675 | lr 2.95e-05
  batch 20500/24569 | ce 3.8626 | cov 0.5194 | λ_cov=0.5 | grad 2.729 | lr 2.95e-05
  batch 20600/24569 | ce 3.8101 | cov 0.4968 | λ_cov=0.5 | grad 2.734 | lr 2.94e-05
  batch 20700/24569 | ce 3.6173 | cov 0.5234 | λ_cov=0.5 | grad 2.460 | lr 2.94e-05
  batch 20800/24569 | ce 3.7509 | cov 0.5356 | λ_cov=0.5 | grad 2.649 | lr 2.94e-05
  batch 20900/24569 | ce 3.6458 | cov 0.4946 | λ_cov=0.5 | grad 2.520 | lr 2.94e-05
  batch 21000/24569 | ce 3.8560 | cov 0.5247 | λ_cov=0.5 | grad 2.712 | lr 2.93e-05
  batch 21100/24569 | ce 3.8299 | cov 0.5277 | λ_cov=0.5 | grad 2.539 | lr 2.93e-05
  batch 21200/24569 | ce 3.7955 | cov 0.5467 | λ_cov=0.5 | grad 2.982 | lr 2.93e-05
  batch 21300/24569 | ce 3.9761 | cov 0.5133 | λ_cov=0.5 | grad 2.498 | lr 2.93e-05
  batch 21400/24569 | ce 4.0205 | cov 0.5286 | λ_cov=0.5 | grad 2.580 | lr 2.92e-05
  batch 21500/24569 | ce 3.5640 | cov 0.5268 | λ_cov=0.5 | grad 2.217 | lr 2.92e-05
  batch 21600/24569 | ce 3.8238 | cov 0.5077 | λ_cov=0.5 | grad 2.482 | lr 2.92e-05
  batch 21700/24569 | ce 3.5740 | cov 0.5153 | λ_cov=0.5 | grad 2.428 | lr 2.92e-05
  batch 21800/24569 | ce 3.5756 | cov 0.5416 | λ_cov=0.5 | grad 2.244 | lr 2.91e-05
  batch 21900/24569 | ce 3.6549 | cov 0.5186 | λ_cov=0.5 | grad 2.534 | lr 2.91e-05
  batch 22000/24569 | ce 3.9087 | cov 0.5133 | λ_cov=0.5 | grad 2.739 | lr 2.91e-05
  batch 22100/24569 | ce 4.0615 | cov 0.5369 | λ_cov=0.5 | grad 2.752 | lr 2.91e-05
  batch 22200/24569 | ce 3.7758 | cov 0.5056 | λ_cov=0.5 | grad 3.426 | lr 2.90e-05
  batch 22300/24569 | ce 3.8091 | cov 0.5300 | λ_cov=0.5 | grad 2.273 | lr 2.90e-05
  batch 22400/24569 | ce 3.6624 | cov 0.4972 | λ_cov=0.5 | grad 2.829 | lr 2.90e-05
  batch 22500/24569 | ce 4.1211 | cov 0.5322 | λ_cov=0.5 | grad 2.659 | lr 2.90e-05
  batch 22600/24569 | ce 3.5806 | cov 0.5227 | λ_cov=0.5 | grad 2.515 | lr 2.89e-05
  batch 22700/24569 | ce 4.0746 | cov 0.5265 | λ_cov=0.5 | grad 2.683 | lr 2.89e-05
  batch 22800/24569 | ce 4.0024 | cov 0.5133 | λ_cov=0.5 | grad 2.757 | lr 2.89e-05
  batch 22900/24569 | ce 3.6200 | cov 0.5030 | λ_cov=0.5 | grad 2.722 | lr 2.89e-05
  batch 23000/24569 | ce 4.0156 | cov 0.5242 | λ_cov=0.5 | grad 2.791 | lr 2.89e-05
  batch 23100/24569 | ce 3.6340 | cov 0.5155 | λ_cov=0.5 | grad 2.489 | lr 2.88e-05
  batch 23200/24569 | ce 3.9659 | cov 0.5542 | λ_cov=0.5 | grad 2.544 | lr 2.88e-05
  batch 23300/24569 | ce 4.0012 | cov 0.5441 | λ_cov=0.5 | grad 2.497 | lr 2.88e-05
  batch 23400/24569 | ce 3.8250 | cov 0.5268 | λ_cov=0.5 | grad 2.559 | lr 2.88e-05
  batch 23500/24569 | ce 3.5940 | cov 0.5169 | λ_cov=0.5 | grad 2.576 | lr 2.87e-05
  batch 23600/24569 | ce 3.7594 | cov 0.5386 | λ_cov=0.5 | grad 2.289 | lr 2.87e-05
  batch 23700/24569 | ce 3.9742 | cov 0.5365 | λ_cov=0.5 | grad 2.309 | lr 2.87e-05
  batch 23800/24569 | ce 3.7873 | cov 0.5363 | λ_cov=0.5 | grad 2.495 | lr 2.87e-05
  batch 23900/24569 | ce 4.0294 | cov 0.5186 | λ_cov=0.5 | grad 2.886 | lr 2.86e-05
  batch 24000/24569 | ce 3.9164 | cov 0.5144 | λ_cov=0.5 | grad 2.768 | lr 2.86e-05
  batch 24100/24569 | ce 3.8468 | cov 0.5196 | λ_cov=0.5 | grad 2.581 | lr 2.86e-05
  batch 24200/24569 | ce 3.8898 | cov 0.5122 | λ_cov=0.5 | grad 2.462 | lr 2.86e-05
  batch 24300/24569 | ce 3.5304 | cov 0.4995 | λ_cov=0.5 | grad 2.751 | lr 2.85e-05
  batch 24400/24569 | ce 3.8645 | cov 0.5277 | λ_cov=0.5 | grad 3.314 | lr 2.85e-05
  batch 24500/24569 | ce 4.1978 | cov 0.5351 | λ_cov=0.5 | grad 2.340 | lr 2.85e-05

Epoch 8/15 | time: 62.0min | unfreeze stage 3 | trainable 32,413,184
  train ce loss: 3.8891
  coverage loss: 0.5244  (λ=0.5)
    legal_chunk  : 4.1592
    second_pass  : 2.2506
    arxiv_anchor : 5.3962
    cnn_anchor   : 5.8467
  val loss     : 3.7099
  perplexity   : 40.85
  lr           : 2.85e-05
  sample       : On November 12, 2014, the plaintiffs filed a motion for a preliminary injunction, alleging that the defendants had violated the Due Process Clause of the Fourteenth Amendment, and that the plaintiffs 
  reference    : On March 8th, 2014, several citizens of Montgomery, Alabama, who had been imprisoned for failing to pay traffic fines, filed a lawsuit in the U.S. District Court for the Middle District of Alabama, un
  >> new best val loss — saved stage3_best.pt
  >> BELOW Stage 2 val loss (4.3827)
  batch   100/24569 | ce 4.1930 | cov 0.5259 | λ_cov=0.5 | grad 2.478 | lr 2.85e-05
  batch   200/24569 | ce 3.9619 | cov 0.5241 | λ_cov=0.5 | grad 2.568 | lr 2.84e-05
  batch   300/24569 | ce 4.0892 | cov 0.5296 | λ_cov=0.5 | grad 8.681 | lr 2.84e-05
  batch   400/24569 | ce 3.8188 | cov 0.5159 | λ_cov=0.5 | grad 2.743 | lr 2.84e-05
  batch   500/24569 | ce 4.0324 | cov 0.5140 | λ_cov=0.5 | grad 2.888 | lr 2.84e-05
  batch   600/24569 | ce 3.6704 | cov 0.5199 | λ_cov=0.5 | grad 2.438 | lr 2.83e-05
  batch   700/24569 | ce 4.0029 | cov 0.5243 | λ_cov=0.5 | grad 2.621 | lr 2.83e-05
  batch   800/24569 | ce 3.7042 | cov 0.5189 | λ_cov=0.5 | grad 2.486 | lr 2.83e-05
  batch   900/24569 | ce 3.8957 | cov 0.5214 | λ_cov=0.5 | grad 2.494 | lr 2.83e-05
  batch  1000/24569 | ce 3.6958 | cov 0.5234 | λ_cov=0.5 | grad 2.525 | lr 2.82e-05
  batch  1100/24569 | ce 4.0088 | cov 0.5124 | λ_cov=0.5 | grad 3.736 | lr 2.82e-05
  batch  1200/24569 | ce 3.8469 | cov 0.5194 | λ_cov=0.5 | grad 2.979 | lr 2.82e-05
  batch  1300/24569 | ce 4.1157 | cov 0.5356 | λ_cov=0.5 | grad 2.526 | lr 2.82e-05
  batch  1400/24569 | ce 3.8874 | cov 0.5444 | λ_cov=0.5 | grad 2.806 | lr 2.81e-05
  batch  1500/24569 | ce 4.1035 | cov 0.5607 | λ_cov=0.5 | grad 2.695 | lr 2.81e-05
  batch  1600/24569 | ce 3.7317 | cov 0.5199 | λ_cov=0.5 | grad 2.576 | lr 2.81e-05
  batch  1700/24569 | ce 3.8315 | cov 0.5207 | λ_cov=0.5 | grad 2.487 | lr 2.81e-05
  batch  1800/24569 | ce 3.3679 | cov 0.5150 | λ_cov=0.5 | grad 2.424 | lr 2.80e-05
  batch  1900/24569 | ce 3.8735 | cov 0.5191 | λ_cov=0.5 | grad 2.406 | lr 2.80e-05
  batch  2000/24569 | ce 3.9862 | cov 0.5292 | λ_cov=0.5 | grad 2.459 | lr 2.80e-05
  batch  2100/24569 | ce 3.7974 | cov 0.5394 | λ_cov=0.5 | grad 2.532 | lr 2.80e-05
  batch  2200/24569 | ce 3.8142 | cov 0.5048 | λ_cov=0.5 | grad 2.811 | lr 2.80e-05
  batch  2300/24569 | ce 4.1511 | cov 0.5387 | λ_cov=0.5 | grad 2.718 | lr 2.79e-05
  batch  2400/24569 | ce 3.8071 | cov 0.5244 | λ_cov=0.5 | grad 2.687 | lr 2.79e-05
  batch  2500/24569 | ce 3.7996 | cov 0.5326 | λ_cov=0.5 | grad 2.723 | lr 2.79e-05
  batch  2600/24569 | ce 3.8639 | cov 0.5057 | λ_cov=0.5 | grad 2.605 | lr 2.79e-05
  batch  2700/24569 | ce 3.9575 | cov 0.5114 | λ_cov=0.5 | grad 2.629 | lr 2.78e-05
  batch  2800/24569 | ce 3.8211 | cov 0.5191 | λ_cov=0.5 | grad 2.925 | lr 2.78e-05
  batch  2900/24569 | ce 3.9920 | cov 0.5064 | λ_cov=0.5 | grad 2.384 | lr 2.78e-05
  batch  3000/24569 | ce 4.0095 | cov 0.5276 | λ_cov=0.5 | grad 2.439 | lr 2.78e-05
  batch  3100/24569 | ce 3.8705 | cov 0.5238 | λ_cov=0.5 | grad 2.677 | lr 2.77e-05
  batch  3200/24569 | ce 3.7734 | cov 0.5103 | λ_cov=0.5 | grad 2.343 | lr 2.77e-05
  batch  3300/24569 | ce 3.8596 | cov 0.5138 | λ_cov=0.5 | grad 2.875 | lr 2.77e-05
  batch  3400/24569 | ce 3.8162 | cov 0.5205 | λ_cov=0.5 | grad 2.606 | lr 2.77e-05
  batch  3500/24569 | ce 3.6391 | cov 0.5142 | λ_cov=0.5 | grad 3.207 | lr 2.76e-05
  batch  3600/24569 | ce 3.9870 | cov 0.5199 | λ_cov=0.5 | grad 2.567 | lr 2.76e-05
  batch  3700/24569 | ce 4.0120 | cov 0.5602 | λ_cov=0.5 | grad 2.408 | lr 2.76e-05
  batch  3800/24569 | ce 3.6410 | cov 0.5291 | λ_cov=0.5 | grad 2.512 | lr 2.76e-05
  batch  3900/24569 | ce 3.8238 | cov 0.5374 | λ_cov=0.5 | grad 2.446 | lr 2.75e-05
  batch  4000/24569 | ce 3.8412 | cov 0.5336 | λ_cov=0.5 | grad 2.587 | lr 2.75e-05
  batch  4100/24569 | ce 3.9750 | cov 0.5242 | λ_cov=0.5 | grad 2.730 | lr 2.75e-05
  batch  4200/24569 | ce 3.8654 | cov 0.5232 | λ_cov=0.5 | grad 2.548 | lr 2.75e-05
  batch  4300/24569 | ce 4.0072 | cov 0.5450 | λ_cov=0.5 | grad 2.805 | lr 2.74e-05
  batch  4400/24569 | ce 3.8510 | cov 0.5020 | λ_cov=0.5 | grad 2.705 | lr 2.74e-05
  batch  4500/24569 | ce 4.1707 | cov 0.5387 | λ_cov=0.5 | grad 2.547 | lr 2.74e-05
  batch  4600/24569 | ce 3.9121 | cov 0.5171 | λ_cov=0.5 | grad 3.035 | lr 2.74e-05
  batch  4700/24569 | ce 3.9477 | cov 0.5122 | λ_cov=0.5 | grad 2.433 | lr 2.74e-05
  batch  4800/24569 | ce 3.9781 | cov 0.5175 | λ_cov=0.5 | grad 2.733 | lr 2.73e-05
  batch  4900/24569 | ce 3.6472 | cov 0.5248 | λ_cov=0.5 | grad 2.400 | lr 2.73e-05
  batch  5000/24569 | ce 3.9003 | cov 0.5244 | λ_cov=0.5 | grad 2.473 | lr 2.73e-05
  batch  5100/24569 | ce 3.9093 | cov 0.5176 | λ_cov=0.5 | grad 2.742 | lr 2.73e-05
  batch  5200/24569 | ce 4.3063 | cov 0.5312 | λ_cov=0.5 | grad 2.732 | lr 2.72e-05
  batch  5300/24569 | ce 3.8622 | cov 0.5129 | λ_cov=0.5 | grad 2.501 | lr 2.72e-05
  batch  5400/24569 | ce 3.9488 | cov 0.5165 | λ_cov=0.5 | grad 2.535 | lr 2.72e-05
  batch  5500/24569 | ce 3.9442 | cov 0.4966 | λ_cov=0.5 | grad 2.779 | lr 2.72e-05
  batch  5600/24569 | ce 3.7835 | cov 0.5211 | λ_cov=0.5 | grad 2.487 | lr 2.71e-05
  batch  5700/24569 | ce 3.8560 | cov 0.5105 | λ_cov=0.5 | grad 2.477 | lr 2.71e-05
  batch  5800/24569 | ce 3.9804 | cov 0.5194 | λ_cov=0.5 | grad 2.698 | lr 2.71e-05
  batch  5900/24569 | ce 3.4548 | cov 0.5210 | λ_cov=0.5 | grad 2.374 | lr 2.71e-05
  batch  6000/24569 | ce 3.7712 | cov 0.5350 | λ_cov=0.5 | grad 4.042 | lr 2.70e-05
  batch  6100/24569 | ce 3.5900 | cov 0.5161 | λ_cov=0.5 | grad 2.504 | lr 2.70e-05
  batch  6200/24569 | ce 3.6152 | cov 0.5172 | λ_cov=0.5 | grad 2.955 | lr 2.70e-05
  batch  6300/24569 | ce 3.8983 | cov 0.5408 | λ_cov=0.5 | grad 2.787 | lr 2.70e-05
  batch  6400/24569 | ce 4.0414 | cov 0.5424 | λ_cov=0.5 | grad 2.551 | lr 2.69e-05
  batch  6500/24569 | ce 3.7696 | cov 0.5203 | λ_cov=0.5 | grad 2.287 | lr 2.69e-05
  batch  6600/24569 | ce 3.7916 | cov 0.5278 | λ_cov=0.5 | grad 2.556 | lr 2.69e-05
  batch  6700/24569 | ce 3.9829 | cov 0.5209 | λ_cov=0.5 | grad 2.734 | lr 2.69e-05
  batch  6800/24569 | ce 3.8669 | cov 0.5073 | λ_cov=0.5 | grad 2.613 | lr 2.68e-05
  batch  6900/24569 | ce 3.8878 | cov 0.5202 | λ_cov=0.5 | grad 2.632 | lr 2.68e-05
  batch  7000/24569 | ce 4.0377 | cov 0.5344 | λ_cov=0.5 | grad 2.657 | lr 2.68e-05
  batch  7100/24569 | ce 3.7178 | cov 0.5069 | λ_cov=0.5 | grad 3.576 | lr 2.68e-05
  batch  7200/24569 | ce 3.9843 | cov 0.5258 | λ_cov=0.5 | grad 2.868 | lr 2.67e-05
  batch  7300/24569 | ce 3.9265 | cov 0.5183 | λ_cov=0.5 | grad 3.267 | lr 2.67e-05
  batch  7400/24569 | ce 3.9142 | cov 0.5260 | λ_cov=0.5 | grad 2.511 | lr 2.67e-05
  batch  7500/24569 | ce 3.9570 | cov 0.5453 | λ_cov=0.5 | grad 2.430 | lr 2.67e-05
  batch  7600/24569 | ce 3.8538 | cov 0.5240 | λ_cov=0.5 | grad 2.604 | lr 2.67e-05
  batch  7700/24569 | ce 3.8837 | cov 0.5170 | λ_cov=0.5 | grad 2.880 | lr 2.66e-05
  batch  7800/24569 | ce 4.1499 | cov 0.5528 | λ_cov=0.5 | grad 2.662 | lr 2.66e-05
  batch  7900/24569 | ce 4.0122 | cov 0.5281 | λ_cov=0.5 | grad 2.886 | lr 2.66e-05
  batch  8000/24569 | ce 3.6686 | cov 0.5255 | λ_cov=0.5 | grad 2.919 | lr 2.66e-05
  batch  8100/24569 | ce 3.7580 | cov 0.5300 | λ_cov=0.5 | grad 2.536 | lr 2.65e-05
  batch  8200/24569 | ce 3.8392 | cov 0.5377 | λ_cov=0.5 | grad 2.587 | lr 2.65e-05
  batch  8300/24569 | ce 4.1973 | cov 0.5307 | λ_cov=0.5 | grad 2.728 | lr 2.65e-05
  batch  8400/24569 | ce 3.8881 | cov 0.5063 | λ_cov=0.5 | grad 2.603 | lr 2.65e-05
  batch  8500/24569 | ce 3.7402 | cov 0.5228 | λ_cov=0.5 | grad 2.492 | lr 2.64e-05
  batch  8600/24569 | ce 3.6572 | cov 0.5041 | λ_cov=0.5 | grad 2.445 | lr 2.64e-05
  batch  8700/24569 | ce 3.8297 | cov 0.5304 | λ_cov=0.5 | grad 3.115 | lr 2.64e-05
  batch  8800/24569 | ce 3.9888 | cov 0.5041 | λ_cov=0.5 | grad 2.990 | lr 2.64e-05
  batch  8900/24569 | ce 3.6474 | cov 0.5068 | λ_cov=0.5 | grad 2.613 | lr 2.63e-05
  batch  9000/24569 | ce 3.8566 | cov 0.5179 | λ_cov=0.5 | grad 2.739 | lr 2.63e-05
  batch  9100/24569 | ce 3.9317 | cov 0.5176 | λ_cov=0.5 | grad 2.555 | lr 2.63e-05
  batch  9200/24569 | ce 4.1047 | cov 0.5221 | λ_cov=0.5 | grad 4.018 | lr 2.63e-05
  batch  9300/24569 | ce 3.9768 | cov 0.5193 | λ_cov=0.5 | grad 2.408 | lr 2.62e-05
  batch  9400/24569 | ce 3.9883 | cov 0.5208 | λ_cov=0.5 | grad 2.425 | lr 2.62e-05
  batch  9500/24569 | ce 3.7848 | cov 0.5092 | λ_cov=0.5 | grad 2.725 | lr 2.62e-05
  batch  9600/24569 | ce 3.9205 | cov 0.5112 | λ_cov=0.5 | grad 2.374 | lr 2.62e-05
  batch  9700/24569 | ce 3.5338 | cov 0.5131 | λ_cov=0.5 | grad 2.406 | lr 2.61e-05
  batch  9800/24569 | ce 3.6309 | cov 0.5173 | λ_cov=0.5 | grad 3.546 | lr 2.61e-05
  batch  9900/24569 | ce 3.7074 | cov 0.5076 | λ_cov=0.5 | grad 2.578 | lr 2.61e-05
  batch 10000/24569 | ce 4.0155 | cov 0.5151 | λ_cov=0.5 | grad 2.759 | lr 2.61e-05
  batch 10100/24569 | ce 3.6976 | cov 0.5348 | λ_cov=0.5 | grad 3.566 | lr 2.61e-05
  batch 10200/24569 | ce 3.9276 | cov 0.5190 | λ_cov=0.5 | grad 2.664 | lr 2.60e-05
  batch 10300/24569 | ce 3.9077 | cov 0.5419 | λ_cov=0.5 | grad 2.690 | lr 2.60e-05
  batch 10400/24569 | ce 3.8455 | cov 0.5311 | λ_cov=0.5 | grad 2.591 | lr 2.60e-05
  batch 10500/24569 | ce 3.6567 | cov 0.5267 | λ_cov=0.5 | grad 2.744 | lr 2.60e-05
  batch 10600/24569 | ce 3.8946 | cov 0.5491 | λ_cov=0.5 | grad 2.398 | lr 2.59e-05
  batch 10700/24569 | ce 3.8514 | cov 0.5185 | λ_cov=0.5 | grad 2.416 | lr 2.59e-05
  batch 10800/24569 | ce 4.0189 | cov 0.5197 | λ_cov=0.5 | grad 3.055 | lr 2.59e-05
  batch 10900/24569 | ce 4.2889 | cov 0.5758 | λ_cov=0.5 | grad 2.495 | lr 2.59e-05
  batch 11000/24569 | ce 3.8351 | cov 0.5091 | λ_cov=0.5 | grad 2.664 | lr 2.58e-05
  batch 11100/24569 | ce 3.4652 | cov 0.5227 | λ_cov=0.5 | grad 2.528 | lr 2.58e-05
  batch 11200/24569 | ce 4.1587 | cov 0.5460 | λ_cov=0.5 | grad 2.690 | lr 2.58e-05
  batch 11300/24569 | ce 3.9253 | cov 0.5084 | λ_cov=0.5 | grad 2.417 | lr 2.58e-05
  batch 11400/24569 | ce 4.0503 | cov 0.5199 | λ_cov=0.5 | grad 2.433 | lr 2.57e-05
  batch 11500/24569 | ce 3.8589 | cov 0.5230 | λ_cov=0.5 | grad 2.424 | lr 2.57e-05
  batch 11600/24569 | ce 4.0131 | cov 0.5087 | λ_cov=0.5 | grad 2.996 | lr 2.57e-05
  batch 11700/24569 | ce 3.5026 | cov 0.5118 | λ_cov=0.5 | grad 2.235 | lr 2.57e-05
  batch 11800/24569 | ce 3.6056 | cov 0.5387 | λ_cov=0.5 | grad 2.513 | lr 2.56e-05
  batch 11900/24569 | ce 3.7983 | cov 0.5144 | λ_cov=0.5 | grad 2.496 | lr 2.56e-05
  batch 12000/24569 | ce 3.9255 | cov 0.5152 | λ_cov=0.5 | grad 3.410 | lr 2.56e-05
  batch 12100/24569 | ce 3.9542 | cov 0.5379 | λ_cov=0.5 | grad 2.487 | lr 2.56e-05
  batch 12200/24569 | ce 3.8705 | cov 0.5497 | λ_cov=0.5 | grad 2.335 | lr 2.55e-05
  batch 12300/24569 | ce 4.0788 | cov 0.5310 | λ_cov=0.5 | grad 4.087 | lr 2.55e-05
  batch 12400/24569 | ce 4.0356 | cov 0.5327 | λ_cov=0.5 | grad 2.730 | lr 2.55e-05
  batch 12500/24569 | ce 4.0666 | cov 0.5020 | λ_cov=0.5 | grad 2.605 | lr 2.55e-05
  batch 12600/24569 | ce 4.0040 | cov 0.5178 | λ_cov=0.5 | grad 2.970 | lr 2.54e-05
  batch 12700/24569 | ce 3.7788 | cov 0.5126 | λ_cov=0.5 | grad 2.625 | lr 2.54e-05
  batch 12800/24569 | ce 3.7895 | cov 0.5071 | λ_cov=0.5 | grad 2.886 | lr 2.54e-05
  batch 12900/24569 | ce 3.6241 | cov 0.5295 | λ_cov=0.5 | grad 2.656 | lr 2.54e-05
  batch 13000/24569 | ce 3.9754 | cov 0.5512 | λ_cov=0.5 | grad 2.445 | lr 2.54e-05
  batch 13100/24569 | ce 3.8887 | cov 0.5236 | λ_cov=0.5 | grad 2.550 | lr 2.53e-05
  batch 13200/24569 | ce 3.7389 | cov 0.5316 | λ_cov=0.5 | grad 2.451 | lr 2.53e-05
  batch 13300/24569 | ce 4.0882 | cov 0.5098 | λ_cov=0.5 | grad 2.762 | lr 2.53e-05
  batch 13400/24569 | ce 3.6805 | cov 0.4989 | λ_cov=0.5 | grad 2.449 | lr 2.53e-05
  batch 13500/24569 | ce 3.7846 | cov 0.5208 | λ_cov=0.5 | grad 2.589 | lr 2.52e-05
  batch 13600/24569 | ce 4.1112 | cov 0.5604 | λ_cov=0.5 | grad 2.735 | lr 2.52e-05
  batch 13700/24569 | ce 3.6661 | cov 0.5173 | λ_cov=0.5 | grad 2.560 | lr 2.52e-05
  batch 13800/24569 | ce 3.8773 | cov 0.5254 | λ_cov=0.5 | grad 2.697 | lr 2.52e-05
  batch 13900/24569 | ce 4.0802 | cov 0.5477 | λ_cov=0.5 | grad 2.497 | lr 2.51e-05
  batch 14000/24569 | ce 3.6868 | cov 0.5299 | λ_cov=0.5 | grad 2.743 | lr 2.51e-05
  batch 14100/24569 | ce 3.9681 | cov 0.5368 | λ_cov=0.5 | grad 2.414 | lr 2.51e-05
  batch 14200/24569 | ce 3.7129 | cov 0.5091 | λ_cov=0.5 | grad 2.680 | lr 2.51e-05
  batch 14300/24569 | ce 4.1272 | cov 0.5267 | λ_cov=0.5 | grad 3.392 | lr 2.50e-05
  batch 14400/24569 | ce 3.7401 | cov 0.5121 | λ_cov=0.5 | grad 2.881 | lr 2.50e-05
  batch 14500/24569 | ce 4.2595 | cov 0.5270 | λ_cov=0.5 | grad 3.023 | lr 2.50e-05
  batch 14600/24569 | ce 3.5823 | cov 0.5029 | λ_cov=0.5 | grad 2.574 | lr 2.50e-05
  batch 14700/24569 | ce 3.9288 | cov 0.5210 | λ_cov=0.5 | grad 2.673 | lr 2.49e-05
  batch 14800/24569 | ce 3.9942 | cov 0.5404 | λ_cov=0.5 | grad 2.533 | lr 2.49e-05
  batch 14900/24569 | ce 3.6792 | cov 0.5420 | λ_cov=0.5 | grad 2.391 | lr 2.49e-05
  batch 15000/24569 | ce 3.8125 | cov 0.5100 | λ_cov=0.5 | grad 2.324 | lr 2.49e-05
  batch 15100/24569 | ce 3.9593 | cov 0.5430 | λ_cov=0.5 | grad 2.563 | lr 2.48e-05
  batch 15200/24569 | ce 3.6857 | cov 0.5190 | λ_cov=0.5 | grad 3.381 | lr 2.48e-05
  batch 15300/24569 | ce 3.5691 | cov 0.5255 | λ_cov=0.5 | grad 2.527 | lr 2.48e-05
  batch 15400/24569 | ce 3.9456 | cov 0.5226 | λ_cov=0.5 | grad 2.249 | lr 2.48e-05
  batch 15500/24569 | ce 4.0493 | cov 0.5353 | λ_cov=0.5 | grad 2.370 | lr 2.47e-05
  batch 15600/24569 | ce 3.9906 | cov 0.5269 | λ_cov=0.5 | grad 2.414 | lr 2.47e-05
  batch 15700/24569 | ce 4.0376 | cov 0.5117 | λ_cov=0.5 | grad 2.567 | lr 2.47e-05
  batch 15800/24569 | ce 3.8444 | cov 0.5042 | λ_cov=0.5 | grad 2.444 | lr 2.47e-05
  batch 15900/24569 | ce 3.8414 | cov 0.5156 | λ_cov=0.5 | grad 2.375 | lr 2.47e-05
  batch 16000/24569 | ce 3.8142 | cov 0.5047 | λ_cov=0.5 | grad 3.150 | lr 2.46e-05
  batch 16100/24569 | ce 3.9465 | cov 0.5197 | λ_cov=0.5 | grad 4.851 | lr 2.46e-05
  batch 16200/24569 | ce 3.9009 | cov 0.5306 | λ_cov=0.5 | grad 2.702 | lr 2.46e-05
  batch 16300/24569 | ce 3.7251 | cov 0.4994 | λ_cov=0.5 | grad 2.498 | lr 2.46e-05
  batch 16400/24569 | ce 3.9303 | cov 0.5146 | λ_cov=0.5 | grad 2.336 | lr 2.45e-05
  batch 16500/24569 | ce 3.9359 | cov 0.5173 | λ_cov=0.5 | grad 3.240 | lr 2.45e-05
  batch 16600/24569 | ce 4.2198 | cov 0.5533 | λ_cov=0.5 | grad 2.451 | lr 2.45e-05
  batch 16700/24569 | ce 3.9657 | cov 0.5337 | λ_cov=0.5 | grad 2.507 | lr 2.45e-05
  batch 16800/24569 | ce 3.5720 | cov 0.5164 | λ_cov=0.5 | grad 2.604 | lr 2.44e-05
  batch 16900/24569 | ce 4.0938 | cov 0.5327 | λ_cov=0.5 | grad 2.536 | lr 2.44e-05
  batch 17000/24569 | ce 3.8970 | cov 0.5120 | λ_cov=0.5 | grad 2.607 | lr 2.44e-05
  batch 17100/24569 | ce 4.0781 | cov 0.5202 | λ_cov=0.5 | grad 2.400 | lr 2.44e-05
  batch 17200/24569 | ce 3.8329 | cov 0.5300 | λ_cov=0.5 | grad 3.631 | lr 2.43e-05
  batch 17300/24569 | ce 3.8626 | cov 0.5341 | λ_cov=0.5 | grad 2.343 | lr 2.43e-05
  batch 17400/24569 | ce 3.8480 | cov 0.5204 | λ_cov=0.5 | grad 3.204 | lr 2.43e-05
  batch 17500/24569 | ce 4.0613 | cov 0.5278 | λ_cov=0.5 | grad 2.779 | lr 2.43e-05
  batch 17600/24569 | ce 3.9710 | cov 0.5219 | λ_cov=0.5 | grad 2.303 | lr 2.42e-05
  batch 17700/24569 | ce 3.7460 | cov 0.5393 | λ_cov=0.5 | grad 3.091 | lr 2.42e-05
  batch 17800/24569 | ce 3.9635 | cov 0.5179 | λ_cov=0.5 | grad 2.609 | lr 2.42e-05
  batch 17900/24569 | ce 3.7835 | cov 0.4997 | λ_cov=0.5 | grad 2.522 | lr 2.42e-05
  batch 18000/24569 | ce 3.6583 | cov 0.5118 | λ_cov=0.5 | grad 2.451 | lr 2.41e-05
  batch 18100/24569 | ce 3.8090 | cov 0.5195 | λ_cov=0.5 | grad 2.259 | lr 2.41e-05
  batch 18200/24569 | ce 4.0102 | cov 0.5431 | λ_cov=0.5 | grad 2.525 | lr 2.41e-05
  batch 18300/24569 | ce 3.7828 | cov 0.4993 | λ_cov=0.5 | grad 2.406 | lr 2.41e-05
  batch 18400/24569 | ce 3.9480 | cov 0.5428 | λ_cov=0.5 | grad 2.496 | lr 2.41e-05
  batch 18500/24569 | ce 4.1669 | cov 0.5016 | λ_cov=0.5 | grad 2.674 | lr 2.40e-05
  batch 18600/24569 | ce 3.7676 | cov 0.5222 | λ_cov=0.5 | grad 2.562 | lr 2.40e-05
  batch 18700/24569 | ce 4.1510 | cov 0.5376 | λ_cov=0.5 | grad 2.461 | lr 2.40e-05
  batch 18800/24569 | ce 4.0422 | cov 0.5176 | λ_cov=0.5 | grad 2.483 | lr 2.40e-05
  batch 18900/24569 | ce 3.7897 | cov 0.4956 | λ_cov=0.5 | grad 2.579 | lr 2.39e-05
  batch 19000/24569 | ce 3.8210 | cov 0.5366 | λ_cov=0.5 | grad 2.472 | lr 2.39e-05
  batch 19100/24569 | ce 3.8414 | cov 0.5081 | λ_cov=0.5 | grad 2.444 | lr 2.39e-05
  batch 19200/24569 | ce 3.6507 | cov 0.5222 | λ_cov=0.5 | grad 2.432 | lr 2.39e-05
  batch 19300/24569 | ce 3.9577 | cov 0.5122 | λ_cov=0.5 | grad 2.859 | lr 2.38e-05
  batch 19400/24569 | ce 3.9118 | cov 0.5204 | λ_cov=0.5 | grad 2.552 | lr 2.38e-05
  batch 19500/24569 | ce 4.1261 | cov 0.5162 | λ_cov=0.5 | grad 2.715 | lr 2.38e-05
  batch 19600/24569 | ce 3.8068 | cov 0.5084 | λ_cov=0.5 | grad 2.659 | lr 2.38e-05
  batch 19700/24569 | ce 4.0022 | cov 0.5219 | λ_cov=0.5 | grad 4.186 | lr 2.37e-05
  batch 19800/24569 | ce 3.7533 | cov 0.5034 | λ_cov=0.5 | grad 2.420 | lr 2.37e-05
  batch 19900/24569 | ce 4.0391 | cov 0.5068 | λ_cov=0.5 | grad 2.457 | lr 2.37e-05
  batch 20000/24569 | ce 4.2473 | cov 0.5257 | λ_cov=0.5 | grad 2.964 | lr 2.37e-05
  batch 20100/24569 | ce 3.8686 | cov 0.5099 | λ_cov=0.5 | grad 2.687 | lr 2.36e-05
  batch 20200/24569 | ce 4.0233 | cov 0.5369 | λ_cov=0.5 | grad 2.967 | lr 2.36e-05
  batch 20300/24569 | ce 3.9942 | cov 0.5120 | λ_cov=0.5 | grad 2.764 | lr 2.36e-05
  batch 20400/24569 | ce 3.9060 | cov 0.5330 | λ_cov=0.5 | grad 2.492 | lr 2.36e-05
  batch 20500/24569 | ce 3.8250 | cov 0.5002 | λ_cov=0.5 | grad 2.536 | lr 2.35e-05
  batch 20600/24569 | ce 4.2040 | cov 0.5318 | λ_cov=0.5 | grad 3.043 | lr 2.35e-05
  batch 20700/24569 | ce 3.5521 | cov 0.5126 | λ_cov=0.5 | grad 2.438 | lr 2.35e-05
  batch 20800/24569 | ce 3.9559 | cov 0.4969 | λ_cov=0.5 | grad 3.538 | lr 2.35e-05
  batch 20900/24569 | ce 3.7300 | cov 0.5155 | λ_cov=0.5 | grad 2.644 | lr 2.34e-05
  batch 21000/24569 | ce 3.8127 | cov 0.5251 | λ_cov=0.5 | grad 2.760 | lr 2.34e-05
  batch 21100/24569 | ce 3.5965 | cov 0.5156 | λ_cov=0.5 | grad 2.711 | lr 2.34e-05
  batch 21200/24569 | ce 4.1392 | cov 0.5189 | λ_cov=0.5 | grad 2.620 | lr 2.34e-05
  batch 21300/24569 | ce 3.7647 | cov 0.5389 | λ_cov=0.5 | grad 2.639 | lr 2.34e-05
  batch 21400/24569 | ce 3.7831 | cov 0.5047 | λ_cov=0.5 | grad 2.732 | lr 2.33e-05
  batch 21500/24569 | ce 3.9910 | cov 0.5121 | λ_cov=0.5 | grad 2.489 | lr 2.33e-05
  batch 21600/24569 | ce 3.9681 | cov 0.5326 | λ_cov=0.5 | grad 2.468 | lr 2.33e-05
  batch 21700/24569 | ce 4.2849 | cov 0.5378 | λ_cov=0.5 | grad 3.304 | lr 2.33e-05
  batch 21800/24569 | ce 3.7580 | cov 0.5401 | λ_cov=0.5 | grad 2.631 | lr 2.32e-05
  batch 21900/24569 | ce 3.8768 | cov 0.5394 | λ_cov=0.5 | grad 2.422 | lr 2.32e-05
  batch 22000/24569 | ce 3.8563 | cov 0.5189 | λ_cov=0.5 | grad 2.831 | lr 2.32e-05
  batch 22100/24569 | ce 3.7485 | cov 0.5178 | λ_cov=0.5 | grad 2.548 | lr 2.32e-05
  batch 22200/24569 | ce 4.0991 | cov 0.5257 | λ_cov=0.5 | grad 2.671 | lr 2.31e-05
  batch 22300/24569 | ce 3.9960 | cov 0.5252 | λ_cov=0.5 | grad 2.805 | lr 2.31e-05
  batch 22400/24569 | ce 3.8646 | cov 0.5139 | λ_cov=0.5 | grad 2.435 | lr 2.31e-05
  batch 22500/24569 | ce 3.9625 | cov 0.5297 | λ_cov=0.5 | grad 3.048 | lr 2.31e-05
  batch 22600/24569 | ce 3.7179 | cov 0.5253 | λ_cov=0.5 | grad 2.592 | lr 2.30e-05
  batch 22700/24569 | ce 3.8252 | cov 0.5161 | λ_cov=0.5 | grad 2.710 | lr 2.30e-05
  batch 22800/24569 | ce 3.7283 | cov 0.5066 | λ_cov=0.5 | grad 2.684 | lr 2.30e-05
  batch 22900/24569 | ce 4.0814 | cov 0.5354 | λ_cov=0.5 | grad 2.651 | lr 2.30e-05
  batch 23000/24569 | ce 3.8547 | cov 0.5008 | λ_cov=0.5 | grad 2.378 | lr 2.29e-05
  batch 23100/24569 | ce 3.7681 | cov 0.5320 | λ_cov=0.5 | grad 2.365 | lr 2.29e-05
  batch 23200/24569 | ce 3.5512 | cov 0.5150 | λ_cov=0.5 | grad 2.588 | lr 2.29e-05
  batch 23300/24569 | ce 3.9638 | cov 0.5303 | λ_cov=0.5 | grad 2.491 | lr 2.29e-05
  batch 23400/24569 | ce 4.0510 | cov 0.5200 | λ_cov=0.5 | grad 2.436 | lr 2.28e-05
  batch 23500/24569 | ce 3.7605 | cov 0.5264 | λ_cov=0.5 | grad 2.454 | lr 2.28e-05
  batch 23600/24569 | ce 4.1551 | cov 0.5455 | λ_cov=0.5 | grad 2.764 | lr 2.28e-05
  batch 23700/24569 | ce 4.0816 | cov 0.5264 | λ_cov=0.5 | grad 3.852 | lr 2.28e-05
  batch 23800/24569 | ce 4.0167 | cov 0.5458 | λ_cov=0.5 | grad 2.605 | lr 2.28e-05
  batch 23900/24569 | ce 3.9733 | cov 0.5209 | λ_cov=0.5 | grad 2.606 | lr 2.27e-05
  batch 24000/24569 | ce 4.0114 | cov 0.5166 | λ_cov=0.5 | grad 2.741 | lr 2.27e-05
  batch 24100/24569 | ce 4.0421 | cov 0.5419 | λ_cov=0.5 | grad 2.533 | lr 2.27e-05
  batch 24200/24569 | ce 3.5614 | cov 0.5177 | λ_cov=0.5 | grad 2.327 | lr 2.27e-05
  batch 24300/24569 | ce 3.7938 | cov 0.4991 | λ_cov=0.5 | grad 2.273 | lr 2.26e-05
  batch 24400/24569 | ce 3.9960 | cov 0.4921 | λ_cov=0.5 | grad 2.632 | lr 2.26e-05
  batch 24500/24569 | ce 3.9333 | cov 0.5024 | λ_cov=0.5 | grad 2.651 | lr 2.26e-05

Epoch 9/15 | time: 62.0min | unfreeze stage 3 | trainable 32,413,184
  train ce loss: 3.8780
  coverage loss: 0.5223  (λ=0.5)
    legal_chunk  : 4.1442
    second_pass  : 2.2432
    arxiv_anchor : 5.3913
    cnn_anchor   : 5.8475
  val loss     : 3.7153
  perplexity   : 41.07
  lr           : 2.26e-05
  sample       : On March 6, 2015, the plaintiffs filed a class action lawsuit in the U.S. District Court for the Middle District of Alabama against the City of Alabama under 42 U.S.C. § 1983 against the City of Montg
  reference    : On March 8th, 2014, several citizens of Montgomery, Alabama, who had been imprisoned for failing to pay traffic fines, filed a lawsuit in the U.S. District Court for the Middle District of Alabama, un
  >> no improvement (1/5) best=3.7099
  batch   100/24569 | ce 3.5566 | cov 0.5252 | λ_cov=0.5 | grad 2.567 | lr 2.25e-05
  batch   200/24569 | ce 3.7120 | cov 0.5157 | λ_cov=0.5 | grad 2.991 | lr 2.25e-05
  batch   300/24569 | ce 3.9437 | cov 0.5531 | λ_cov=0.5 | grad 2.807 | lr 2.25e-05
  batch   400/24569 | ce 3.8527 | cov 0.5413 | λ_cov=0.5 | grad 3.129 | lr 2.25e-05
  batch   500/24569 | ce 3.8926 | cov 0.5112 | λ_cov=0.5 | grad 2.696 | lr 2.24e-05
  batch   600/24569 | ce 3.9144 | cov 0.5042 | λ_cov=0.5 | grad 2.721 | lr 2.24e-05
  batch   700/24569 | ce 3.9131 | cov 0.5301 | λ_cov=0.5 | grad 2.632 | lr 2.24e-05
  batch   800/24569 | ce 4.2411 | cov 0.5311 | λ_cov=0.5 | grad 3.238 | lr 2.24e-05
  batch   900/24569 | ce 4.0774 | cov 0.5239 | λ_cov=0.5 | grad 2.561 | lr 2.24e-05
  batch  1000/24569 | ce 3.8206 | cov 0.5183 | λ_cov=0.5 | grad 2.464 | lr 2.23e-05
  batch  1100/24569 | ce 3.8991 | cov 0.5101 | λ_cov=0.5 | grad 2.372 | lr 2.23e-05
  batch  1200/24569 | ce 3.8558 | cov 0.5036 | λ_cov=0.5 | grad 2.552 | lr 2.23e-05
  batch  1300/24569 | ce 3.9737 | cov 0.5252 | λ_cov=0.5 | grad 3.847 | lr 2.23e-05
  batch  1400/24569 | ce 4.1674 | cov 0.5310 | λ_cov=0.5 | grad 2.613 | lr 2.22e-05
  batch  1500/24569 | ce 3.7240 | cov 0.5224 | λ_cov=0.5 | grad 3.613 | lr 2.22e-05
  batch  1600/24569 | ce 4.0302 | cov 0.5226 | λ_cov=0.5 | grad 2.609 | lr 2.22e-05
  batch  1700/24569 | ce 3.4744 | cov 0.5154 | λ_cov=0.5 | grad 3.337 | lr 2.22e-05
  batch  1800/24569 | ce 4.0639 | cov 0.5320 | λ_cov=0.5 | grad 2.540 | lr 2.21e-05
  batch  1900/24569 | ce 3.5593 | cov 0.5065 | λ_cov=0.5 | grad 2.566 | lr 2.21e-05
  batch  2000/24569 | ce 4.1312 | cov 0.5190 | λ_cov=0.5 | grad 2.475 | lr 2.21e-05
  batch  2100/24569 | ce 4.2531 | cov 0.5198 | λ_cov=0.5 | grad 2.484 | lr 2.21e-05
  batch  2200/24569 | ce 3.8101 | cov 0.5126 | λ_cov=0.5 | grad 2.390 | lr 2.20e-05
  batch  2300/24569 | ce 3.7989 | cov 0.5121 | λ_cov=0.5 | grad 2.631 | lr 2.20e-05
  batch  2400/24569 | ce 3.4592 | cov 0.5262 | λ_cov=0.5 | grad 4.359 | lr 2.20e-05
  batch  2500/24569 | ce 3.5491 | cov 0.5076 | λ_cov=0.5 | grad 2.435 | lr 2.20e-05
  batch  2600/24569 | ce 3.8923 | cov 0.5022 | λ_cov=0.5 | grad 2.637 | lr 2.19e-05
  batch  2700/24569 | ce 3.7347 | cov 0.5233 | λ_cov=0.5 | grad 2.834 | lr 2.19e-05
  batch  2800/24569 | ce 3.6940 | cov 0.5089 | λ_cov=0.5 | grad 2.699 | lr 2.19e-05
  batch  2900/24569 | ce 4.0024 | cov 0.5150 | λ_cov=0.5 | grad 2.657 | lr 2.19e-05
  batch  3000/24569 | ce 4.1002 | cov 0.5404 | λ_cov=0.5 | grad 2.823 | lr 2.19e-05
  batch  3100/24569 | ce 4.2865 | cov 0.5542 | λ_cov=0.5 | grad 4.337 | lr 2.18e-05
  batch  3200/24569 | ce 3.9475 | cov 0.5016 | λ_cov=0.5 | grad 2.577 | lr 2.18e-05
  batch  3300/24569 | ce 3.8800 | cov 0.5246 | λ_cov=0.5 | grad 2.409 | lr 2.18e-05
  batch  3400/24569 | ce 4.2868 | cov 0.5834 | λ_cov=0.5 | grad 2.763 | lr 2.18e-05
  batch  3500/24569 | ce 3.6443 | cov 0.5119 | λ_cov=0.5 | grad 2.675 | lr 2.17e-05
  batch  3600/24569 | ce 4.1078 | cov 0.5061 | λ_cov=0.5 | grad 2.717 | lr 2.17e-05
  batch  3700/24569 | ce 3.8287 | cov 0.5239 | λ_cov=0.5 | grad 2.464 | lr 2.17e-05
  batch  3800/24569 | ce 3.7559 | cov 0.5087 | λ_cov=0.5 | grad 2.581 | lr 2.17e-05
  batch  3900/24569 | ce 3.9407 | cov 0.5540 | λ_cov=0.5 | grad 2.771 | lr 2.16e-05
  batch  4000/24569 | ce 3.9644 | cov 0.5512 | λ_cov=0.5 | grad 2.293 | lr 2.16e-05
  batch  4100/24569 | ce 4.0284 | cov 0.5183 | λ_cov=0.5 | grad 3.180 | lr 2.16e-05
  batch  4200/24569 | ce 3.8094 | cov 0.5123 | λ_cov=0.5 | grad 2.385 | lr 2.16e-05
  batch  4300/24569 | ce 3.8778 | cov 0.5157 | λ_cov=0.5 | grad 2.734 | lr 2.15e-05
  batch  4400/24569 | ce 3.7396 | cov 0.5182 | λ_cov=0.5 | grad 2.687 | lr 2.15e-05
  batch  4500/24569 | ce 3.9921 | cov 0.5343 | λ_cov=0.5 | grad 2.858 | lr 2.15e-05
  batch  4600/24569 | ce 4.1599 | cov 0.5270 | λ_cov=0.5 | grad 2.466 | lr 2.15e-05
  batch  4700/24569 | ce 4.0108 | cov 0.5290 | λ_cov=0.5 | grad 2.375 | lr 2.14e-05
  batch  4800/24569 | ce 4.0629 | cov 0.5654 | λ_cov=0.5 | grad 3.908 | lr 2.14e-05
  batch  4900/24569 | ce 3.7544 | cov 0.5074 | λ_cov=0.5 | grad 2.355 | lr 2.14e-05
  batch  5000/24569 | ce 3.9621 | cov 0.5216 | λ_cov=0.5 | grad 2.832 | lr 2.14e-05
  batch  5100/24569 | ce 3.6553 | cov 0.5094 | λ_cov=0.5 | grad 2.772 | lr 2.14e-05
  batch  5200/24569 | ce 3.8969 | cov 0.5241 | λ_cov=0.5 | grad 2.731 | lr 2.13e-05
  batch  5300/24569 | ce 4.0119 | cov 0.5090 | λ_cov=0.5 | grad 3.287 | lr 2.13e-05
  batch  5400/24569 | ce 3.5832 | cov 0.5047 | λ_cov=0.5 | grad 3.008 | lr 2.13e-05
  batch  5500/24569 | ce 4.0332 | cov 0.5314 | λ_cov=0.5 | grad 2.730 | lr 2.13e-05
  batch  5600/24569 | ce 4.0146 | cov 0.5620 | λ_cov=0.5 | grad 2.614 | lr 2.12e-05
  batch  5700/24569 | ce 3.6810 | cov 0.5230 | λ_cov=0.5 | grad 2.676 | lr 2.12e-05
  batch  5800/24569 | ce 3.6240 | cov 0.5185 | λ_cov=0.5 | grad 2.417 | lr 2.12e-05
  batch  5900/24569 | ce 3.6766 | cov 0.5108 | λ_cov=0.5 | grad 2.309 | lr 2.12e-05
  batch  6000/24569 | ce 3.9355 | cov 0.5164 | λ_cov=0.5 | grad 2.567 | lr 2.11e-05
  batch  6100/24569 | ce 3.9469 | cov 0.5055 | λ_cov=0.5 | grad 2.710 | lr 2.11e-05
  batch  6200/24569 | ce 3.9230 | cov 0.5024 | λ_cov=0.5 | grad 2.391 | lr 2.11e-05
  batch  6300/24569 | ce 3.7649 | cov 0.5232 | λ_cov=0.5 | grad 2.600 | lr 2.11e-05
  batch  6400/24569 | ce 3.8923 | cov 0.5393 | λ_cov=0.5 | grad 2.572 | lr 2.10e-05
  batch  6500/24569 | ce 3.7782 | cov 0.5174 | λ_cov=0.5 | grad 2.499 | lr 2.10e-05
  batch  6600/24569 | ce 4.0585 | cov 0.5149 | λ_cov=0.5 | grad 2.670 | lr 2.10e-05
  batch  6700/24569 | ce 3.9980 | cov 0.5271 | λ_cov=0.5 | grad 2.612 | lr 2.10e-05
  batch  6800/24569 | ce 3.8253 | cov 0.5243 | λ_cov=0.5 | grad 3.225 | lr 2.09e-05
  batch  6900/24569 | ce 3.9105 | cov 0.5353 | λ_cov=0.5 | grad 2.891 | lr 2.09e-05
  batch  7000/24569 | ce 3.7564 | cov 0.5172 | λ_cov=0.5 | grad 2.419 | lr 2.09e-05
  batch  7100/24569 | ce 3.7724 | cov 0.5186 | λ_cov=0.5 | grad 2.576 | lr 2.09e-05
  batch  7200/24569 | ce 3.8966 | cov 0.5112 | λ_cov=0.5 | grad 2.688 | lr 2.09e-05
  batch  7300/24569 | ce 3.9967 | cov 0.5174 | λ_cov=0.5 | grad 3.061 | lr 2.08e-05
  batch  7400/24569 | ce 3.6829 | cov 0.5223 | λ_cov=0.5 | grad 2.585 | lr 2.08e-05
  batch  7500/24569 | ce 4.0323 | cov 0.5226 | λ_cov=0.5 | grad 2.558 | lr 2.08e-05
  batch  7600/24569 | ce 3.8901 | cov 0.5128 | λ_cov=0.5 | grad 2.543 | lr 2.08e-05
  batch  7700/24569 | ce 4.0700 | cov 0.5109 | λ_cov=0.5 | grad 2.682 | lr 2.07e-05
  batch  7800/24569 | ce 4.0250 | cov 0.5002 | λ_cov=0.5 | grad 2.674 | lr 2.07e-05
  batch  7900/24569 | ce 3.7732 | cov 0.5272 | λ_cov=0.5 | grad 2.527 | lr 2.07e-05
  batch  8000/24569 | ce 3.8229 | cov 0.5182 | λ_cov=0.5 | grad 3.172 | lr 2.07e-05
  batch  8100/24569 | ce 3.7359 | cov 0.5149 | λ_cov=0.5 | grad 2.687 | lr 2.06e-05
  batch  8200/24569 | ce 4.0010 | cov 0.5326 | λ_cov=0.5 | grad 2.592 | lr 2.06e-05
  batch  8300/24569 | ce 3.8070 | cov 0.5302 | λ_cov=0.5 | grad 2.559 | lr 2.06e-05
  batch  8400/24569 | ce 3.9623 | cov 0.5419 | λ_cov=0.5 | grad 2.424 | lr 2.06e-05
  batch  8500/24569 | ce 3.7643 | cov 0.5111 | λ_cov=0.5 | grad 3.251 | lr 2.05e-05
  batch  8600/24569 | ce 3.9739 | cov 0.5103 | λ_cov=0.5 | grad 2.728 | lr 2.05e-05
  batch  8700/24569 | ce 3.9794 | cov 0.5349 | λ_cov=0.5 | grad 5.729 | lr 2.05e-05
  batch  8800/24569 | ce 3.7846 | cov 0.5452 | λ_cov=0.5 | grad 2.579 | lr 2.05e-05
  batch  8900/24569 | ce 3.8384 | cov 0.5024 | λ_cov=0.5 | grad 2.482 | lr 2.05e-05
  batch  9000/24569 | ce 4.0662 | cov 0.5259 | λ_cov=0.5 | grad 3.120 | lr 2.04e-05
  batch  9100/24569 | ce 3.9143 | cov 0.5617 | λ_cov=0.5 | grad 12.874 | lr 2.04e-05
  batch  9200/24569 | ce 4.0608 | cov 0.5077 | λ_cov=0.5 | grad 2.782 | lr 2.04e-05
  batch  9300/24569 | ce 3.9602 | cov 0.5307 | λ_cov=0.5 | grad 2.631 | lr 2.04e-05
  batch  9400/24569 | ce 3.8094 | cov 0.5259 | λ_cov=0.5 | grad 2.597 | lr 2.03e-05
  batch  9500/24569 | ce 3.8182 | cov 0.5244 | λ_cov=0.5 | grad 3.033 | lr 2.03e-05
  batch  9600/24569 | ce 3.8772 | cov 0.5147 | λ_cov=0.5 | grad 3.339 | lr 2.03e-05
  batch  9700/24569 | ce 3.9185 | cov 0.5113 | λ_cov=0.5 | grad 2.688 | lr 2.03e-05
  batch  9800/24569 | ce 4.0695 | cov 0.5301 | λ_cov=0.5 | grad 2.768 | lr 2.02e-05
  batch  9900/24569 | ce 3.8159 | cov 0.5138 | λ_cov=0.5 | grad 2.676 | lr 2.02e-05
  batch 10000/24569 | ce 3.9277 | cov 0.5210 | λ_cov=0.5 | grad 2.524 | lr 2.02e-05
  batch 10100/24569 | ce 3.8969 | cov 0.5192 | λ_cov=0.5 | grad 2.549 | lr 2.02e-05
  batch 10200/24569 | ce 4.0445 | cov 0.5362 | λ_cov=0.5 | grad 2.664 | lr 2.01e-05
  batch 10300/24569 | ce 3.7729 | cov 0.5154 | λ_cov=0.5 | grad 2.513 | lr 2.01e-05
  batch 10400/24569 | ce 3.6813 | cov 0.5271 | λ_cov=0.5 | grad 3.440 | lr 2.01e-05
  batch 10500/24569 | ce 3.6496 | cov 0.5041 | λ_cov=0.5 | grad 3.597 | lr 2.01e-05
  batch 10600/24569 | ce 4.0544 | cov 0.5224 | λ_cov=0.5 | grad 2.458 | lr 2.01e-05
  batch 10700/24569 | ce 3.8761 | cov 0.5049 | λ_cov=0.5 | grad 2.689 | lr 2.00e-05
  batch 10800/24569 | ce 3.8600 | cov 0.5224 | λ_cov=0.5 | grad 2.814 | lr 2.00e-05
  batch 10900/24569 | ce 3.9003 | cov 0.5236 | λ_cov=0.5 | grad 2.762 | lr 2.00e-05
  batch 11000/24569 | ce 3.9530 | cov 0.5212 | λ_cov=0.5 | grad 2.397 | lr 2.00e-05
  batch 11100/24569 | ce 3.9012 | cov 0.5101 | λ_cov=0.5 | grad 5.542 | lr 1.99e-05
  batch 11200/24569 | ce 3.7403 | cov 0.5050 | λ_cov=0.5 | grad 2.404 | lr 1.99e-05
  batch 11300/24569 | ce 3.8063 | cov 0.4981 | λ_cov=0.5 | grad 4.088 | lr 1.99e-05
  batch 11400/24569 | ce 3.7333 | cov 0.5182 | λ_cov=0.5 | grad 2.859 | lr 1.99e-05
  batch 11500/24569 | ce 3.9862 | cov 0.5098 | λ_cov=0.5 | grad 2.549 | lr 1.98e-05
  batch 11600/24569 | ce 3.8456 | cov 0.5090 | λ_cov=0.5 | grad 2.658 | lr 1.98e-05
  batch 11700/24569 | ce 3.9177 | cov 0.5208 | λ_cov=0.5 | grad 4.177 | lr 1.98e-05
  batch 11800/24569 | ce 3.9843 | cov 0.5139 | λ_cov=0.5 | grad 2.367 | lr 1.98e-05
  batch 11900/24569 | ce 3.7494 | cov 0.5302 | λ_cov=0.5 | grad 3.717 | lr 1.97e-05
  batch 12000/24569 | ce 4.0412 | cov 0.5238 | λ_cov=0.5 | grad 2.840 | lr 1.97e-05
  batch 12100/24569 | ce 3.9465 | cov 0.5048 | λ_cov=0.5 | grad 2.818 | lr 1.97e-05
  batch 12200/24569 | ce 3.9287 | cov 0.5153 | λ_cov=0.5 | grad 2.548 | lr 1.97e-05
  batch 12300/24569 | ce 4.1540 | cov 0.5210 | λ_cov=0.5 | grad 2.549 | lr 1.97e-05
  batch 12400/24569 | ce 3.7663 | cov 0.5077 | λ_cov=0.5 | grad 2.495 | lr 1.96e-05
  batch 12500/24569 | ce 3.7411 | cov 0.5130 | λ_cov=0.5 | grad 2.476 | lr 1.96e-05
  batch 12600/24569 | ce 3.7981 | cov 0.5078 | λ_cov=0.5 | grad 2.556 | lr 1.96e-05
  batch 12700/24569 | ce 3.7982 | cov 0.5298 | λ_cov=0.5 | grad 3.222 | lr 1.96e-05
  batch 12800/24569 | ce 3.8691 | cov 0.5167 | λ_cov=0.5 | grad 2.788 | lr 1.95e-05
  batch 12900/24569 | ce 3.7825 | cov 0.5190 | λ_cov=0.5 | grad 2.685 | lr 1.95e-05
  batch 13000/24569 | ce 3.7611 | cov 0.5163 | λ_cov=0.5 | grad 2.460 | lr 1.95e-05
  batch 13100/24569 | ce 3.9030 | cov 0.5125 | λ_cov=0.5 | grad 2.336 | lr 1.95e-05
  batch 13200/24569 | ce 3.8450 | cov 0.5213 | λ_cov=0.5 | grad 2.990 | lr 1.94e-05
  batch 13300/24569 | ce 3.7854 | cov 0.5239 | λ_cov=0.5 | grad 2.507 | lr 1.94e-05
  batch 13400/24569 | ce 4.0514 | cov 0.5376 | λ_cov=0.5 | grad 2.518 | lr 1.94e-05
  batch 13500/24569 | ce 3.5482 | cov 0.5103 | λ_cov=0.5 | grad 2.190 | lr 1.94e-05
  batch 13600/24569 | ce 3.5003 | cov 0.5126 | λ_cov=0.5 | grad 2.449 | lr 1.93e-05
  batch 13700/24569 | ce 4.2291 | cov 0.5177 | λ_cov=0.5 | grad 2.669 | lr 1.93e-05
  batch 13800/24569 | ce 3.7518 | cov 0.5214 | λ_cov=0.5 | grad 2.316 | lr 1.93e-05
  batch 13900/24569 | ce 4.0091 | cov 0.5045 | λ_cov=0.5 | grad 2.540 | lr 1.93e-05
  batch 14000/24569 | ce 3.9227 | cov 0.5056 | λ_cov=0.5 | grad 2.528 | lr 1.93e-05
  batch 14100/24569 | ce 4.1022 | cov 0.5348 | λ_cov=0.5 | grad 4.026 | lr 1.92e-05
  batch 14200/24569 | ce 3.7956 | cov 0.5062 | λ_cov=0.5 | grad 3.174 | lr 1.92e-05
  batch 14300/24569 | ce 3.8844 | cov 0.5257 | λ_cov=0.5 | grad 2.649 | lr 1.92e-05
  batch 14400/24569 | ce 3.7687 | cov 0.5089 | λ_cov=0.5 | grad 2.272 | lr 1.92e-05
  batch 14500/24569 | ce 4.1560 | cov 0.5258 | λ_cov=0.5 | grad 2.993 | lr 1.91e-05
  batch 14600/24569 | ce 3.6814 | cov 0.5272 | λ_cov=0.5 | grad 2.401 | lr 1.91e-05
  batch 14700/24569 | ce 3.9727 | cov 0.5154 | λ_cov=0.5 | grad 2.717 | lr 1.91e-05
  batch 14800/24569 | ce 3.7961 | cov 0.4957 | λ_cov=0.5 | grad 3.304 | lr 1.91e-05
  batch 14900/24569 | ce 3.8778 | cov 0.5201 | λ_cov=0.5 | grad 2.496 | lr 1.90e-05
  batch 15000/24569 | ce 4.0533 | cov 0.5303 | λ_cov=0.5 | grad 2.432 | lr 1.90e-05
  batch 15100/24569 | ce 3.8270 | cov 0.5094 | λ_cov=0.5 | grad 2.731 | lr 1.90e-05
  batch 15200/24569 | ce 3.7828 | cov 0.5304 | λ_cov=0.5 | grad 2.502 | lr 1.90e-05
  batch 15300/24569 | ce 3.9320 | cov 0.5252 | λ_cov=0.5 | grad 2.332 | lr 1.90e-05
  batch 15400/24569 | ce 3.6365 | cov 0.5177 | λ_cov=0.5 | grad 2.290 | lr 1.89e-05
  batch 15500/24569 | ce 4.0854 | cov 0.5151 | λ_cov=0.5 | grad 3.110 | lr 1.89e-05
  batch 15600/24569 | ce 3.8733 | cov 0.5121 | λ_cov=0.5 | grad 2.764 | lr 1.89e-05
  batch 15700/24569 | ce 3.7030 | cov 0.5406 | λ_cov=0.5 | grad 2.872 | lr 1.89e-05
  batch 15800/24569 | ce 3.7389 | cov 0.5097 | λ_cov=0.5 | grad 2.508 | lr 1.88e-05
  batch 15900/24569 | ce 4.0470 | cov 0.5381 | λ_cov=0.5 | grad 3.285 | lr 1.88e-05
  batch 16000/24569 | ce 3.8127 | cov 0.5010 | λ_cov=0.5 | grad 2.504 | lr 1.88e-05
  batch 16100/24569 | ce 3.8864 | cov 0.4934 | λ_cov=0.5 | grad 2.537 | lr 1.88e-05
  batch 16200/24569 | ce 3.9962 | cov 0.5118 | λ_cov=0.5 | grad 2.850 | lr 1.87e-05
  batch 16300/24569 | ce 3.7967 | cov 0.5030 | λ_cov=0.5 | grad 3.143 | lr 1.87e-05
  batch 16400/24569 | ce 3.8482 | cov 0.5437 | λ_cov=0.5 | grad 4.447 | lr 1.87e-05
  batch 16500/24569 | ce 3.8778 | cov 0.5203 | λ_cov=0.5 | grad 2.749 | lr 1.87e-05
  batch 16600/24569 | ce 4.0107 | cov 0.5157 | λ_cov=0.5 | grad 2.533 | lr 1.87e-05
  batch 16700/24569 | ce 3.7052 | cov 0.5235 | λ_cov=0.5 | grad 2.582 | lr 1.86e-05
  batch 16800/24569 | ce 3.9058 | cov 0.5248 | λ_cov=0.5 | grad 3.499 | lr 1.86e-05
  batch 16900/24569 | ce 3.9001 | cov 0.5263 | λ_cov=0.5 | grad 4.563 | lr 1.86e-05
  batch 17000/24569 | ce 3.9029 | cov 0.5184 | λ_cov=0.5 | grad 2.956 | lr 1.86e-05
  batch 17100/24569 | ce 3.9167 | cov 0.5204 | λ_cov=0.5 | grad 2.725 | lr 1.85e-05
  batch 17200/24569 | ce 3.6961 | cov 0.5076 | λ_cov=0.5 | grad 2.309 | lr 1.85e-05
  batch 17300/24569 | ce 3.7827 | cov 0.5321 | λ_cov=0.5 | grad 2.500 | lr 1.85e-05
  batch 17400/24569 | ce 3.8974 | cov 0.5208 | λ_cov=0.5 | grad 2.472 | lr 1.85e-05
  batch 17500/24569 | ce 4.0059 | cov 0.5452 | λ_cov=0.5 | grad 2.567 | lr 1.84e-05
  batch 17600/24569 | ce 4.0353 | cov 0.5364 | λ_cov=0.5 | grad 2.612 | lr 1.84e-05
  batch 17700/24569 | ce 3.7702 | cov 0.5312 | λ_cov=0.5 | grad 2.542 | lr 1.84e-05
  batch 17800/24569 | ce 3.9242 | cov 0.5166 | λ_cov=0.5 | grad 2.443 | lr 1.84e-05
  batch 17900/24569 | ce 3.9239 | cov 0.5449 | λ_cov=0.5 | grad 3.004 | lr 1.84e-05
  batch 18000/24569 | ce 3.6590 | cov 0.5060 | λ_cov=0.5 | grad 2.962 | lr 1.83e-05
  batch 18100/24569 | ce 3.8897 | cov 0.5173 | λ_cov=0.5 | grad 2.453 | lr 1.83e-05
  batch 18200/24569 | ce 3.6590 | cov 0.5105 | λ_cov=0.5 | grad 2.529 | lr 1.83e-05
  batch 18300/24569 | ce 3.6486 | cov 0.5172 | λ_cov=0.5 | grad 3.314 | lr 1.83e-05
  batch 18400/24569 | ce 3.7666 | cov 0.5133 | λ_cov=0.5 | grad 2.517 | lr 1.82e-05
  batch 18500/24569 | ce 3.8934 | cov 0.5351 | λ_cov=0.5 | grad 3.082 | lr 1.82e-05
  batch 18600/24569 | ce 3.6805 | cov 0.5092 | λ_cov=0.5 | grad 2.911 | lr 1.82e-05
  batch 18700/24569 | ce 3.7806 | cov 0.5087 | λ_cov=0.5 | grad 2.644 | lr 1.82e-05
  batch 18800/24569 | ce 3.9413 | cov 0.5057 | λ_cov=0.5 | grad 2.648 | lr 1.81e-05
  batch 18900/24569 | ce 4.0523 | cov 0.5379 | λ_cov=0.5 | grad 2.681 | lr 1.81e-05
  batch 19000/24569 | ce 4.0404 | cov 0.5158 | λ_cov=0.5 | grad 2.890 | lr 1.81e-05
  batch 19100/24569 | ce 3.8474 | cov 0.5324 | λ_cov=0.5 | grad 3.085 | lr 1.81e-05
  batch 19200/24569 | ce 3.8641 | cov 0.5376 | λ_cov=0.5 | grad 2.650 | lr 1.81e-05
  batch 19300/24569 | ce 3.7356 | cov 0.5177 | λ_cov=0.5 | grad 2.399 | lr 1.80e-05
  batch 19400/24569 | ce 3.8091 | cov 0.5034 | λ_cov=0.5 | grad 2.442 | lr 1.80e-05
  batch 19500/24569 | ce 4.0813 | cov 0.5172 | λ_cov=0.5 | grad 3.790 | lr 1.80e-05
  batch 19600/24569 | ce 4.0772 | cov 0.5356 | λ_cov=0.5 | grad 2.523 | lr 1.80e-05
  batch 19700/24569 | ce 4.0590 | cov 0.5253 | λ_cov=0.5 | grad 3.146 | lr 1.79e-05
  batch 19800/24569 | ce 4.1848 | cov 0.5185 | λ_cov=0.5 | grad 3.854 | lr 1.79e-05
  batch 19900/24569 | ce 4.0353 | cov 0.5341 | λ_cov=0.5 | grad 2.553 | lr 1.79e-05
  batch 20000/24569 | ce 3.9944 | cov 0.5324 | λ_cov=0.5 | grad 2.623 | lr 1.79e-05
  batch 20100/24569 | ce 4.1286 | cov 0.5157 | λ_cov=0.5 | grad 2.503 | lr 1.78e-05
  batch 20200/24569 | ce 3.6375 | cov 0.5015 | λ_cov=0.5 | grad 2.556 | lr 1.78e-05
  batch 20300/24569 | ce 3.5464 | cov 0.5098 | λ_cov=0.5 | grad 2.320 | lr 1.78e-05
  batch 20400/24569 | ce 3.8084 | cov 0.5231 | λ_cov=0.5 | grad 2.684 | lr 1.78e-05
  batch 20500/24569 | ce 3.7411 | cov 0.5147 | λ_cov=0.5 | grad 2.810 | lr 1.78e-05
  batch 20600/24569 | ce 3.6751 | cov 0.5034 | λ_cov=0.5 | grad 2.581 | lr 1.77e-05
  batch 20700/24569 | ce 3.8496 | cov 0.5038 | λ_cov=0.5 | grad 2.658 | lr 1.77e-05
  batch 20800/24569 | ce 4.0957 | cov 0.5120 | λ_cov=0.5 | grad 2.570 | lr 1.77e-05
  batch 20900/24569 | ce 3.7319 | cov 0.5142 | λ_cov=0.5 | grad 2.644 | lr 1.77e-05
  batch 21000/24569 | ce 3.9136 | cov 0.5288 | λ_cov=0.5 | grad 2.400 | lr 1.76e-05
  batch 21100/24569 | ce 3.7455 | cov 0.5050 | λ_cov=0.5 | grad 3.286 | lr 1.76e-05
  batch 21200/24569 | ce 3.7611 | cov 0.5087 | λ_cov=0.5 | grad 2.758 | lr 1.76e-05
  batch 21300/24569 | ce 3.7999 | cov 0.5190 | λ_cov=0.5 | grad 2.352 | lr 1.76e-05
  batch 21400/24569 | ce 3.8980 | cov 0.5135 | λ_cov=0.5 | grad 2.582 | lr 1.75e-05
  batch 21500/24569 | ce 3.9803 | cov 0.5554 | λ_cov=0.5 | grad 3.400 | lr 1.75e-05
  batch 21600/24569 | ce 3.8751 | cov 0.5172 | λ_cov=0.5 | grad 2.531 | lr 1.75e-05
  batch 21700/24569 | ce 3.9524 | cov 0.5179 | λ_cov=0.5 | grad 2.581 | lr 1.75e-05
  batch 21800/24569 | ce 3.7150 | cov 0.5114 | λ_cov=0.5 | grad 3.087 | lr 1.75e-05
  batch 21900/24569 | ce 3.8743 | cov 0.5280 | λ_cov=0.5 | grad 2.530 | lr 1.74e-05
  batch 22000/24569 | ce 3.9560 | cov 0.5226 | λ_cov=0.5 | grad 3.712 | lr 1.74e-05
  batch 22100/24569 | ce 3.8614 | cov 0.5109 | λ_cov=0.5 | grad 2.597 | lr 1.74e-05
  batch 22200/24569 | ce 3.7970 | cov 0.5184 | λ_cov=0.5 | grad 2.368 | lr 1.74e-05
  batch 22300/24569 | ce 3.8638 | cov 0.5149 | λ_cov=0.5 | grad 2.841 | lr 1.73e-05
  batch 22400/24569 | ce 3.6486 | cov 0.5120 | λ_cov=0.5 | grad 2.738 | lr 1.73e-05
  batch 22500/24569 | ce 4.0142 | cov 0.5047 | λ_cov=0.5 | grad 2.446 | lr 1.73e-05
  batch 22600/24569 | ce 3.9153 | cov 0.5280 | λ_cov=0.5 | grad 2.631 | lr 1.73e-05
  batch 22700/24569 | ce 3.6925 | cov 0.5226 | λ_cov=0.5 | grad 2.494 | lr 1.73e-05
  batch 22800/24569 | ce 3.9257 | cov 0.5148 | λ_cov=0.5 | grad 2.760 | lr 1.72e-05
  batch 22900/24569 | ce 4.0519 | cov 0.5302 | λ_cov=0.5 | grad 2.636 | lr 1.72e-05
  batch 23000/24569 | ce 3.7557 | cov 0.5351 | λ_cov=0.5 | grad 2.331 | lr 1.72e-05
  batch 23100/24569 | ce 3.8168 | cov 0.5168 | λ_cov=0.5 | grad 2.978 | lr 1.72e-05
  batch 23200/24569 | ce 3.7834 | cov 0.5103 | λ_cov=0.5 | grad 2.692 | lr 1.71e-05
  batch 23300/24569 | ce 3.9087 | cov 0.5156 | λ_cov=0.5 | grad 3.544 | lr 1.71e-05
  batch 23400/24569 | ce 3.8211 | cov 0.4962 | λ_cov=0.5 | grad 2.640 | lr 1.71e-05
  batch 23500/24569 | ce 3.5769 | cov 0.5098 | λ_cov=0.5 | grad 2.719 | lr 1.71e-05
  batch 23600/24569 | ce 4.0115 | cov 0.5235 | λ_cov=0.5 | grad 2.891 | lr 1.70e-05
  batch 23700/24569 | ce 3.8245 | cov 0.5243 | λ_cov=0.5 | grad 2.391 | lr 1.70e-05
  batch 23800/24569 | ce 4.0702 | cov 0.5223 | λ_cov=0.5 | grad 4.574 | lr 1.70e-05
  batch 23900/24569 | ce 3.8527 | cov 0.5257 | λ_cov=0.5 | grad 2.678 | lr 1.70e-05
  batch 24000/24569 | ce 3.8888 | cov 0.5163 | λ_cov=0.5 | grad 2.403 | lr 1.70e-05
  batch 24100/24569 | ce 4.0966 | cov 0.5281 | λ_cov=0.5 | grad 3.171 | lr 1.69e-05
  batch 24200/24569 | ce 3.9139 | cov 0.5377 | λ_cov=0.5 | grad 2.706 | lr 1.69e-05
  batch 24300/24569 | ce 4.0371 | cov 0.5240 | λ_cov=0.5 | grad 2.696 | lr 1.69e-05
  batch 24400/24569 | ce 3.9617 | cov 0.5213 | λ_cov=0.5 | grad 2.555 | lr 1.69e-05
  batch 24500/24569 | ce 4.2483 | cov 0.5277 | λ_cov=0.5 | grad 2.746 | lr 1.68e-05

Epoch 10/15 | time: 62.0min | unfreeze stage 3 | trainable 32,413,184
  train ce loss: 3.8699
  coverage loss: 0.5209  (λ=0.5)
    legal_chunk  : 4.1328
    second_pass  : 2.2379
    arxiv_anchor : 5.3886
    cnn_anchor   : 5.8472
  val loss     : 3.7091
  perplexity   : 40.82
  lr           : 1.68e-05
  sample       : On May 21, 2013, the plaintiffs filed a class action lawsuit in the U.S. District Court for the Middle District of Alabama against the City of Alabama under 42 U.S.C. § 1983 against the City of Alabam
  reference    : On March 8th, 2014, several citizens of Montgomery, Alabama, who had been imprisoned for failing to pay traffic fines, filed a lawsuit in the U.S. District Court for the Middle District of Alabama, un
  >> new best val loss — saved stage3_best.pt
  >> BELOW Stage 2 val loss (4.3827)
  batch   100/24569 | ce 3.8174 | cov 0.5358 | λ_cov=0.5 | grad 2.714 | lr 1.68e-05
  batch   200/24569 | ce 3.6570 | cov 0.5259 | λ_cov=0.5 | grad 2.560 | lr 1.68e-05
  batch   300/24569 | ce 3.7187 | cov 0.5226 | λ_cov=0.5 | grad 2.732 | lr 1.68e-05
  batch   400/24569 | ce 3.7664 | cov 0.5083 | λ_cov=0.5 | grad 2.540 | lr 1.67e-05
  batch   500/24569 | ce 3.7524 | cov 0.5207 | λ_cov=0.5 | grad 2.418 | lr 1.67e-05
  batch   600/24569 | ce 3.7805 | cov 0.5135 | λ_cov=0.5 | grad 2.330 | lr 1.67e-05
  batch   700/24569 | ce 4.1728 | cov 0.5216 | λ_cov=0.5 | grad 3.379 | lr 1.67e-05
  batch   800/24569 | ce 3.8330 | cov 0.5266 | λ_cov=0.5 | grad 2.678 | lr 1.66e-05
  batch   900/24569 | ce 4.1483 | cov 0.5275 | λ_cov=0.5 | grad 5.067 | lr 1.66e-05
  batch  1000/24569 | ce 3.7560 | cov 0.5376 | λ_cov=0.5 | grad 2.749 | lr 1.66e-05
  batch  1100/24569 | ce 3.8266 | cov 0.4961 | λ_cov=0.5 | grad 2.737 | lr 1.66e-05
  batch  1200/24569 | ce 4.2112 | cov 0.5128 | λ_cov=0.5 | grad 2.802 | lr 1.66e-05
  batch  1300/24569 | ce 3.8189 | cov 0.5253 | λ_cov=0.5 | grad 2.932 | lr 1.65e-05
  batch  1400/24569 | ce 3.7982 | cov 0.5196 | λ_cov=0.5 | grad 2.364 | lr 1.65e-05
  batch  1500/24569 | ce 3.8819 | cov 0.5297 | λ_cov=0.5 | grad 2.540 | lr 1.65e-05
  batch  1600/24569 | ce 3.6596 | cov 0.5161 | λ_cov=0.5 | grad 10.105 | lr 1.65e-05
  batch  1700/24569 | ce 4.0825 | cov 0.5304 | λ_cov=0.5 | grad 3.207 | lr 1.64e-05
  batch  1800/24569 | ce 3.8996 | cov 0.5133 | λ_cov=0.5 | grad 3.245 | lr 1.64e-05
  batch  1900/24569 | ce 4.0231 | cov 0.5381 | λ_cov=0.5 | grad 2.705 | lr 1.64e-05
  batch  2000/24569 | ce 3.7729 | cov 0.5082 | λ_cov=0.5 | grad 2.757 | lr 1.64e-05
  batch  2100/24569 | ce 3.7300 | cov 0.5181 | λ_cov=0.5 | grad 2.621 | lr 1.64e-05
  batch  2200/24569 | ce 3.8818 | cov 0.5467 | λ_cov=0.5 | grad 2.364 | lr 1.63e-05
  batch  2300/24569 | ce 4.0409 | cov 0.5242 | λ_cov=0.5 | grad 2.643 | lr 1.63e-05
  batch  2400/24569 | ce 3.7138 | cov 0.5197 | λ_cov=0.5 | grad 2.393 | lr 1.63e-05
  batch  2500/24569 | ce 3.9392 | cov 0.5358 | λ_cov=0.5 | grad 3.564 | lr 1.63e-05
  batch  2600/24569 | ce 4.0965 | cov 0.5200 | λ_cov=0.5 | grad 2.651 | lr 1.62e-05
  batch  2700/24569 | ce 3.7993 | cov 0.5380 | λ_cov=0.5 | grad 2.632 | lr 1.62e-05
  batch  2800/24569 | ce 3.8488 | cov 0.5193 | λ_cov=0.5 | grad 2.819 | lr 1.62e-05
  batch  2900/24569 | ce 3.8680 | cov 0.5376 | λ_cov=0.5 | grad 2.855 | lr 1.62e-05
  batch  3000/24569 | ce 3.8932 | cov 0.4970 | λ_cov=0.5 | grad 2.740 | lr 1.62e-05
  batch  3100/24569 | ce 3.7591 | cov 0.5285 | λ_cov=0.5 | grad 3.615 | lr 1.61e-05
  batch  3200/24569 | ce 3.8176 | cov 0.5290 | λ_cov=0.5 | grad 2.634 | lr 1.61e-05
  batch  3300/24569 | ce 4.0123 | cov 0.5147 | λ_cov=0.5 | grad 2.412 | lr 1.61e-05
  batch  3400/24569 | ce 3.9130 | cov 0.5204 | λ_cov=0.5 | grad 2.664 | lr 1.61e-05
  batch  3500/24569 | ce 3.8572 | cov 0.5301 | λ_cov=0.5 | grad 4.738 | lr 1.60e-05
  batch  3600/24569 | ce 3.9835 | cov 0.5392 | λ_cov=0.5 | grad 2.456 | lr 1.60e-05
  batch  3700/24569 | ce 4.0215 | cov 0.5226 | λ_cov=0.5 | grad 5.018 | lr 1.60e-05
  batch  3800/24569 | ce 4.0206 | cov 0.5329 | λ_cov=0.5 | grad 2.631 | lr 1.60e-05
  batch  3900/24569 | ce 3.8131 | cov 0.5157 | λ_cov=0.5 | grad 2.511 | lr 1.60e-05
  batch  4000/24569 | ce 3.6904 | cov 0.4958 | λ_cov=0.5 | grad 2.645 | lr 1.59e-05
  batch  4100/24569 | ce 3.9380 | cov 0.5230 | λ_cov=0.5 | grad 2.537 | lr 1.59e-05
  batch  4200/24569 | ce 3.5982 | cov 0.5128 | λ_cov=0.5 | grad 2.397 | lr 1.59e-05
  batch  4300/24569 | ce 3.7805 | cov 0.5402 | λ_cov=0.5 | grad 2.905 | lr 1.59e-05
  batch  4400/24569 | ce 3.8930 | cov 0.5136 | λ_cov=0.5 | grad 2.633 | lr 1.58e-05
  batch  4500/24569 | ce 3.9204 | cov 0.5479 | λ_cov=0.5 | grad 2.488 | lr 1.58e-05
  batch  4600/24569 | ce 3.8196 | cov 0.5183 | λ_cov=0.5 | grad 2.775 | lr 1.58e-05
  batch  4700/24569 | ce 3.4866 | cov 0.5229 | λ_cov=0.5 | grad 2.842 | lr 1.58e-05
  batch  4800/24569 | ce 3.5051 | cov 0.5415 | λ_cov=0.5 | grad 2.366 | lr 1.58e-05
  batch  4900/24569 | ce 3.8305 | cov 0.5132 | λ_cov=0.5 | grad 2.443 | lr 1.57e-05
  batch  5000/24569 | ce 4.0738 | cov 0.5235 | λ_cov=0.5 | grad 2.427 | lr 1.57e-05
  batch  5100/24569 | ce 3.9177 | cov 0.5230 | λ_cov=0.5 | grad 2.562 | lr 1.57e-05
  batch  5200/24569 | ce 4.1590 | cov 0.5428 | λ_cov=0.5 | grad 2.307 | lr 1.57e-05
  batch  5300/24569 | ce 3.9945 | cov 0.5276 | λ_cov=0.5 | grad 3.198 | lr 1.56e-05
  batch  5400/24569 | ce 4.0218 | cov 0.5192 | λ_cov=0.5 | grad 2.341 | lr 1.56e-05
  batch  5500/24569 | ce 3.8622 | cov 0.5219 | λ_cov=0.5 | grad 2.860 | lr 1.56e-05
  batch  5600/24569 | ce 3.7427 | cov 0.4993 | λ_cov=0.5 | grad 2.440 | lr 1.56e-05
  batch  5700/24569 | ce 3.8732 | cov 0.5455 | λ_cov=0.5 | grad 2.791 | lr 1.56e-05
  batch  5800/24569 | ce 4.1322 | cov 0.5171 | λ_cov=0.5 | grad 2.757 | lr 1.55e-05
  batch  5900/24569 | ce 3.8848 | cov 0.5417 | λ_cov=0.5 | grad 2.654 | lr 1.55e-05
  batch  6000/24569 | ce 3.8532 | cov 0.5106 | λ_cov=0.5 | grad 2.611 | lr 1.55e-05
  batch  6100/24569 | ce 3.5254 | cov 0.4895 | λ_cov=0.5 | grad 2.751 | lr 1.55e-05
  batch  6200/24569 | ce 3.8375 | cov 0.5201 | λ_cov=0.5 | grad 2.286 | lr 1.54e-05
  batch  6300/24569 | ce 3.9860 | cov 0.5241 | λ_cov=0.5 | grad 2.440 | lr 1.54e-05
  batch  6400/24569 | ce 3.6678 | cov 0.5133 | λ_cov=0.5 | grad 2.726 | lr 1.54e-05
  batch  6500/24569 | ce 4.0044 | cov 0.5348 | λ_cov=0.5 | grad 2.392 | lr 1.54e-05
  batch  6600/24569 | ce 3.7656 | cov 0.5174 | λ_cov=0.5 | grad 2.371 | lr 1.54e-05
  batch  6700/24569 | ce 4.0808 | cov 0.5258 | λ_cov=0.5 | grad 2.486 | lr 1.53e-05
  batch  6800/24569 | ce 3.7973 | cov 0.5392 | λ_cov=0.5 | grad 2.979 | lr 1.53e-05
  batch  6900/24569 | ce 3.9007 | cov 0.5023 | λ_cov=0.5 | grad 2.702 | lr 1.53e-05
  batch  7000/24569 | ce 3.9852 | cov 0.5258 | λ_cov=0.5 | grad 2.559 | lr 1.53e-05
  batch  7100/24569 | ce 3.8532 | cov 0.5177 | λ_cov=0.5 | grad 2.544 | lr 1.53e-05
  batch  7200/24569 | ce 4.1382 | cov 0.5184 | λ_cov=0.5 | grad 2.447 | lr 1.52e-05
  batch  7300/24569 | ce 3.8261 | cov 0.5159 | λ_cov=0.5 | grad 2.246 | lr 1.52e-05
  batch  7400/24569 | ce 4.1936 | cov 0.5232 | λ_cov=0.5 | grad 2.547 | lr 1.52e-05
  batch  7500/24569 | ce 4.0923 | cov 0.5543 | λ_cov=0.5 | grad 2.984 | lr 1.52e-05
  batch  7600/24569 | ce 3.5737 | cov 0.5176 | λ_cov=0.5 | grad 2.933 | lr 1.51e-05
  batch  7700/24569 | ce 3.9328 | cov 0.5418 | λ_cov=0.5 | grad 2.382 | lr 1.51e-05
  batch  7800/24569 | ce 3.9363 | cov 0.5217 | λ_cov=0.5 | grad 2.468 | lr 1.51e-05
  batch  7900/24569 | ce 3.8663 | cov 0.5296 | λ_cov=0.5 | grad 2.406 | lr 1.51e-05
  batch  8000/24569 | ce 3.7904 | cov 0.5341 | λ_cov=0.5 | grad 2.629 | lr 1.51e-05
  batch  8100/24569 | ce 3.6084 | cov 0.4915 | λ_cov=0.5 | grad 2.631 | lr 1.50e-05
  batch  8200/24569 | ce 3.9532 | cov 0.5172 | λ_cov=0.5 | grad 2.515 | lr 1.50e-05
  batch  8300/24569 | ce 3.6820 | cov 0.5412 | λ_cov=0.5 | grad 2.441 | lr 1.50e-05
  batch  8400/24569 | ce 3.8156 | cov 0.5324 | λ_cov=0.5 | grad 2.318 | lr 1.50e-05
  batch  8500/24569 | ce 3.4434 | cov 0.5027 | λ_cov=0.5 | grad 2.505 | lr 1.49e-05
  batch  8600/24569 | ce 3.9109 | cov 0.5168 | λ_cov=0.5 | grad 2.949 | lr 1.49e-05
  batch  8700/24569 | ce 4.2388 | cov 0.5292 | λ_cov=0.5 | grad 2.683 | lr 1.49e-05
  batch  8800/24569 | ce 3.9931 | cov 0.5243 | λ_cov=0.5 | grad 2.392 | lr 1.49e-05
  batch  8900/24569 | ce 4.0567 | cov 0.5068 | λ_cov=0.5 | grad 2.798 | lr 1.49e-05
  batch  9000/24569 | ce 3.6985 | cov 0.5089 | λ_cov=0.5 | grad 2.484 | lr 1.48e-05
  batch  9100/24569 | ce 3.7703 | cov 0.5173 | λ_cov=0.5 | grad 2.474 | lr 1.48e-05
  batch  9200/24569 | ce 3.9699 | cov 0.5215 | λ_cov=0.5 | grad 4.817 | lr 1.48e-05
  batch  9300/24569 | ce 3.8029 | cov 0.5178 | λ_cov=0.5 | grad 2.565 | lr 1.48e-05
  batch  9400/24569 | ce 3.6540 | cov 0.5030 | λ_cov=0.5 | grad 2.665 | lr 1.47e-05
  batch  9500/24569 | ce 4.1102 | cov 0.5305 | λ_cov=0.5 | grad 2.461 | lr 1.47e-05
  batch  9600/24569 | ce 3.8490 | cov 0.5158 | λ_cov=0.5 | grad 3.211 | lr 1.47e-05
  batch  9700/24569 | ce 4.0103 | cov 0.5126 | λ_cov=0.5 | grad 3.870 | lr 1.47e-05
  batch  9800/24569 | ce 4.1547 | cov 0.5335 | λ_cov=0.5 | grad 2.971 | lr 1.47e-05
  batch  9900/24569 | ce 3.8214 | cov 0.5331 | λ_cov=0.5 | grad 2.643 | lr 1.46e-05
  batch 10000/24569 | ce 4.0093 | cov 0.5140 | λ_cov=0.5 | grad 2.539 | lr 1.46e-05
  batch 10100/24569 | ce 4.0270 | cov 0.5195 | λ_cov=0.5 | grad 2.621 | lr 1.46e-05
  batch 10200/24569 | ce 3.9497 | cov 0.5228 | λ_cov=0.5 | grad 2.467 | lr 1.46e-05
  batch 10300/24569 | ce 3.9542 | cov 0.5261 | λ_cov=0.5 | grad 2.525 | lr 1.46e-05
  batch 10400/24569 | ce 3.6341 | cov 0.5133 | λ_cov=0.5 | grad 2.821 | lr 1.45e-05
  batch 10500/24569 | ce 4.0774 | cov 0.5180 | λ_cov=0.5 | grad 2.607 | lr 1.45e-05
  batch 10600/24569 | ce 4.0579 | cov 0.5149 | λ_cov=0.5 | grad 3.211 | lr 1.45e-05
  batch 10700/24569 | ce 3.7700 | cov 0.5300 | λ_cov=0.5 | grad 2.531 | lr 1.45e-05
  batch 10800/24569 | ce 3.9037 | cov 0.5193 | λ_cov=0.5 | grad 2.465 | lr 1.44e-05
  batch 10900/24569 | ce 3.7851 | cov 0.5109 | λ_cov=0.5 | grad 2.429 | lr 1.44e-05
  batch 11000/24569 | ce 3.9766 | cov 0.5257 | λ_cov=0.5 | grad 2.579 | lr 1.44e-05
  batch 11100/24569 | ce 3.9770 | cov 0.5165 | λ_cov=0.5 | grad 2.589 | lr 1.44e-05
  batch 11200/24569 | ce 3.9513 | cov 0.5405 | λ_cov=0.5 | grad 2.524 | lr 1.44e-05
  batch 11300/24569 | ce 3.9083 | cov 0.5192 | λ_cov=0.5 | grad 2.559 | lr 1.43e-05
  batch 11400/24569 | ce 3.7075 | cov 0.5268 | λ_cov=0.5 | grad 2.628 | lr 1.43e-05
  batch 11500/24569 | ce 4.1096 | cov 0.5247 | λ_cov=0.5 | grad 2.652 | lr 1.43e-05
  batch 11600/24569 | ce 4.0424 | cov 0.5326 | λ_cov=0.5 | grad 2.550 | lr 1.43e-05
  batch 11700/24569 | ce 3.7063 | cov 0.5300 | λ_cov=0.5 | grad 4.772 | lr 1.43e-05
  batch 11800/24569 | ce 3.9442 | cov 0.5154 | λ_cov=0.5 | grad 2.933 | lr 1.42e-05
  batch 11900/24569 | ce 3.7759 | cov 0.5191 | λ_cov=0.5 | grad 2.330 | lr 1.42e-05
  batch 12000/24569 | ce 3.8045 | cov 0.5156 | λ_cov=0.5 | grad 2.785 | lr 1.42e-05
  batch 12100/24569 | ce 3.8996 | cov 0.5204 | λ_cov=0.5 | grad 3.173 | lr 1.42e-05
  batch 12200/24569 | ce 3.7166 | cov 0.5096 | λ_cov=0.5 | grad 7.765 | lr 1.41e-05
  batch 12300/24569 | ce 3.8406 | cov 0.5089 | λ_cov=0.5 | grad 2.576 | lr 1.41e-05
  batch 12400/24569 | ce 3.7931 | cov 0.5131 | λ_cov=0.5 | grad 2.653 | lr 1.41e-05
  batch 12500/24569 | ce 4.0753 | cov 0.5419 | λ_cov=0.5 | grad 2.715 | lr 1.41e-05
  batch 12600/24569 | ce 3.7606 | cov 0.5248 | λ_cov=0.5 | grad 2.552 | lr 1.41e-05
  batch 12700/24569 | ce 4.1156 | cov 0.5538 | λ_cov=0.5 | grad 2.485 | lr 1.40e-05
  batch 12800/24569 | ce 3.8406 | cov 0.5087 | λ_cov=0.5 | grad 2.463 | lr 1.40e-05
  batch 12900/24569 | ce 4.0086 | cov 0.5139 | λ_cov=0.5 | grad 2.535 | lr 1.40e-05
  batch 13000/24569 | ce 3.7320 | cov 0.5097 | λ_cov=0.5 | grad 3.000 | lr 1.40e-05
  batch 13100/24569 | ce 3.9713 | cov 0.5154 | λ_cov=0.5 | grad 2.599 | lr 1.40e-05
  batch 13200/24569 | ce 3.8334 | cov 0.5120 | λ_cov=0.5 | grad 2.615 | lr 1.39e-05
  batch 13300/24569 | ce 4.0848 | cov 0.5334 | λ_cov=0.5 | grad 2.590 | lr 1.39e-05
  batch 13400/24569 | ce 3.8519 | cov 0.5146 | λ_cov=0.5 | grad 2.731 | lr 1.39e-05
  batch 13500/24569 | ce 3.8944 | cov 0.5085 | λ_cov=0.5 | grad 2.314 | lr 1.39e-05
  batch 13600/24569 | ce 3.9524 | cov 0.5211 | λ_cov=0.5 | grad 2.409 | lr 1.38e-05
  batch 13700/24569 | ce 3.7189 | cov 0.5192 | λ_cov=0.5 | grad 2.711 | lr 1.38e-05
  batch 13800/24569 | ce 3.7705 | cov 0.5127 | λ_cov=0.5 | grad 2.762 | lr 1.38e-05
  batch 13900/24569 | ce 3.9434 | cov 0.5410 | λ_cov=0.5 | grad 2.422 | lr 1.38e-05
  batch 14000/24569 | ce 3.8841 | cov 0.4972 | λ_cov=0.5 | grad 2.423 | lr 1.38e-05
  batch 14100/24569 | ce 3.7369 | cov 0.5040 | λ_cov=0.5 | grad 2.753 | lr 1.37e-05
  batch 14200/24569 | ce 4.1117 | cov 0.5240 | λ_cov=0.5 | grad 2.560 | lr 1.37e-05
  batch 14300/24569 | ce 3.9387 | cov 0.5239 | λ_cov=0.5 | grad 2.546 | lr 1.37e-05
  batch 14400/24569 | ce 3.8892 | cov 0.5025 | λ_cov=0.5 | grad 2.845 | lr 1.37e-05
  batch 14500/24569 | ce 3.7883 | cov 0.5029 | λ_cov=0.5 | grad 2.916 | lr 1.37e-05
  batch 14600/24569 | ce 3.9885 | cov 0.4986 | λ_cov=0.5 | grad 2.890 | lr 1.36e-05
  batch 14700/24569 | ce 4.0786 | cov 0.5331 | λ_cov=0.5 | grad 2.514 | lr 1.36e-05
  batch 14800/24569 | ce 4.0406 | cov 0.5343 | λ_cov=0.5 | grad 2.680 | lr 1.36e-05
  batch 14900/24569 | ce 3.8334 | cov 0.5141 | λ_cov=0.5 | grad 2.659 | lr 1.36e-05
  batch 15000/24569 | ce 4.0995 | cov 0.5330 | λ_cov=0.5 | grad 2.616 | lr 1.36e-05
  batch 15100/24569 | ce 3.9718 | cov 0.5187 | λ_cov=0.5 | grad 2.760 | lr 1.35e-05
  batch 15200/24569 | ce 3.7389 | cov 0.5055 | λ_cov=0.5 | grad 2.424 | lr 1.35e-05
  batch 15300/24569 | ce 3.6180 | cov 0.5033 | λ_cov=0.5 | grad 2.539 | lr 1.35e-05
  batch 15400/24569 | ce 3.9578 | cov 0.5216 | λ_cov=0.5 | grad 2.789 | lr 1.35e-05
  batch 15500/24569 | ce 3.7504 | cov 0.5206 | λ_cov=0.5 | grad 2.988 | lr 1.34e-05
  batch 15600/24569 | ce 4.0115 | cov 0.5385 | λ_cov=0.5 | grad 3.609 | lr 1.34e-05
  batch 15700/24569 | ce 4.1731 | cov 0.5271 | λ_cov=0.5 | grad 2.868 | lr 1.34e-05
  batch 15800/24569 | ce 3.7906 | cov 0.5179 | λ_cov=0.5 | grad 2.745 | lr 1.34e-05
  batch 15900/24569 | ce 3.9575 | cov 0.5181 | λ_cov=0.5 | grad 2.550 | lr 1.34e-05
  batch 16000/24569 | ce 3.7988 | cov 0.5096 | λ_cov=0.5 | grad 3.921 | lr 1.33e-05
  batch 16100/24569 | ce 3.8654 | cov 0.5202 | λ_cov=0.5 | grad 2.799 | lr 1.33e-05
  batch 16200/24569 | ce 3.7862 | cov 0.5154 | λ_cov=0.5 | grad 2.730 | lr 1.33e-05
  batch 16300/24569 | ce 3.8559 | cov 0.5262 | λ_cov=0.5 | grad 4.919 | lr 1.33e-05
  batch 16400/24569 | ce 3.8859 | cov 0.5185 | λ_cov=0.5 | grad 2.570 | lr 1.33e-05
  batch 16500/24569 | ce 3.5853 | cov 0.5050 | λ_cov=0.5 | grad 3.044 | lr 1.32e-05
  batch 16600/24569 | ce 3.6518 | cov 0.5086 | λ_cov=0.5 | grad 2.458 | lr 1.32e-05
  batch 16700/24569 | ce 3.7804 | cov 0.5081 | λ_cov=0.5 | grad 2.798 | lr 1.32e-05
  batch 16800/24569 | ce 3.9487 | cov 0.5133 | λ_cov=0.5 | grad 3.106 | lr 1.32e-05
  batch 16900/24569 | ce 3.7988 | cov 0.5121 | λ_cov=0.5 | grad 2.542 | lr 1.32e-05
  batch 17000/24569 | ce 4.0213 | cov 0.5182 | λ_cov=0.5 | grad 2.534 | lr 1.31e-05
  batch 17100/24569 | ce 3.8709 | cov 0.5051 | λ_cov=0.5 | grad 2.550 | lr 1.31e-05
  batch 17200/24569 | ce 3.7768 | cov 0.5405 | λ_cov=0.5 | grad 2.942 | lr 1.31e-05
  batch 17300/24569 | ce 3.4837 | cov 0.5081 | λ_cov=0.5 | grad 2.871 | lr 1.31e-05
  batch 17400/24569 | ce 3.8949 | cov 0.5414 | λ_cov=0.5 | grad 2.710 | lr 1.31e-05
  batch 17500/24569 | ce 4.0058 | cov 0.4999 | λ_cov=0.5 | grad 3.197 | lr 1.30e-05
  batch 17600/24569 | ce 3.8057 | cov 0.4980 | λ_cov=0.5 | grad 3.355 | lr 1.30e-05
  batch 17700/24569 | ce 3.9527 | cov 0.4904 | λ_cov=0.5 | grad 11.940 | lr 1.30e-05
  batch 17800/24569 | ce 3.7048 | cov 0.5133 | λ_cov=0.5 | grad 2.652 | lr 1.30e-05
  batch 17900/24569 | ce 3.9527 | cov 0.5504 | λ_cov=0.5 | grad 2.934 | lr 1.29e-05
  batch 18000/24569 | ce 3.7475 | cov 0.5192 | λ_cov=0.5 | grad 2.407 | lr 1.29e-05
  batch 18100/24569 | ce 3.6753 | cov 0.5476 | λ_cov=0.5 | grad 2.479 | lr 1.29e-05
  batch 18200/24569 | ce 4.0345 | cov 0.4972 | λ_cov=0.5 | grad 2.614 | lr 1.29e-05
  batch 18300/24569 | ce 3.8767 | cov 0.5188 | λ_cov=0.5 | grad 2.504 | lr 1.29e-05
  batch 18400/24569 | ce 3.7997 | cov 0.5372 | λ_cov=0.5 | grad 2.615 | lr 1.28e-05
  batch 18500/24569 | ce 3.6283 | cov 0.5043 | λ_cov=0.5 | grad 2.616 | lr 1.28e-05
  batch 18600/24569 | ce 3.8163 | cov 0.5137 | λ_cov=0.5 | grad 2.656 | lr 1.28e-05
  batch 18700/24569 | ce 3.9638 | cov 0.5206 | λ_cov=0.5 | grad 2.612 | lr 1.28e-05
  batch 18800/24569 | ce 3.8395 | cov 0.5043 | λ_cov=0.5 | grad 2.810 | lr 1.28e-05
  batch 18900/24569 | ce 3.7873 | cov 0.5336 | λ_cov=0.5 | grad 3.008 | lr 1.27e-05
  batch 19000/24569 | ce 3.7280 | cov 0.5210 | λ_cov=0.5 | grad 2.549 | lr 1.27e-05
  batch 19100/24569 | ce 3.9563 | cov 0.5242 | λ_cov=0.5 | grad 2.604 | lr 1.27e-05
  batch 19200/24569 | ce 3.8495 | cov 0.5268 | λ_cov=0.5 | grad 3.588 | lr 1.27e-05
  batch 19300/24569 | ce 3.9482 | cov 0.5053 | λ_cov=0.5 | grad 2.689 | lr 1.27e-05
  batch 19400/24569 | ce 3.9433 | cov 0.5134 | λ_cov=0.5 | grad 2.890 | lr 1.26e-05
  batch 19500/24569 | ce 3.7300 | cov 0.5134 | λ_cov=0.5 | grad 2.513 | lr 1.26e-05
  batch 19600/24569 | ce 3.9789 | cov 0.5457 | λ_cov=0.5 | grad 2.498 | lr 1.26e-05
  batch 19700/24569 | ce 3.8856 | cov 0.5367 | λ_cov=0.5 | grad 2.743 | lr 1.26e-05
  batch 19800/24569 | ce 4.0381 | cov 0.5310 | λ_cov=0.5 | grad 2.765 | lr 1.26e-05
  batch 19900/24569 | ce 3.7180 | cov 0.5206 | λ_cov=0.5 | grad 2.398 | lr 1.25e-05
  batch 20000/24569 | ce 3.8780 | cov 0.5329 | λ_cov=0.5 | grad 2.592 | lr 1.25e-05
  batch 20100/24569 | ce 3.7942 | cov 0.5270 | λ_cov=0.5 | grad 2.819 | lr 1.25e-05
  batch 20200/24569 | ce 4.0589 | cov 0.5346 | λ_cov=0.5 | grad 3.570 | lr 1.25e-05
  batch 20300/24569 | ce 4.0571 | cov 0.5109 | λ_cov=0.5 | grad 2.634 | lr 1.25e-05
  batch 20400/24569 | ce 3.8516 | cov 0.5181 | λ_cov=0.5 | grad 2.687 | lr 1.24e-05
  batch 20500/24569 | ce 3.7936 | cov 0.5271 | λ_cov=0.5 | grad 2.493 | lr 1.24e-05
  batch 20600/24569 | ce 3.5466 | cov 0.5078 | λ_cov=0.5 | grad 2.588 | lr 1.24e-05
  batch 20700/24569 | ce 3.6217 | cov 0.5126 | λ_cov=0.5 | grad 2.392 | lr 1.24e-05
  batch 20800/24569 | ce 3.7854 | cov 0.4927 | λ_cov=0.5 | grad 6.697 | lr 1.24e-05
  batch 20900/24569 | ce 3.8126 | cov 0.5034 | λ_cov=0.5 | grad 2.448 | lr 1.23e-05
  batch 21000/24569 | ce 3.9204 | cov 0.5045 | λ_cov=0.5 | grad 2.340 | lr 1.23e-05
  batch 21100/24569 | ce 4.0532 | cov 0.5120 | λ_cov=0.5 | grad 2.943 | lr 1.23e-05
  batch 21200/24569 | ce 3.9909 | cov 0.5179 | λ_cov=0.5 | grad 3.033 | lr 1.23e-05
  batch 21300/24569 | ce 4.0259 | cov 0.5190 | λ_cov=0.5 | grad 3.040 | lr 1.23e-05
  batch 21400/24569 | ce 3.7241 | cov 0.5356 | λ_cov=0.5 | grad 2.562 | lr 1.22e-05
  batch 21500/24569 | ce 3.5537 | cov 0.5085 | λ_cov=0.5 | grad 2.811 | lr 1.22e-05
  batch 21600/24569 | ce 3.9358 | cov 0.5264 | λ_cov=0.5 | grad 2.485 | lr 1.22e-05
  batch 21700/24569 | ce 4.1749 | cov 0.5246 | λ_cov=0.5 | grad 2.474 | lr 1.22e-05
  batch 21800/24569 | ce 3.6938 | cov 0.5145 | λ_cov=0.5 | grad 2.443 | lr 1.21e-05
  batch 21900/24569 | ce 4.0723 | cov 0.5345 | λ_cov=0.5 | grad 2.681 | lr 1.21e-05
  batch 22000/24569 | ce 3.8091 | cov 0.5197 | λ_cov=0.5 | grad 3.819 | lr 1.21e-05
  batch 22100/24569 | ce 3.8360 | cov 0.5082 | λ_cov=0.5 | grad 5.420 | lr 1.21e-05
  batch 22200/24569 | ce 3.7068 | cov 0.5086 | λ_cov=0.5 | grad 2.359 | lr 1.21e-05
  batch 22300/24569 | ce 3.8919 | cov 0.5089 | λ_cov=0.5 | grad 2.637 | lr 1.20e-05
  batch 22400/24569 | ce 3.9025 | cov 0.5152 | λ_cov=0.5 | grad 3.132 | lr 1.20e-05
  batch 22500/24569 | ce 3.8561 | cov 0.5259 | λ_cov=0.5 | grad 2.819 | lr 1.20e-05
  batch 22600/24569 | ce 3.5162 | cov 0.5167 | λ_cov=0.5 | grad 2.570 | lr 1.20e-05
  batch 22700/24569 | ce 3.5981 | cov 0.5217 | λ_cov=0.5 | grad 2.388 | lr 1.20e-05
  batch 22800/24569 | ce 3.6642 | cov 0.5284 | λ_cov=0.5 | grad 2.410 | lr 1.19e-05
  batch 22900/24569 | ce 3.8107 | cov 0.5212 | λ_cov=0.5 | grad 2.421 | lr 1.19e-05
  batch 23000/24569 | ce 4.0098 | cov 0.5239 | λ_cov=0.5 | grad 2.626 | lr 1.19e-05
  batch 23100/24569 | ce 3.8365 | cov 0.5120 | λ_cov=0.5 | grad 3.575 | lr 1.19e-05
  batch 23200/24569 | ce 3.9888 | cov 0.5285 | λ_cov=0.5 | grad 2.319 | lr 1.19e-05
  batch 23300/24569 | ce 4.0753 | cov 0.5352 | λ_cov=0.5 | grad 2.849 | lr 1.18e-05
  batch 23400/24569 | ce 3.9464 | cov 0.5116 | λ_cov=0.5 | grad 5.057 | lr 1.18e-05
  batch 23500/24569 | ce 3.5768 | cov 0.4914 | λ_cov=0.5 | grad 2.394 | lr 1.18e-05
  batch 23600/24569 | ce 4.2091 | cov 0.5446 | λ_cov=0.5 | grad 2.997 | lr 1.18e-05
  batch 23700/24569 | ce 4.0023 | cov 0.5105 | λ_cov=0.5 | grad 2.763 | lr 1.18e-05
  batch 23800/24569 | ce 4.2578 | cov 0.5244 | λ_cov=0.5 | grad 2.733 | lr 1.17e-05
  batch 23900/24569 | ce 3.8315 | cov 0.5125 | λ_cov=0.5 | grad 2.484 | lr 1.17e-05
  batch 24000/24569 | ce 3.8780 | cov 0.5169 | λ_cov=0.5 | grad 2.506 | lr 1.17e-05
  batch 24100/24569 | ce 4.2142 | cov 0.5378 | λ_cov=0.5 | grad 2.775 | lr 1.17e-05
  batch 24200/24569 | ce 4.0006 | cov 0.5158 | λ_cov=0.5 | grad 2.660 | lr 1.17e-05
  batch 24300/24569 | ce 3.8114 | cov 0.4980 | λ_cov=0.5 | grad 2.674 | lr 1.16e-05
  batch 24400/24569 | ce 3.6119 | cov 0.5242 | λ_cov=0.5 | grad 2.455 | lr 1.16e-05
  batch 24500/24569 | ce 3.9641 | cov 0.5480 | λ_cov=0.5 | grad 2.636 | lr 1.16e-05

Epoch 11/15 | time: 62.0min | unfreeze stage 3 | trainable 32,413,184
  train ce loss: 3.8647
  coverage loss: 0.5198  (λ=0.5)
    legal_chunk  : 4.1253
    second_pass  : 2.2357
    arxiv_anchor : 5.3861
    cnn_anchor   : 5.8533
  val loss     : 3.7117
  perplexity   : 40.92
  lr           : 1.16e-05
  sample       : On March 6, 2012, the plaintiffs filed a class action lawsuit in the U.S. District Court for the Middle District of Alabama against the City of Alabama under 42 U.S.C. § 1983 against the City of Alaba
  reference    : On March 8th, 2014, several citizens of Montgomery, Alabama, who had been imprisoned for failing to pay traffic fines, filed a lawsuit in the U.S. District Court for the Middle District of Alabama, un
  >> no improvement (1/5) best=3.7091
  batch   100/24569 | ce 3.8590 | cov 0.5360 | λ_cov=0.5 | grad 2.638 | lr 1.16e-05
  batch   200/24569 | ce 3.6884 | cov 0.5066 | λ_cov=0.5 | grad 2.911 | lr 1.16e-05
  batch   300/24569 | ce 4.1020 | cov 0.5240 | λ_cov=0.5 | grad 3.018 | lr 1.15e-05
  batch   400/24569 | ce 3.7552 | cov 0.5244 | λ_cov=0.5 | grad 2.639 | lr 1.15e-05
  batch   500/24569 | ce 4.0675 | cov 0.5427 | λ_cov=0.5 | grad 2.593 | lr 1.15e-05
  batch   600/24569 | ce 3.8818 | cov 0.5043 | λ_cov=0.5 | grad 2.502 | lr 1.15e-05
  batch   700/24569 | ce 3.7520 | cov 0.5213 | λ_cov=0.5 | grad 2.648 | lr 1.15e-05
  batch   800/24569 | ce 3.9995 | cov 0.5130 | λ_cov=0.5 | grad 2.698 | lr 1.14e-05
  batch   900/24569 | ce 3.8651 | cov 0.5196 | λ_cov=0.5 | grad 2.913 | lr 1.14e-05
  batch  1000/24569 | ce 3.9816 | cov 0.5329 | λ_cov=0.5 | grad 2.522 | lr 1.14e-05
  batch  1100/24569 | ce 3.8156 | cov 0.5000 | λ_cov=0.5 | grad 2.810 | lr 1.14e-05
  batch  1200/24569 | ce 3.6658 | cov 0.5427 | λ_cov=0.5 | grad 3.136 | lr 1.14e-05
  batch  1300/24569 | ce 3.9587 | cov 0.5303 | λ_cov=0.5 | grad 3.536 | lr 1.13e-05
  batch  1400/24569 | ce 3.7882 | cov 0.4956 | λ_cov=0.5 | grad 2.757 | lr 1.13e-05
  batch  1500/24569 | ce 4.0076 | cov 0.5153 | λ_cov=0.5 | grad 4.320 | lr 1.13e-05
  batch  1600/24569 | ce 3.9922 | cov 0.5410 | λ_cov=0.5 | grad 7.158 | lr 1.13e-05
  batch  1700/24569 | ce 3.8407 | cov 0.5214 | λ_cov=0.5 | grad 2.631 | lr 1.13e-05
  batch  1800/24569 | ce 3.6542 | cov 0.5281 | λ_cov=0.5 | grad 2.271 | lr 1.12e-05
  batch  1900/24569 | ce 3.9314 | cov 0.5106 | λ_cov=0.5 | grad 2.584 | lr 1.12e-05
  batch  2000/24569 | ce 3.7985 | cov 0.5385 | λ_cov=0.5 | grad 2.373 | lr 1.12e-05
  batch  2100/24569 | ce 3.7854 | cov 0.5186 | λ_cov=0.5 | grad 2.761 | lr 1.12e-05
  batch  2200/24569 | ce 4.0768 | cov 0.5244 | λ_cov=0.5 | grad 2.796 | lr 1.12e-05
  batch  2300/24569 | ce 4.0287 | cov 0.5173 | λ_cov=0.5 | grad 2.587 | lr 1.11e-05
  batch  2400/24569 | ce 3.9524 | cov 0.5041 | λ_cov=0.5 | grad 2.543 | lr 1.11e-05
  batch  2500/24569 | ce 3.8972 | cov 0.5104 | λ_cov=0.5 | grad 2.736 | lr 1.11e-05
  batch  2600/24569 | ce 3.6481 | cov 0.5064 | λ_cov=0.5 | grad 2.498 | lr 1.11e-05
  batch  2700/24569 | ce 3.8816 | cov 0.5391 | λ_cov=0.5 | grad 2.411 | lr 1.11e-05
  batch  2800/24569 | ce 3.7366 | cov 0.5132 | λ_cov=0.5 | grad 2.320 | lr 1.10e-05
  batch  2900/24569 | ce 4.0368 | cov 0.5189 | λ_cov=0.5 | grad 3.255 | lr 1.10e-05
  batch  3000/24569 | ce 3.7592 | cov 0.5131 | λ_cov=0.5 | grad 2.511 | lr 1.10e-05
  batch  3100/24569 | ce 4.0665 | cov 0.5111 | λ_cov=0.5 | grad 3.029 | lr 1.10e-05
  batch  3200/24569 | ce 3.8249 | cov 0.5157 | λ_cov=0.5 | grad 2.398 | lr 1.10e-05
  batch  3300/24569 | ce 4.0373 | cov 0.5110 | λ_cov=0.5 | grad 2.701 | lr 1.09e-05
  batch  3400/24569 | ce 4.0682 | cov 0.5329 | λ_cov=0.5 | grad 2.450 | lr 1.09e-05
  batch  3500/24569 | ce 3.4203 | cov 0.5055 | λ_cov=0.5 | grad 2.363 | lr 1.09e-05
  batch  3600/24569 | ce 3.9568 | cov 0.5386 | λ_cov=0.5 | grad 2.595 | lr 1.09e-05
  batch  3700/24569 | ce 4.0027 | cov 0.5256 | λ_cov=0.5 | grad 3.383 | lr 1.09e-05
  batch  3800/24569 | ce 3.8947 | cov 0.5219 | λ_cov=0.5 | grad 2.760 | lr 1.09e-05
  batch  3900/24569 | ce 3.6632 | cov 0.5014 | λ_cov=0.5 | grad 2.334 | lr 1.08e-05
  batch  4000/24569 | ce 3.9002 | cov 0.5278 | λ_cov=0.5 | grad 2.661 | lr 1.08e-05
  batch  4100/24569 | ce 3.9714 | cov 0.5389 | λ_cov=0.5 | grad 2.934 | lr 1.08e-05
  batch  4200/24569 | ce 3.8630 | cov 0.5313 | λ_cov=0.5 | grad 2.355 | lr 1.08e-05
  batch  4300/24569 | ce 3.9138 | cov 0.5151 | λ_cov=0.5 | grad 2.501 | lr 1.08e-05
  batch  4400/24569 | ce 4.0547 | cov 0.5229 | λ_cov=0.5 | grad 2.818 | lr 1.07e-05
  batch  4500/24569 | ce 3.9592 | cov 0.5211 | λ_cov=0.5 | grad 2.557 | lr 1.07e-05
  batch  4600/24569 | ce 3.8471 | cov 0.5270 | λ_cov=0.5 | grad 3.016 | lr 1.07e-05
  batch  4700/24569 | ce 4.2105 | cov 0.5193 | λ_cov=0.5 | grad 3.668 | lr 1.07e-05
  batch  4800/24569 | ce 3.7058 | cov 0.5129 | λ_cov=0.5 | grad 2.198 | lr 1.07e-05
  batch  4900/24569 | ce 4.0439 | cov 0.5242 | λ_cov=0.5 | grad 3.043 | lr 1.06e-05
  batch  5000/24569 | ce 3.7833 | cov 0.5059 | λ_cov=0.5 | grad 2.832 | lr 1.06e-05
  batch  5100/24569 | ce 4.2100 | cov 0.5174 | λ_cov=0.5 | grad 2.860 | lr 1.06e-05
  batch  5200/24569 | ce 3.7089 | cov 0.5205 | λ_cov=0.5 | grad 2.438 | lr 1.06e-05
  batch  5300/24569 | ce 3.6622 | cov 0.5367 | λ_cov=0.5 | grad 3.589 | lr 1.06e-05
  batch  5400/24569 | ce 3.8596 | cov 0.5327 | λ_cov=0.5 | grad 2.509 | lr 1.05e-05
  batch  5500/24569 | ce 3.9124 | cov 0.5182 | λ_cov=0.5 | grad 2.929 | lr 1.05e-05
  batch  5600/24569 | ce 3.9207 | cov 0.5231 | λ_cov=0.5 | grad 2.392 | lr 1.05e-05
  batch  5700/24569 | ce 3.7710 | cov 0.5251 | λ_cov=0.5 | grad 2.646 | lr 1.05e-05
  batch  5800/24569 | ce 4.0275 | cov 0.5441 | λ_cov=0.5 | grad 3.098 | lr 1.05e-05
  batch  5900/24569 | ce 3.7683 | cov 0.5089 | λ_cov=0.5 | grad 2.493 | lr 1.04e-05
  batch  6000/24569 | ce 3.6863 | cov 0.5083 | λ_cov=0.5 | grad 2.939 | lr 1.04e-05
  batch  6100/24569 | ce 3.8562 | cov 0.5098 | λ_cov=0.5 | grad 2.456 | lr 1.04e-05
  batch  6200/24569 | ce 3.6544 | cov 0.5376 | λ_cov=0.5 | grad 2.538 | lr 1.04e-05
  batch  6300/24569 | ce 3.4088 | cov 0.4973 | λ_cov=0.5 | grad 2.370 | lr 1.04e-05
  batch  6400/24569 | ce 3.9089 | cov 0.5317 | λ_cov=0.5 | grad 2.393 | lr 1.04e-05
  batch  6500/24569 | ce 3.6949 | cov 0.5386 | λ_cov=0.5 | grad 3.201 | lr 1.03e-05
  batch  6600/24569 | ce 3.8430 | cov 0.4993 | λ_cov=0.5 | grad 2.645 | lr 1.03e-05
  batch  6700/24569 | ce 4.0117 | cov 0.5225 | λ_cov=0.5 | grad 2.875 | lr 1.03e-05
  batch  6800/24569 | ce 4.0089 | cov 0.5215 | λ_cov=0.5 | grad 2.595 | lr 1.03e-05
  batch  6900/24569 | ce 3.5683 | cov 0.5229 | λ_cov=0.5 | grad 2.700 | lr 1.03e-05
  batch  7000/24569 | ce 3.8319 | cov 0.5062 | λ_cov=0.5 | grad 2.540 | lr 1.02e-05
  batch  7100/24569 | ce 3.9162 | cov 0.5293 | λ_cov=0.5 | grad 2.787 | lr 1.02e-05
  batch  7200/24569 | ce 4.0353 | cov 0.5219 | λ_cov=0.5 | grad 2.651 | lr 1.02e-05
  batch  7300/24569 | ce 3.8782 | cov 0.5129 | λ_cov=0.5 | grad 2.629 | lr 1.02e-05
  batch  7400/24569 | ce 3.7513 | cov 0.5348 | λ_cov=0.5 | grad 2.555 | lr 1.02e-05
  batch  7500/24569 | ce 3.6426 | cov 0.5236 | λ_cov=0.5 | grad 2.378 | lr 1.01e-05
  batch  7600/24569 | ce 3.7133 | cov 0.5235 | λ_cov=0.5 | grad 4.065 | lr 1.01e-05
  batch  7700/24569 | ce 4.1230 | cov 0.5159 | λ_cov=0.5 | grad 2.753 | lr 1.01e-05
  batch  7800/24569 | ce 3.8130 | cov 0.5243 | λ_cov=0.5 | grad 3.306 | lr 1.01e-05
  batch  7900/24569 | ce 4.1795 | cov 0.5358 | λ_cov=0.5 | grad 3.370 | lr 1.01e-05
  batch  8000/24569 | ce 3.9093 | cov 0.5294 | λ_cov=0.5 | grad 2.576 | lr 1.01e-05
  batch  8100/24569 | ce 3.7967 | cov 0.5118 | λ_cov=0.5 | grad 2.597 | lr 1.00e-05
  batch  8200/24569 | ce 3.6493 | cov 0.5237 | λ_cov=0.5 | grad 3.310 | lr 1.00e-05
  batch  8300/24569 | ce 3.7604 | cov 0.5128 | λ_cov=0.5 | grad 2.547 | lr 1.00e-05
  batch  8400/24569 | ce 3.9079 | cov 0.5046 | λ_cov=0.5 | grad 3.079 | lr 9.98e-06
  batch  8500/24569 | ce 4.0390 | cov 0.5133 | λ_cov=0.5 | grad 2.556 | lr 9.96e-06
  batch  8600/24569 | ce 3.8065 | cov 0.5070 | λ_cov=0.5 | grad 2.618 | lr 9.94e-06
  batch  8700/24569 | ce 3.7692 | cov 0.5337 | λ_cov=0.5 | grad 2.595 | lr 9.92e-06
  batch  8800/24569 | ce 3.8816 | cov 0.5095 | λ_cov=0.5 | grad 2.487 | lr 9.90e-06
  batch  8900/24569 | ce 3.5756 | cov 0.5099 | λ_cov=0.5 | grad 2.921 | lr 9.88e-06
  batch  9000/24569 | ce 3.8790 | cov 0.5298 | λ_cov=0.5 | grad 2.862 | lr 9.86e-06
  batch  9100/24569 | ce 4.1289 | cov 0.5117 | λ_cov=0.5 | grad 2.683 | lr 9.85e-06
  batch  9200/24569 | ce 3.7190 | cov 0.5181 | λ_cov=0.5 | grad 2.765 | lr 9.83e-06
  batch  9300/24569 | ce 3.6797 | cov 0.5399 | λ_cov=0.5 | grad 2.664 | lr 9.81e-06
  batch  9400/24569 | ce 3.8840 | cov 0.5236 | λ_cov=0.5 | grad 2.676 | lr 9.79e-06
  batch  9500/24569 | ce 4.1114 | cov 0.5163 | λ_cov=0.5 | grad 2.515 | lr 9.77e-06
  batch  9600/24569 | ce 3.9911 | cov 0.5339 | λ_cov=0.5 | grad 2.575 | lr 9.75e-06
  batch  9700/24569 | ce 4.2564 | cov 0.5345 | λ_cov=0.5 | grad 2.468 | lr 9.74e-06
  batch  9800/24569 | ce 4.0043 | cov 0.5113 | λ_cov=0.5 | grad 2.550 | lr 9.72e-06
  batch  9900/24569 | ce 3.7195 | cov 0.4983 | λ_cov=0.5 | grad 2.588 | lr 9.70e-06
  batch 10000/24569 | ce 3.8355 | cov 0.5202 | λ_cov=0.5 | grad 2.830 | lr 9.68e-06
  batch 10100/24569 | ce 3.5689 | cov 0.5013 | λ_cov=0.5 | grad 2.281 | lr 9.66e-06
  batch 10200/24569 | ce 3.8200 | cov 0.5149 | λ_cov=0.5 | grad 2.441 | lr 9.64e-06
  batch 10300/24569 | ce 3.6797 | cov 0.5271 | λ_cov=0.5 | grad 3.032 | lr 9.62e-06
  batch 10400/24569 | ce 3.6670 | cov 0.5578 | λ_cov=0.5 | grad 2.981 | lr 9.61e-06
  batch 10500/24569 | ce 4.0206 | cov 0.5201 | λ_cov=0.5 | grad 2.567 | lr 9.59e-06
  batch 10600/24569 | ce 3.8953 | cov 0.5361 | λ_cov=0.5 | grad 2.563 | lr 9.57e-06
  batch 10700/24569 | ce 4.0116 | cov 0.5292 | λ_cov=0.5 | grad 2.597 | lr 9.55e-06
  batch 10800/24569 | ce 3.9766 | cov 0.5223 | λ_cov=0.5 | grad 2.529 | lr 9.53e-06
  batch 10900/24569 | ce 3.9370 | cov 0.5070 | λ_cov=0.5 | grad 2.820 | lr 9.51e-06
  batch 11000/24569 | ce 3.7261 | cov 0.5087 | λ_cov=0.5 | grad 2.413 | lr 9.50e-06
  batch 11100/24569 | ce 3.8652 | cov 0.5149 | λ_cov=0.5 | grad 2.687 | lr 9.48e-06
  batch 11200/24569 | ce 3.9056 | cov 0.5121 | λ_cov=0.5 | grad 3.475 | lr 9.46e-06
  batch 11300/24569 | ce 3.7647 | cov 0.5531 | λ_cov=0.5 | grad 2.425 | lr 9.44e-06
  batch 11400/24569 | ce 3.9611 | cov 0.5171 | λ_cov=0.5 | grad 2.707 | lr 9.42e-06
  batch 11500/24569 | ce 3.9155 | cov 0.5057 | λ_cov=0.5 | grad 2.915 | lr 9.41e-06
  batch 11600/24569 | ce 3.8728 | cov 0.5029 | λ_cov=0.5 | grad 2.588 | lr 9.39e-06
  batch 11700/24569 | ce 3.9639 | cov 0.5436 | λ_cov=0.5 | grad 2.557 | lr 9.37e-06
  batch 11800/24569 | ce 3.7150 | cov 0.5252 | λ_cov=0.5 | grad 2.480 | lr 9.35e-06
  batch 11900/24569 | ce 3.9135 | cov 0.5215 | λ_cov=0.5 | grad 2.557 | lr 9.33e-06
  batch 12000/24569 | ce 3.9329 | cov 0.5175 | λ_cov=0.5 | grad 2.788 | lr 9.31e-06
  batch 12100/24569 | ce 3.8967 | cov 0.5200 | λ_cov=0.5 | grad 4.530 | lr 9.30e-06
  batch 12200/24569 | ce 3.9116 | cov 0.5034 | λ_cov=0.5 | grad 3.052 | lr 9.28e-06
  batch 12300/24569 | ce 3.7675 | cov 0.5011 | λ_cov=0.5 | grad 2.536 | lr 9.26e-06
  batch 12400/24569 | ce 4.0338 | cov 0.5143 | λ_cov=0.5 | grad 3.738 | lr 9.24e-06
  batch 12500/24569 | ce 3.8263 | cov 0.5176 | λ_cov=0.5 | grad 2.263 | lr 9.22e-06
  batch 12600/24569 | ce 3.5952 | cov 0.5183 | λ_cov=0.5 | grad 2.568 | lr 9.21e-06
  batch 12700/24569 | ce 3.6907 | cov 0.5314 | λ_cov=0.5 | grad 2.377 | lr 9.19e-06
  batch 12800/24569 | ce 3.6178 | cov 0.5355 | λ_cov=0.5 | grad 2.477 | lr 9.17e-06
  batch 12900/24569 | ce 3.9367 | cov 0.5166 | λ_cov=0.5 | grad 2.709 | lr 9.15e-06
  batch 13000/24569 | ce 3.8751 | cov 0.5350 | λ_cov=0.5 | grad 2.629 | lr 9.13e-06
  batch 13100/24569 | ce 3.8145 | cov 0.5312 | λ_cov=0.5 | grad 2.820 | lr 9.12e-06
  batch 13200/24569 | ce 3.7181 | cov 0.5148 | λ_cov=0.5 | grad 2.702 | lr 9.10e-06
  batch 13300/24569 | ce 3.7957 | cov 0.5126 | λ_cov=0.5 | grad 3.211 | lr 9.08e-06
  batch 13400/24569 | ce 4.0612 | cov 0.5319 | λ_cov=0.5 | grad 2.699 | lr 9.06e-06
  batch 13500/24569 | ce 3.9762 | cov 0.5120 | λ_cov=0.5 | grad 2.780 | lr 9.04e-06
  batch 13600/24569 | ce 3.7929 | cov 0.5179 | λ_cov=0.5 | grad 2.292 | lr 9.03e-06
  batch 13700/24569 | ce 3.8765 | cov 0.5190 | λ_cov=0.5 | grad 2.636 | lr 9.01e-06
  batch 13800/24569 | ce 3.6712 | cov 0.5401 | λ_cov=0.5 | grad 3.175 | lr 8.99e-06
  batch 13900/24569 | ce 3.9711 | cov 0.5372 | λ_cov=0.5 | grad 2.347 | lr 8.97e-06
  batch 14000/24569 | ce 3.7104 | cov 0.5030 | λ_cov=0.5 | grad 2.534 | lr 8.96e-06
  batch 14100/24569 | ce 3.6527 | cov 0.4958 | λ_cov=0.5 | grad 2.562 | lr 8.94e-06
  batch 14200/24569 | ce 3.8074 | cov 0.5085 | λ_cov=0.5 | grad 2.502 | lr 8.92e-06
  batch 14300/24569 | ce 4.0960 | cov 0.5372 | λ_cov=0.5 | grad 2.991 | lr 8.90e-06
  batch 14400/24569 | ce 3.6273 | cov 0.5236 | λ_cov=0.5 | grad 2.333 | lr 8.88e-06
  batch 14500/24569 | ce 3.9389 | cov 0.5308 | λ_cov=0.5 | grad 2.648 | lr 8.87e-06
  batch 14600/24569 | ce 3.8434 | cov 0.5170 | λ_cov=0.5 | grad 3.057 | lr 8.85e-06
  batch 14700/24569 | ce 3.7308 | cov 0.5169 | λ_cov=0.5 | grad 2.354 | lr 8.83e-06
  batch 14800/24569 | ce 4.1439 | cov 0.5225 | λ_cov=0.5 | grad 2.980 | lr 8.81e-06
  batch 14900/24569 | ce 4.0170 | cov 0.5147 | λ_cov=0.5 | grad 2.604 | lr 8.80e-06
  batch 15000/24569 | ce 3.9089 | cov 0.5291 | λ_cov=0.5 | grad 2.618 | lr 8.78e-06
  batch 15100/24569 | ce 3.6927 | cov 0.5255 | λ_cov=0.5 | grad 3.838 | lr 8.76e-06
  batch 15200/24569 | ce 4.0454 | cov 0.5106 | λ_cov=0.5 | grad 2.599 | lr 8.74e-06
  batch 15300/24569 | ce 4.0350 | cov 0.5285 | λ_cov=0.5 | grad 2.799 | lr 8.73e-06
  batch 15400/24569 | ce 3.9069 | cov 0.5080 | λ_cov=0.5 | grad 2.706 | lr 8.71e-06
  batch 15500/24569 | ce 3.9044 | cov 0.5295 | λ_cov=0.5 | grad 2.963 | lr 8.69e-06
  batch 15600/24569 | ce 3.9652 | cov 0.5145 | λ_cov=0.5 | grad 2.543 | lr 8.67e-06
  batch 15700/24569 | ce 3.8915 | cov 0.5033 | λ_cov=0.5 | grad 2.583 | lr 8.66e-06
  batch 15800/24569 | ce 3.8565 | cov 0.5293 | λ_cov=0.5 | grad 2.946 | lr 8.64e-06
  batch 15900/24569 | ce 3.6723 | cov 0.5140 | λ_cov=0.5 | grad 3.446 | lr 8.62e-06
  batch 16000/24569 | ce 3.8368 | cov 0.5149 | λ_cov=0.5 | grad 2.888 | lr 8.60e-06
  batch 16100/24569 | ce 3.7333 | cov 0.5038 | λ_cov=0.5 | grad 2.448 | lr 8.59e-06
  batch 16200/24569 | ce 3.6868 | cov 0.5457 | λ_cov=0.5 | grad 2.819 | lr 8.57e-06
  batch 16300/24569 | ce 3.7642 | cov 0.5413 | λ_cov=0.5 | grad 2.544 | lr 8.55e-06
  batch 16400/24569 | ce 3.8839 | cov 0.5048 | λ_cov=0.5 | grad 2.884 | lr 8.53e-06
  batch 16500/24569 | ce 3.9334 | cov 0.5149 | λ_cov=0.5 | grad 2.594 | lr 8.52e-06
  batch 16600/24569 | ce 3.9446 | cov 0.4907 | λ_cov=0.5 | grad 2.846 | lr 8.50e-06
  batch 16700/24569 | ce 3.4891 | cov 0.5182 | λ_cov=0.5 | grad 2.599 | lr 8.48e-06
  batch 16800/24569 | ce 4.0337 | cov 0.5130 | λ_cov=0.5 | grad 3.114 | lr 8.46e-06
  batch 16900/24569 | ce 3.4923 | cov 0.4998 | λ_cov=0.5 | grad 2.524 | lr 8.45e-06
  batch 17000/24569 | ce 3.6722 | cov 0.5078 | λ_cov=0.5 | grad 3.513 | lr 8.43e-06
  batch 17100/24569 | ce 3.8594 | cov 0.5294 | λ_cov=0.5 | grad 2.646 | lr 8.41e-06
  batch 17200/24569 | ce 3.8199 | cov 0.5248 | λ_cov=0.5 | grad 2.630 | lr 8.39e-06
  batch 17300/24569 | ce 3.9100 | cov 0.5022 | λ_cov=0.5 | grad 2.494 | lr 8.38e-06
  batch 17400/24569 | ce 3.9279 | cov 0.5122 | λ_cov=0.5 | grad 2.867 | lr 8.36e-06
  batch 17500/24569 | ce 3.9305 | cov 0.5108 | λ_cov=0.5 | grad 2.394 | lr 8.34e-06
  batch 17600/24569 | ce 3.8154 | cov 0.5256 | λ_cov=0.5 | grad 2.812 | lr 8.33e-06
  batch 17700/24569 | ce 3.8200 | cov 0.4852 | λ_cov=0.5 | grad 2.985 | lr 8.31e-06
  batch 17800/24569 | ce 3.7499 | cov 0.5066 | λ_cov=0.5 | grad 2.608 | lr 8.29e-06
  batch 17900/24569 | ce 3.7397 | cov 0.5158 | λ_cov=0.5 | grad 4.729 | lr 8.27e-06
  batch 18000/24569 | ce 3.8092 | cov 0.5306 | λ_cov=0.5 | grad 2.371 | lr 8.26e-06
  batch 18100/24569 | ce 4.0540 | cov 0.5165 | λ_cov=0.5 | grad 2.497 | lr 8.24e-06
  batch 18200/24569 | ce 3.8706 | cov 0.5265 | λ_cov=0.5 | grad 2.584 | lr 8.22e-06
  batch 18300/24569 | ce 4.0410 | cov 0.5276 | λ_cov=0.5 | grad 3.610 | lr 8.21e-06
  batch 18400/24569 | ce 3.6683 | cov 0.5235 | λ_cov=0.5 | grad 2.679 | lr 8.19e-06
  batch 18500/24569 | ce 3.8395 | cov 0.5098 | λ_cov=0.5 | grad 3.027 | lr 8.17e-06
  batch 18600/24569 | ce 3.8470 | cov 0.5194 | λ_cov=0.5 | grad 2.402 | lr 8.15e-06
  batch 18700/24569 | ce 3.9114 | cov 0.5448 | λ_cov=0.5 | grad 2.363 | lr 8.14e-06
  batch 18800/24569 | ce 4.1563 | cov 0.5097 | λ_cov=0.5 | grad 2.649 | lr 8.12e-06
  batch 18900/24569 | ce 3.8891 | cov 0.5080 | λ_cov=0.5 | grad 2.964 | lr 8.10e-06
  batch 19000/24569 | ce 4.0156 | cov 0.5092 | λ_cov=0.5 | grad 3.584 | lr 8.09e-06
  batch 19100/24569 | ce 4.0168 | cov 0.5192 | λ_cov=0.5 | grad 2.750 | lr 8.07e-06
  batch 19200/24569 | ce 3.8577 | cov 0.5099 | λ_cov=0.5 | grad 2.461 | lr 8.05e-06
  batch 19300/24569 | ce 3.9394 | cov 0.5219 | λ_cov=0.5 | grad 3.862 | lr 8.04e-06
  batch 19400/24569 | ce 3.6849 | cov 0.5155 | λ_cov=0.5 | grad 2.332 | lr 8.02e-06
  batch 19500/24569 | ce 3.6804 | cov 0.5337 | λ_cov=0.5 | grad 2.739 | lr 8.00e-06
  batch 19600/24569 | ce 3.4322 | cov 0.5160 | λ_cov=0.5 | grad 2.285 | lr 7.99e-06
  batch 19700/24569 | ce 3.8768 | cov 0.5231 | λ_cov=0.5 | grad 2.502 | lr 7.97e-06
  batch 19800/24569 | ce 3.8236 | cov 0.5231 | λ_cov=0.5 | grad 4.961 | lr 7.95e-06
  batch 19900/24569 | ce 3.7319 | cov 0.5123 | λ_cov=0.5 | grad 2.418 | lr 7.93e-06
  batch 20000/24569 | ce 3.7132 | cov 0.5456 | λ_cov=0.5 | grad 2.644 | lr 7.92e-06
  batch 20100/24569 | ce 3.9144 | cov 0.5185 | λ_cov=0.5 | grad 2.761 | lr 7.90e-06
  batch 20200/24569 | ce 3.7431 | cov 0.5107 | λ_cov=0.5 | grad 2.679 | lr 7.88e-06
  batch 20300/24569 | ce 3.6441 | cov 0.5249 | λ_cov=0.5 | grad 2.706 | lr 7.87e-06
  batch 20400/24569 | ce 4.0554 | cov 0.5256 | λ_cov=0.5 | grad 2.466 | lr 7.85e-06
  batch 20500/24569 | ce 3.6091 | cov 0.5111 | λ_cov=0.5 | grad 3.531 | lr 7.83e-06
  batch 20600/24569 | ce 4.2206 | cov 0.5346 | λ_cov=0.5 | grad 2.905 | lr 7.82e-06
  batch 20700/24569 | ce 4.0390 | cov 0.5049 | λ_cov=0.5 | grad 2.818 | lr 7.80e-06
  batch 20800/24569 | ce 3.8835 | cov 0.5113 | λ_cov=0.5 | grad 2.717 | lr 7.78e-06
  batch 20900/24569 | ce 3.8539 | cov 0.5336 | λ_cov=0.5 | grad 2.772 | lr 7.77e-06
  batch 21000/24569 | ce 3.8985 | cov 0.5350 | λ_cov=0.5 | grad 2.853 | lr 7.75e-06
  batch 21100/24569 | ce 3.7448 | cov 0.5133 | λ_cov=0.5 | grad 2.589 | lr 7.73e-06
  batch 21200/24569 | ce 4.0098 | cov 0.5188 | λ_cov=0.5 | grad 5.084 | lr 7.72e-06
  batch 21300/24569 | ce 3.8319 | cov 0.4937 | λ_cov=0.5 | grad 2.961 | lr 7.70e-06
  batch 21400/24569 | ce 3.8371 | cov 0.5087 | λ_cov=0.5 | grad 2.602 | lr 7.68e-06
  batch 21500/24569 | ce 3.9298 | cov 0.5248 | λ_cov=0.5 | grad 5.356 | lr 7.67e-06
  batch 21600/24569 | ce 4.0046 | cov 0.5045 | λ_cov=0.5 | grad 2.914 | lr 7.65e-06
  batch 21700/24569 | ce 3.9791 | cov 0.5118 | λ_cov=0.5 | grad 2.879 | lr 7.64e-06
  batch 21800/24569 | ce 3.7792 | cov 0.5325 | λ_cov=0.5 | grad 2.310 | lr 7.62e-06
  batch 21900/24569 | ce 4.3611 | cov 0.5431 | λ_cov=0.5 | grad 2.824 | lr 7.60e-06
  batch 22000/24569 | ce 3.6803 | cov 0.5235 | λ_cov=0.5 | grad 2.602 | lr 7.59e-06
  batch 22100/24569 | ce 3.7997 | cov 0.5275 | λ_cov=0.5 | grad 2.640 | lr 7.57e-06
  batch 22200/24569 | ce 4.0639 | cov 0.5555 | λ_cov=0.5 | grad 2.500 | lr 7.55e-06
  batch 22300/24569 | ce 3.9091 | cov 0.5234 | λ_cov=0.5 | grad 2.680 | lr 7.54e-06
  batch 22400/24569 | ce 3.5874 | cov 0.5244 | λ_cov=0.5 | grad 2.795 | lr 7.52e-06
  batch 22500/24569 | ce 3.8956 | cov 0.5252 | λ_cov=0.5 | grad 2.464 | lr 7.50e-06
  batch 22600/24569 | ce 3.6092 | cov 0.5270 | λ_cov=0.5 | grad 2.539 | lr 7.49e-06
  batch 22700/24569 | ce 3.8638 | cov 0.5168 | λ_cov=0.5 | grad 2.647 | lr 7.47e-06
  batch 22800/24569 | ce 3.7621 | cov 0.5124 | λ_cov=0.5 | grad 2.584 | lr 7.45e-06
  batch 22900/24569 | ce 3.7498 | cov 0.5034 | λ_cov=0.5 | grad 2.357 | lr 7.44e-06
  batch 23000/24569 | ce 4.0269 | cov 0.5413 | λ_cov=0.5 | grad 2.594 | lr 7.42e-06
  batch 23100/24569 | ce 3.8736 | cov 0.5302 | λ_cov=0.5 | grad 2.683 | lr 7.41e-06
  batch 23200/24569 | ce 3.7998 | cov 0.5115 | λ_cov=0.5 | grad 2.791 | lr 7.39e-06
  batch 23300/24569 | ce 3.9763 | cov 0.5230 | λ_cov=0.5 | grad 2.798 | lr 7.37e-06
  batch 23400/24569 | ce 3.8967 | cov 0.5194 | λ_cov=0.5 | grad 2.536 | lr 7.36e-06
  batch 23500/24569 | ce 3.5888 | cov 0.5019 | λ_cov=0.5 | grad 2.477 | lr 7.34e-06
  batch 23600/24569 | ce 3.9148 | cov 0.5384 | λ_cov=0.5 | grad 2.534 | lr 7.32e-06
  batch 23700/24569 | ce 3.8577 | cov 0.5197 | λ_cov=0.5 | grad 2.504 | lr 7.31e-06
  batch 23800/24569 | ce 4.0400 | cov 0.5329 | λ_cov=0.5 | grad 2.391 | lr 7.29e-06
  batch 23900/24569 | ce 3.9644 | cov 0.5297 | λ_cov=0.5 | grad 2.515 | lr 7.28e-06
  batch 24000/24569 | ce 4.0524 | cov 0.5291 | λ_cov=0.5 | grad 3.110 | lr 7.26e-06
  batch 24100/24569 | ce 3.9063 | cov 0.5297 | λ_cov=0.5 | grad 2.509 | lr 7.24e-06
  batch 24200/24569 | ce 3.7468 | cov 0.5192 | λ_cov=0.5 | grad 2.580 | lr 7.23e-06
  batch 24300/24569 | ce 3.9901 | cov 0.5300 | λ_cov=0.5 | grad 2.526 | lr 7.21e-06
  batch 24400/24569 | ce 3.8763 | cov 0.5190 | λ_cov=0.5 | grad 2.464 | lr 7.20e-06
  batch 24500/24569 | ce 4.0158 | cov 0.5489 | λ_cov=0.5 | grad 2.561 | lr 7.18e-06

Epoch 12/15 | time: 62.0min | unfreeze stage 3 | trainable 32,413,184
  train ce loss: 3.8611
  coverage loss: 0.5191  (λ=0.5)
    legal_chunk  : 4.1196
    second_pass  : 2.2342
    arxiv_anchor : 5.3852
    cnn_anchor   : 5.8525
  val loss     : 3.6980
  perplexity   : 40.37
  lr           : 7.17e-06
  sample       : On May 12, 2015, the plaintiffs filed a lawsuit in the U.S. District Court for the Middle District of Alabama against the City of Alabama under 42 U.S.C. § 1983 against the City of Alabama. The plaint
  reference    : On March 8th, 2014, several citizens of Montgomery, Alabama, who had been imprisoned for failing to pay traffic fines, filed a lawsuit in the U.S. District Court for the Middle District of Alabama, un
  >> new best val loss — saved stage3_best.pt
  >> BELOW Stage 2 val loss (4.3827)
  batch   100/24569 | ce 4.0963 | cov 0.5105 | λ_cov=0.5 | grad 3.141 | lr 7.15e-06
  batch   200/24569 | ce 3.6957 | cov 0.5210 | λ_cov=0.5 | grad 2.597 | lr 7.14e-06
  batch   300/24569 | ce 3.9710 | cov 0.5247 | λ_cov=0.5 | grad 2.679 | lr 7.12e-06
  batch   400/24569 | ce 4.1520 | cov 0.5315 | λ_cov=0.5 | grad 2.710 | lr 7.11e-06
  batch   500/24569 | ce 3.9759 | cov 0.5042 | λ_cov=0.5 | grad 2.897 | lr 7.09e-06
  batch   600/24569 | ce 4.1030 | cov 0.5305 | λ_cov=0.5 | grad 2.634 | lr 7.07e-06
  batch   700/24569 | ce 3.9929 | cov 0.5279 | λ_cov=0.5 | grad 2.449 | lr 7.06e-06
  batch   800/24569 | ce 3.8626 | cov 0.5276 | λ_cov=0.5 | grad 2.881 | lr 7.04e-06
  batch   900/24569 | ce 3.9238 | cov 0.5289 | λ_cov=0.5 | grad 2.518 | lr 7.03e-06
  batch  1000/24569 | ce 3.8889 | cov 0.5178 | λ_cov=0.5 | grad 2.385 | lr 7.01e-06
  batch  1100/24569 | ce 3.8357 | cov 0.5123 | λ_cov=0.5 | grad 3.013 | lr 6.99e-06
  batch  1200/24569 | ce 3.8389 | cov 0.5021 | λ_cov=0.5 | grad 2.591 | lr 6.98e-06
  batch  1300/24569 | ce 3.9973 | cov 0.5407 | λ_cov=0.5 | grad 2.561 | lr 6.96e-06
  batch  1400/24569 | ce 3.7569 | cov 0.4962 | λ_cov=0.5 | grad 2.769 | lr 6.95e-06
  batch  1500/24569 | ce 3.8856 | cov 0.5171 | λ_cov=0.5 | grad 2.531 | lr 6.93e-06
  batch  1600/24569 | ce 4.1171 | cov 0.5165 | λ_cov=0.5 | grad 2.651 | lr 6.92e-06
  batch  1700/24569 | ce 3.7938 | cov 0.5034 | λ_cov=0.5 | grad 3.210 | lr 6.90e-06
  batch  1800/24569 | ce 3.9850 | cov 0.5685 | λ_cov=0.5 | grad 3.274 | lr 6.88e-06
  batch  1900/24569 | ce 3.6426 | cov 0.4946 | λ_cov=0.5 | grad 2.718 | lr 6.87e-06
  batch  2000/24569 | ce 3.5874 | cov 0.5177 | λ_cov=0.5 | grad 2.432 | lr 6.85e-06
  batch  2100/24569 | ce 3.9196 | cov 0.5227 | λ_cov=0.5 | grad 2.669 | lr 6.84e-06
  batch  2200/24569 | ce 3.6863 | cov 0.5123 | λ_cov=0.5 | grad 2.820 | lr 6.82e-06
  batch  2300/24569 | ce 4.0042 | cov 0.5492 | λ_cov=0.5 | grad 2.419 | lr 6.81e-06
  batch  2400/24569 | ce 3.9750 | cov 0.5461 | λ_cov=0.5 | grad 2.628 | lr 6.79e-06
  batch  2500/24569 | ce 3.6999 | cov 0.5036 | λ_cov=0.5 | grad 2.509 | lr 6.77e-06
  batch  2600/24569 | ce 3.8544 | cov 0.5215 | λ_cov=0.5 | grad 2.629 | lr 6.76e-06
  batch  2700/24569 | ce 3.7962 | cov 0.5182 | λ_cov=0.5 | grad 2.657 | lr 6.74e-06
  batch  2800/24569 | ce 3.9631 | cov 0.5295 | λ_cov=0.5 | grad 2.797 | lr 6.73e-06
  batch  2900/24569 | ce 3.8249 | cov 0.5139 | λ_cov=0.5 | grad 2.285 | lr 6.71e-06
  batch  3000/24569 | ce 3.8711 | cov 0.5249 | λ_cov=0.5 | grad 2.292 | lr 6.70e-06
  batch  3100/24569 | ce 3.5498 | cov 0.5119 | λ_cov=0.5 | grad 2.450 | lr 6.68e-06
  batch  3200/24569 | ce 4.0438 | cov 0.5401 | λ_cov=0.5 | grad 2.721 | lr 6.67e-06
  batch  3300/24569 | ce 3.7454 | cov 0.5212 | λ_cov=0.5 | grad 2.760 | lr 6.65e-06
  batch  3400/24569 | ce 3.8386 | cov 0.5013 | λ_cov=0.5 | grad 2.597 | lr 6.64e-06
  batch  3500/24569 | ce 3.9207 | cov 0.5145 | λ_cov=0.5 | grad 3.103 | lr 6.62e-06
  batch  3600/24569 | ce 4.0472 | cov 0.5090 | λ_cov=0.5 | grad 2.684 | lr 6.60e-06
  batch  3700/24569 | ce 4.3148 | cov 0.5362 | λ_cov=0.5 | grad 2.654 | lr 6.59e-06
  batch  3800/24569 | ce 3.4200 | cov 0.4985 | λ_cov=0.5 | grad 2.380 | lr 6.57e-06
  batch  3900/24569 | ce 3.9107 | cov 0.5237 | λ_cov=0.5 | grad 2.486 | lr 6.56e-06
  batch  4000/24569 | ce 3.6182 | cov 0.5179 | λ_cov=0.5 | grad 2.477 | lr 6.54e-06
  batch  4100/24569 | ce 3.7766 | cov 0.5105 | λ_cov=0.5 | grad 3.472 | lr 6.53e-06
  batch  4200/24569 | ce 3.8577 | cov 0.5230 | λ_cov=0.5 | grad 2.785 | lr 6.51e-06
  batch  4300/24569 | ce 3.5652 | cov 0.5102 | λ_cov=0.5 | grad 2.401 | lr 6.50e-06
  batch  4400/24569 | ce 3.9268 | cov 0.5245 | λ_cov=0.5 | grad 2.397 | lr 6.48e-06
  batch  4500/24569 | ce 3.6702 | cov 0.5039 | λ_cov=0.5 | grad 2.969 | lr 6.47e-06
  batch  4600/24569 | ce 3.7490 | cov 0.5300 | λ_cov=0.5 | grad 2.526 | lr 6.45e-06
  batch  4700/24569 | ce 3.8896 | cov 0.5214 | λ_cov=0.5 | grad 2.905 | lr 6.44e-06
  batch  4800/24569 | ce 3.8841 | cov 0.5116 | λ_cov=0.5 | grad 2.706 | lr 6.42e-06
  batch  4900/24569 | ce 3.6734 | cov 0.5074 | λ_cov=0.5 | grad 2.706 | lr 6.41e-06
  batch  5000/24569 | ce 3.5705 | cov 0.4943 | λ_cov=0.5 | grad 2.459 | lr 6.39e-06
  batch  5100/24569 | ce 3.8401 | cov 0.5104 | λ_cov=0.5 | grad 2.510 | lr 6.38e-06
  batch  5200/24569 | ce 4.0368 | cov 0.5028 | λ_cov=0.5 | grad 2.603 | lr 6.36e-06
  batch  5300/24569 | ce 3.9981 | cov 0.5151 | λ_cov=0.5 | grad 2.352 | lr 6.35e-06
  batch  5400/24569 | ce 3.7229 | cov 0.4956 | λ_cov=0.5 | grad 2.604 | lr 6.33e-06
  batch  5500/24569 | ce 3.9132 | cov 0.4981 | λ_cov=0.5 | grad 2.794 | lr 6.32e-06
  batch  5600/24569 | ce 4.0006 | cov 0.5457 | λ_cov=0.5 | grad 2.465 | lr 6.30e-06
  batch  5700/24569 | ce 4.4148 | cov 0.5588 | λ_cov=0.5 | grad 3.059 | lr 6.29e-06
  batch  5800/24569 | ce 3.7644 | cov 0.4974 | λ_cov=0.5 | grad 2.486 | lr 6.27e-06
  batch  5900/24569 | ce 4.0719 | cov 0.5243 | λ_cov=0.5 | grad 2.653 | lr 6.26e-06
  batch  6000/24569 | ce 3.9769 | cov 0.5185 | λ_cov=0.5 | grad 2.564 | lr 6.24e-06
  batch  6100/24569 | ce 3.8935 | cov 0.5048 | λ_cov=0.5 | grad 2.678 | lr 6.23e-06
  batch  6200/24569 | ce 3.7178 | cov 0.5203 | λ_cov=0.5 | grad 2.598 | lr 6.21e-06
  batch  6300/24569 | ce 3.8553 | cov 0.5310 | λ_cov=0.5 | grad 2.786 | lr 6.20e-06
  batch  6400/24569 | ce 3.4206 | cov 0.5316 | λ_cov=0.5 | grad 2.616 | lr 6.18e-06
  batch  6500/24569 | ce 3.7375 | cov 0.5142 | λ_cov=0.5 | grad 3.004 | lr 6.17e-06
  batch  6600/24569 | ce 3.7100 | cov 0.5190 | λ_cov=0.5 | grad 2.563 | lr 6.15e-06
  batch  6700/24569 | ce 3.4608 | cov 0.5460 | λ_cov=0.5 | grad 2.246 | lr 6.14e-06
  batch  6800/24569 | ce 3.7731 | cov 0.5111 | λ_cov=0.5 | grad 2.955 | lr 6.12e-06
  batch  6900/24569 | ce 3.9628 | cov 0.5299 | λ_cov=0.5 | grad 2.412 | lr 6.11e-06
  batch  7000/24569 | ce 3.9172 | cov 0.5277 | λ_cov=0.5 | grad 3.036 | lr 6.09e-06
  batch  7100/24569 | ce 3.6466 | cov 0.5005 | λ_cov=0.5 | grad 2.337 | lr 6.08e-06
  batch  7200/24569 | ce 3.7229 | cov 0.5081 | λ_cov=0.5 | grad 2.368 | lr 6.06e-06
  batch  7300/24569 | ce 4.1134 | cov 0.5385 | λ_cov=0.5 | grad 2.821 | lr 6.05e-06
  batch  7400/24569 | ce 3.6904 | cov 0.5192 | λ_cov=0.5 | grad 2.448 | lr 6.03e-06
  batch  7500/24569 | ce 3.6234 | cov 0.4940 | λ_cov=0.5 | grad 2.544 | lr 6.02e-06
  batch  7600/24569 | ce 3.7072 | cov 0.5106 | λ_cov=0.5 | grad 2.583 | lr 6.01e-06
  batch  7700/24569 | ce 3.6612 | cov 0.5057 | λ_cov=0.5 | grad 2.338 | lr 5.99e-06
  batch  7800/24569 | ce 3.7605 | cov 0.5294 | λ_cov=0.5 | grad 2.486 | lr 5.98e-06
  batch  7900/24569 | ce 3.4955 | cov 0.5048 | λ_cov=0.5 | grad 2.417 | lr 5.96e-06
  batch  8000/24569 | ce 3.9199 | cov 0.5290 | λ_cov=0.5 | grad 2.901 | lr 5.95e-06
  batch  8100/24569 | ce 3.7804 | cov 0.5172 | λ_cov=0.5 | grad 2.902 | lr 5.93e-06
  batch  8200/24569 | ce 3.5546 | cov 0.5039 | λ_cov=0.5 | grad 2.646 | lr 5.92e-06
  batch  8300/24569 | ce 3.8592 | cov 0.5195 | λ_cov=0.5 | grad 2.741 | lr 5.90e-06
  batch  8400/24569 | ce 4.0174 | cov 0.5292 | λ_cov=0.5 | grad 2.971 | lr 5.89e-06
  batch  8500/24569 | ce 3.6089 | cov 0.5150 | λ_cov=0.5 | grad 2.617 | lr 5.87e-06
  batch  8600/24569 | ce 3.7243 | cov 0.5226 | λ_cov=0.5 | grad 2.883 | lr 5.86e-06
  batch  8700/24569 | ce 3.7737 | cov 0.5088 | λ_cov=0.5 | grad 2.498 | lr 5.85e-06
  batch  8800/24569 | ce 3.8543 | cov 0.5166 | λ_cov=0.5 | grad 2.463 | lr 5.83e-06
  batch  8900/24569 | ce 3.7587 | cov 0.5132 | λ_cov=0.5 | grad 2.427 | lr 5.82e-06
  batch  9000/24569 | ce 3.8228 | cov 0.5026 | λ_cov=0.5 | grad 2.740 | lr 5.80e-06
  batch  9100/24569 | ce 3.8641 | cov 0.5004 | λ_cov=0.5 | grad 2.761 | lr 5.79e-06
  batch  9200/24569 | ce 4.0487 | cov 0.5201 | λ_cov=0.5 | grad 2.551 | lr 5.77e-06
  batch  9300/24569 | ce 3.8989 | cov 0.4955 | λ_cov=0.5 | grad 2.410 | lr 5.76e-06
  batch  9400/24569 | ce 4.0161 | cov 0.5374 | λ_cov=0.5 | grad 2.824 | lr 5.75e-06
  batch  9500/24569 | ce 3.9480 | cov 0.5273 | λ_cov=0.5 | grad 2.495 | lr 5.73e-06
  batch  9600/24569 | ce 4.1405 | cov 0.5275 | λ_cov=0.5 | grad 2.794 | lr 5.72e-06
  batch  9700/24569 | ce 3.6673 | cov 0.5095 | λ_cov=0.5 | grad 2.394 | lr 5.70e-06
  batch  9800/24569 | ce 4.0564 | cov 0.5311 | λ_cov=0.5 | grad 2.832 | lr 5.69e-06
  batch  9900/24569 | ce 3.9010 | cov 0.5312 | λ_cov=0.5 | grad 2.563 | lr 5.67e-06
  batch 10000/24569 | ce 3.8096 | cov 0.5180 | λ_cov=0.5 | grad 2.577 | lr 5.66e-06
  batch 10100/24569 | ce 4.1954 | cov 0.5176 | λ_cov=0.5 | grad 2.688 | lr 5.65e-06
  batch 10200/24569 | ce 3.7307 | cov 0.5137 | λ_cov=0.5 | grad 2.788 | lr 5.63e-06
  batch 10300/24569 | ce 4.1091 | cov 0.5161 | λ_cov=0.5 | grad 2.642 | lr 5.62e-06
  batch 10400/24569 | ce 4.0946 | cov 0.5270 | λ_cov=0.5 | grad 2.493 | lr 5.60e-06
  batch 10500/24569 | ce 3.8365 | cov 0.5166 | λ_cov=0.5 | grad 2.374 | lr 5.59e-06
  batch 10600/24569 | ce 3.6874 | cov 0.5086 | λ_cov=0.5 | grad 2.522 | lr 5.58e-06
  batch 10700/24569 | ce 3.9540 | cov 0.5311 | λ_cov=0.5 | grad 2.755 | lr 5.56e-06
  batch 10800/24569 | ce 3.8165 | cov 0.5087 | λ_cov=0.5 | grad 3.374 | lr 5.55e-06
  batch 10900/24569 | ce 4.0895 | cov 0.5218 | λ_cov=0.5 | grad 2.887 | lr 5.53e-06
  batch 11000/24569 | ce 3.8928 | cov 0.5191 | λ_cov=0.5 | grad 2.356 | lr 5.52e-06
  batch 11100/24569 | ce 3.9821 | cov 0.5143 | λ_cov=0.5 | grad 2.786 | lr 5.51e-06
  batch 11200/24569 | ce 3.9843 | cov 0.5197 | λ_cov=0.5 | grad 2.536 | lr 5.49e-06
  batch 11300/24569 | ce 3.9255 | cov 0.5242 | λ_cov=0.5 | grad 2.593 | lr 5.48e-06
  batch 11400/24569 | ce 4.0209 | cov 0.5278 | λ_cov=0.5 | grad 3.247 | lr 5.46e-06
  batch 11500/24569 | ce 3.8714 | cov 0.5284 | λ_cov=0.5 | grad 4.293 | lr 5.45e-06
  batch 11600/24569 | ce 3.5840 | cov 0.5098 | λ_cov=0.5 | grad 2.375 | lr 5.44e-06
  batch 11700/24569 | ce 3.6818 | cov 0.5053 | λ_cov=0.5 | grad 2.571 | lr 5.42e-06
  batch 11800/24569 | ce 3.8312 | cov 0.5003 | λ_cov=0.5 | grad 2.542 | lr 5.41e-06
  batch 11900/24569 | ce 3.7206 | cov 0.5019 | λ_cov=0.5 | grad 2.911 | lr 5.40e-06
  batch 12000/24569 | ce 3.8333 | cov 0.5252 | λ_cov=0.5 | grad 2.666 | lr 5.38e-06
  batch 12100/24569 | ce 3.7633 | cov 0.5348 | λ_cov=0.5 | grad 2.536 | lr 5.37e-06
  batch 12200/24569 | ce 3.7620 | cov 0.5400 | λ_cov=0.5 | grad 2.612 | lr 5.35e-06
  batch 12300/24569 | ce 4.0176 | cov 0.5186 | λ_cov=0.5 | grad 3.010 | lr 5.34e-06
  batch 12400/24569 | ce 3.9811 | cov 0.5279 | λ_cov=0.5 | grad 3.231 | lr 5.33e-06
  batch 12500/24569 | ce 3.6230 | cov 0.4894 | λ_cov=0.5 | grad 2.543 | lr 5.31e-06
  batch 12600/24569 | ce 3.7475 | cov 0.5115 | λ_cov=0.5 | grad 2.587 | lr 5.30e-06
  batch 12700/24569 | ce 3.8232 | cov 0.5192 | λ_cov=0.5 | grad 2.438 | lr 5.29e-06
  batch 12800/24569 | ce 3.8412 | cov 0.5470 | λ_cov=0.5 | grad 2.704 | lr 5.27e-06
  batch 12900/24569 | ce 3.8577 | cov 0.5211 | λ_cov=0.5 | grad 2.430 | lr 5.26e-06
  batch 13000/24569 | ce 4.1609 | cov 0.5416 | λ_cov=0.5 | grad 2.838 | lr 5.24e-06
  batch 13100/24569 | ce 3.8420 | cov 0.5058 | λ_cov=0.5 | grad 2.791 | lr 5.23e-06
  batch 13200/24569 | ce 3.8639 | cov 0.5252 | λ_cov=0.5 | grad 2.228 | lr 5.22e-06
  batch 13300/24569 | ce 3.9367 | cov 0.5223 | λ_cov=0.5 | grad 2.426 | lr 5.20e-06
  batch 13400/24569 | ce 3.7695 | cov 0.5385 | λ_cov=0.5 | grad 2.462 | lr 5.19e-06
  batch 13500/24569 | ce 3.9297 | cov 0.5190 | λ_cov=0.5 | grad 2.708 | lr 5.18e-06
  batch 13600/24569 | ce 4.0005 | cov 0.5320 | λ_cov=0.5 | grad 2.739 | lr 5.16e-06
  batch 13700/24569 | ce 3.9117 | cov 0.5105 | λ_cov=0.5 | grad 2.481 | lr 5.15e-06
  batch 13800/24569 | ce 3.8964 | cov 0.5222 | λ_cov=0.5 | grad 2.750 | lr 5.14e-06
  batch 13900/24569 | ce 3.8073 | cov 0.5141 | λ_cov=0.5 | grad 2.254 | lr 5.12e-06
  batch 14000/24569 | ce 3.8064 | cov 0.4954 | λ_cov=0.5 | grad 2.558 | lr 5.11e-06
  batch 14100/24569 | ce 3.9412 | cov 0.5206 | λ_cov=0.5 | grad 2.556 | lr 5.10e-06
  batch 14200/24569 | ce 3.5745 | cov 0.5144 | λ_cov=0.5 | grad 2.896 | lr 5.08e-06
  batch 14300/24569 | ce 3.9916 | cov 0.5076 | λ_cov=0.5 | grad 3.941 | lr 5.07e-06
  batch 14400/24569 | ce 3.9421 | cov 0.5141 | λ_cov=0.5 | grad 2.487 | lr 5.06e-06
  batch 14500/24569 | ce 3.8189 | cov 0.5325 | λ_cov=0.5 | grad 2.664 | lr 5.04e-06
  batch 14600/24569 | ce 3.6418 | cov 0.5043 | λ_cov=0.5 | grad 2.308 | lr 5.03e-06
  batch 14700/24569 | ce 3.7818 | cov 0.5170 | λ_cov=0.5 | grad 2.567 | lr 5.02e-06
  batch 14800/24569 | ce 3.9451 | cov 0.5134 | λ_cov=0.5 | grad 3.053 | lr 5.00e-06
  batch 14900/24569 | ce 3.7417 | cov 0.5046 | λ_cov=0.5 | grad 2.647 | lr 4.99e-06
  batch 15000/24569 | ce 3.9150 | cov 0.5400 | λ_cov=0.5 | grad 2.501 | lr 4.98e-06
  batch 15100/24569 | ce 3.9878 | cov 0.5292 | λ_cov=0.5 | grad 2.499 | lr 4.96e-06
  batch 15200/24569 | ce 3.8995 | cov 0.4966 | λ_cov=0.5 | grad 2.696 | lr 4.95e-06
  batch 15300/24569 | ce 3.7932 | cov 0.5258 | λ_cov=0.5 | grad 2.644 | lr 4.94e-06
  batch 15400/24569 | ce 3.5979 | cov 0.4941 | λ_cov=0.5 | grad 2.408 | lr 4.92e-06
  batch 15500/24569 | ce 3.8230 | cov 0.5194 | λ_cov=0.5 | grad 2.765 | lr 4.91e-06
  batch 15600/24569 | ce 3.8865 | cov 0.5203 | λ_cov=0.5 | grad 2.575 | lr 4.90e-06
  batch 15700/24569 | ce 3.9888 | cov 0.5405 | λ_cov=0.5 | grad 2.927 | lr 4.89e-06
  batch 15800/24569 | ce 3.8584 | cov 0.5066 | λ_cov=0.5 | grad 2.698 | lr 4.87e-06
  batch 15900/24569 | ce 3.7753 | cov 0.5122 | λ_cov=0.5 | grad 2.494 | lr 4.86e-06
  batch 16000/24569 | ce 3.6111 | cov 0.5268 | λ_cov=0.5 | grad 2.421 | lr 4.85e-06
  batch 16100/24569 | ce 3.7764 | cov 0.5116 | λ_cov=0.5 | grad 2.440 | lr 4.83e-06
  batch 16200/24569 | ce 3.9273 | cov 0.5266 | λ_cov=0.5 | grad 2.825 | lr 4.82e-06
  batch 16300/24569 | ce 3.9080 | cov 0.5220 | λ_cov=0.5 | grad 2.756 | lr 4.81e-06
  batch 16400/24569 | ce 3.8471 | cov 0.5071 | λ_cov=0.5 | grad 2.541 | lr 4.79e-06
  batch 16500/24569 | ce 4.1540 | cov 0.5237 | λ_cov=0.5 | grad 2.674 | lr 4.78e-06
  batch 16600/24569 | ce 4.0377 | cov 0.5617 | λ_cov=0.5 | grad 3.277 | lr 4.77e-06
  batch 16700/24569 | ce 3.8919 | cov 0.5217 | λ_cov=0.5 | grad 3.247 | lr 4.76e-06
  batch 16800/24569 | ce 4.0424 | cov 0.5231 | λ_cov=0.5 | grad 2.700 | lr 4.74e-06
  batch 16900/24569 | ce 3.7593 | cov 0.5253 | λ_cov=0.5 | grad 2.683 | lr 4.73e-06
  batch 17000/24569 | ce 3.8056 | cov 0.5190 | λ_cov=0.5 | grad 2.945 | lr 4.72e-06
  batch 17100/24569 | ce 3.7514 | cov 0.4950 | λ_cov=0.5 | grad 2.304 | lr 4.71e-06
  batch 17200/24569 | ce 3.7738 | cov 0.5123 | λ_cov=0.5 | grad 2.499 | lr 4.69e-06
  batch 17300/24569 | ce 3.8856 | cov 0.5217 | λ_cov=0.5 | grad 2.460 | lr 4.68e-06
  batch 17400/24569 | ce 4.1245 | cov 0.5101 | λ_cov=0.5 | grad 2.879 | lr 4.67e-06
  batch 17500/24569 | ce 3.7499 | cov 0.5140 | λ_cov=0.5 | grad 2.818 | lr 4.65e-06
  batch 17600/24569 | ce 3.7360 | cov 0.5067 | λ_cov=0.5 | grad 2.575 | lr 4.64e-06
  batch 17700/24569 | ce 3.9939 | cov 0.5246 | λ_cov=0.5 | grad 2.478 | lr 4.63e-06
  batch 17800/24569 | ce 3.8188 | cov 0.5122 | λ_cov=0.5 | grad 3.000 | lr 4.62e-06
  batch 17900/24569 | ce 3.6857 | cov 0.5171 | λ_cov=0.5 | grad 2.524 | lr 4.60e-06
  batch 18000/24569 | ce 3.8087 | cov 0.5249 | λ_cov=0.5 | grad 2.689 | lr 4.59e-06
  batch 18100/24569 | ce 4.0054 | cov 0.5031 | λ_cov=0.5 | grad 2.389 | lr 4.58e-06
  batch 18200/24569 | ce 3.6956 | cov 0.5059 | λ_cov=0.5 | grad 2.431 | lr 4.57e-06
  batch 18300/24569 | ce 3.9263 | cov 0.5456 | λ_cov=0.5 | grad 2.555 | lr 4.55e-06
  batch 18400/24569 | ce 3.8203 | cov 0.5120 | λ_cov=0.5 | grad 3.063 | lr 4.54e-06
  batch 18500/24569 | ce 3.8036 | cov 0.5029 | λ_cov=0.5 | grad 2.389 | lr 4.53e-06
  batch 18600/24569 | ce 4.0297 | cov 0.5172 | λ_cov=0.5 | grad 2.723 | lr 4.52e-06
  batch 18700/24569 | ce 3.9357 | cov 0.5214 | λ_cov=0.5 | grad 2.723 | lr 4.50e-06
  batch 18800/24569 | ce 3.6474 | cov 0.5092 | λ_cov=0.5 | grad 2.820 | lr 4.49e-06
  batch 18900/24569 | ce 3.6876 | cov 0.5087 | λ_cov=0.5 | grad 2.728 | lr 4.48e-06
  batch 19000/24569 | ce 3.7966 | cov 0.5357 | λ_cov=0.5 | grad 2.420 | lr 4.47e-06
  batch 19100/24569 | ce 3.7327 | cov 0.5143 | λ_cov=0.5 | grad 2.464 | lr 4.45e-06
  batch 19200/24569 | ce 3.8801 | cov 0.5384 | λ_cov=0.5 | grad 2.801 | lr 4.44e-06
  batch 19300/24569 | ce 3.8547 | cov 0.5180 | λ_cov=0.5 | grad 2.329 | lr 4.43e-06
  batch 19400/24569 | ce 3.7799 | cov 0.5109 | λ_cov=0.5 | grad 2.419 | lr 4.42e-06
  batch 19500/24569 | ce 3.8546 | cov 0.5087 | λ_cov=0.5 | grad 2.421 | lr 4.40e-06
  batch 19600/24569 | ce 3.9752 | cov 0.5282 | λ_cov=0.5 | grad 2.407 | lr 4.39e-06
  batch 19700/24569 | ce 3.6749 | cov 0.5062 | λ_cov=0.5 | grad 2.765 | lr 4.38e-06
  batch 19800/24569 | ce 3.9035 | cov 0.5129 | λ_cov=0.5 | grad 2.707 | lr 4.37e-06
  batch 19900/24569 | ce 3.9510 | cov 0.5166 | λ_cov=0.5 | grad 2.624 | lr 4.36e-06
  batch 20000/24569 | ce 4.0093 | cov 0.5406 | λ_cov=0.5 | grad 2.434 | lr 4.34e-06
  batch 20100/24569 | ce 4.0323 | cov 0.5169 | λ_cov=0.5 | grad 3.477 | lr 4.33e-06
  batch 20200/24569 | ce 3.9601 | cov 0.5414 | λ_cov=0.5 | grad 2.601 | lr 4.32e-06
  batch 20300/24569 | ce 3.6366 | cov 0.5228 | λ_cov=0.5 | grad 2.521 | lr 4.31e-06
  batch 20400/24569 | ce 3.8690 | cov 0.4991 | λ_cov=0.5 | grad 2.391 | lr 4.30e-06
  batch 20500/24569 | ce 3.8729 | cov 0.5146 | λ_cov=0.5 | grad 2.581 | lr 4.28e-06
  batch 20600/24569 | ce 3.7529 | cov 0.5368 | λ_cov=0.5 | grad 2.572 | lr 4.27e-06
  batch 20700/24569 | ce 3.9763 | cov 0.5155 | λ_cov=0.5 | grad 3.376 | lr 4.26e-06
  batch 20800/24569 | ce 3.8199 | cov 0.5019 | λ_cov=0.5 | grad 2.572 | lr 4.25e-06
  batch 20900/24569 | ce 3.9173 | cov 0.5200 | λ_cov=0.5 | grad 2.613 | lr 4.24e-06
  batch 21000/24569 | ce 3.8522 | cov 0.5095 | λ_cov=0.5 | grad 2.630 | lr 4.22e-06
  batch 21100/24569 | ce 3.9432 | cov 0.5315 | λ_cov=0.5 | grad 2.691 | lr 4.21e-06
  batch 21200/24569 | ce 3.6271 | cov 0.5321 | λ_cov=0.5 | grad 2.495 | lr 4.20e-06
  batch 21300/24569 | ce 4.0552 | cov 0.5178 | λ_cov=0.5 | grad 2.638 | lr 4.19e-06
  batch 21400/24569 | ce 4.0475 | cov 0.5229 | λ_cov=0.5 | grad 2.524 | lr 4.18e-06
  batch 21500/24569 | ce 3.8853 | cov 0.5214 | λ_cov=0.5 | grad 2.766 | lr 4.16e-06
  batch 21600/24569 | ce 4.0289 | cov 0.5197 | λ_cov=0.5 | grad 2.653 | lr 4.15e-06
  batch 21700/24569 | ce 4.2149 | cov 0.5183 | λ_cov=0.5 | grad 3.259 | lr 4.14e-06
  batch 21800/24569 | ce 3.7006 | cov 0.4948 | λ_cov=0.5 | grad 2.552 | lr 4.13e-06
  batch 21900/24569 | ce 3.8140 | cov 0.5225 | λ_cov=0.5 | grad 2.978 | lr 4.12e-06
  batch 22000/24569 | ce 3.9305 | cov 0.5358 | λ_cov=0.5 | grad 2.580 | lr 4.10e-06
  batch 22100/24569 | ce 4.0643 | cov 0.5302 | λ_cov=0.5 | grad 2.680 | lr 4.09e-06
  batch 22200/24569 | ce 4.0487 | cov 0.5371 | λ_cov=0.5 | grad 2.737 | lr 4.08e-06
  batch 22300/24569 | ce 3.6658 | cov 0.5130 | λ_cov=0.5 | grad 2.692 | lr 4.07e-06
  batch 22400/24569 | ce 3.4921 | cov 0.5043 | λ_cov=0.5 | grad 2.329 | lr 4.06e-06
  batch 22500/24569 | ce 3.7407 | cov 0.5272 | λ_cov=0.5 | grad 2.654 | lr 4.05e-06
  batch 22600/24569 | ce 3.8884 | cov 0.5251 | λ_cov=0.5 | grad 2.616 | lr 4.03e-06
  batch 22700/24569 | ce 3.9236 | cov 0.5171 | λ_cov=0.5 | grad 2.677 | lr 4.02e-06
  batch 22800/24569 | ce 4.1404 | cov 0.5431 | λ_cov=0.5 | grad 2.591 | lr 4.01e-06
  batch 22900/24569 | ce 4.2141 | cov 0.5248 | λ_cov=0.5 | grad 2.757 | lr 4.00e-06
  batch 23000/24569 | ce 3.8605 | cov 0.5078 | λ_cov=0.5 | grad 2.730 | lr 3.99e-06
  batch 23100/24569 | ce 3.8104 | cov 0.5087 | λ_cov=0.5 | grad 2.936 | lr 3.98e-06
  batch 23200/24569 | ce 4.0911 | cov 0.5373 | λ_cov=0.5 | grad 2.931 | lr 3.97e-06
  batch 23300/24569 | ce 3.8737 | cov 0.5319 | λ_cov=0.5 | grad 2.837 | lr 3.95e-06
  batch 23400/24569 | ce 3.7982 | cov 0.5170 | λ_cov=0.5 | grad 3.018 | lr 3.94e-06
  batch 23500/24569 | ce 3.5710 | cov 0.5188 | λ_cov=0.5 | grad 2.717 | lr 3.93e-06
  batch 23600/24569 | ce 3.5982 | cov 0.5163 | λ_cov=0.5 | grad 2.822 | lr 3.92e-06
  batch 23700/24569 | ce 3.9344 | cov 0.5315 | λ_cov=0.5 | grad 3.755 | lr 3.91e-06
  batch 23800/24569 | ce 4.0056 | cov 0.5415 | λ_cov=0.5 | grad 2.521 | lr 3.90e-06
  batch 23900/24569 | ce 3.5328 | cov 0.5115 | λ_cov=0.5 | grad 2.392 | lr 3.89e-06
  batch 24000/24569 | ce 3.7478 | cov 0.5106 | λ_cov=0.5 | grad 2.407 | lr 3.87e-06
  batch 24100/24569 | ce 3.7920 | cov 0.5110 | λ_cov=0.5 | grad 2.544 | lr 3.86e-06
  batch 24200/24569 | ce 3.7750 | cov 0.5055 | λ_cov=0.5 | grad 2.527 | lr 3.85e-06
  batch 24300/24569 | ce 3.9097 | cov 0.5083 | λ_cov=0.5 | grad 3.422 | lr 3.84e-06
  batch 24400/24569 | ce 3.9447 | cov 0.5289 | λ_cov=0.5 | grad 2.528 | lr 3.83e-06
  batch 24500/24569 | ce 3.9046 | cov 0.5267 | λ_cov=0.5 | grad 3.015 | lr 3.82e-06

Epoch 13/15 | time: 62.0min | unfreeze stage 3 | trainable 32,413,184
  train ce loss: 3.8588
  coverage loss: 0.5188  (λ=0.5)
    legal_chunk  : 4.1164
    second_pass  : 2.2348
    arxiv_anchor : 5.3827
    cnn_anchor   : 5.8529
  val loss     : 3.7002
  perplexity   : 40.45
  lr           : 3.81e-06
  sample       : On May 21, 2015, the plaintiffs filed a class action lawsuit in the U.S. District Court for the Middle District of Alabama against the City of Alabama. The plaintiffs, represented by private counsel, 
  reference    : On March 8th, 2014, several citizens of Montgomery, Alabama, who had been imprisoned for failing to pay traffic fines, filed a lawsuit in the U.S. District Court for the Middle District of Alabama, un
  >> no improvement (1/5) best=3.6980
  batch   100/24569 | ce 3.5281 | cov 0.5190 | λ_cov=0.5 | grad 2.582 | lr 3.80e-06
  batch   200/24569 | ce 3.7509 | cov 0.5393 | λ_cov=0.5 | grad 2.529 | lr 3.79e-06
  batch   300/24569 | ce 3.9112 | cov 0.5099 | λ_cov=0.5 | grad 2.755 | lr 3.78e-06
  batch   400/24569 | ce 4.0518 | cov 0.5240 | λ_cov=0.5 | grad 3.371 | lr 3.77e-06
  batch   500/24569 | ce 3.9324 | cov 0.5479 | λ_cov=0.5 | grad 2.735 | lr 3.75e-06
  batch   600/24569 | ce 4.0258 | cov 0.5266 | λ_cov=0.5 | grad 2.482 | lr 3.74e-06
  batch   700/24569 | ce 4.0370 | cov 0.5120 | λ_cov=0.5 | grad 2.632 | lr 3.73e-06
  batch   800/24569 | ce 3.8869 | cov 0.5251 | λ_cov=0.5 | grad 3.163 | lr 3.72e-06
  batch   900/24569 | ce 4.2264 | cov 0.5290 | λ_cov=0.5 | grad 2.649 | lr 3.71e-06
  batch  1000/24569 | ce 3.8846 | cov 0.5007 | λ_cov=0.5 | grad 2.756 | lr 3.70e-06
  batch  1100/24569 | ce 3.8030 | cov 0.5131 | λ_cov=0.5 | grad 2.486 | lr 3.69e-06
  batch  1200/24569 | ce 3.8507 | cov 0.5111 | λ_cov=0.5 | grad 2.638 | lr 3.68e-06
  batch  1300/24569 | ce 3.8398 | cov 0.5181 | λ_cov=0.5 | grad 2.707 | lr 3.67e-06
  batch  1400/24569 | ce 3.8038 | cov 0.5131 | λ_cov=0.5 | grad 3.193 | lr 3.65e-06
  batch  1500/24569 | ce 4.0772 | cov 0.5326 | λ_cov=0.5 | grad 2.758 | lr 3.64e-06
  batch  1600/24569 | ce 3.7018 | cov 0.5064 | λ_cov=0.5 | grad 2.650 | lr 3.63e-06
  batch  1700/24569 | ce 3.8503 | cov 0.4915 | λ_cov=0.5 | grad 2.623 | lr 3.62e-06
  batch  1800/24569 | ce 3.9672 | cov 0.5316 | λ_cov=0.5 | grad 2.784 | lr 3.61e-06
  batch  1900/24569 | ce 3.8120 | cov 0.4977 | λ_cov=0.5 | grad 2.800 | lr 3.60e-06
  batch  2000/24569 | ce 3.9371 | cov 0.5473 | λ_cov=0.5 | grad 2.454 | lr 3.59e-06
  batch  2100/24569 | ce 3.9223 | cov 0.5299 | λ_cov=0.5 | grad 2.685 | lr 3.58e-06
  batch  2200/24569 | ce 4.0673 | cov 0.5206 | λ_cov=0.5 | grad 2.890 | lr 3.57e-06
  batch  2300/24569 | ce 4.0196 | cov 0.5027 | λ_cov=0.5 | grad 2.682 | lr 3.56e-06
  batch  2400/24569 | ce 3.8120 | cov 0.5217 | λ_cov=0.5 | grad 2.570 | lr 3.55e-06
  batch  2500/24569 | ce 3.8779 | cov 0.5347 | λ_cov=0.5 | grad 2.605 | lr 3.54e-06
  batch  2600/24569 | ce 3.8954 | cov 0.5233 | λ_cov=0.5 | grad 2.822 | lr 3.53e-06
  batch  2700/24569 | ce 3.8655 | cov 0.5070 | λ_cov=0.5 | grad 2.771 | lr 3.51e-06
  batch  2800/24569 | ce 3.7458 | cov 0.5220 | λ_cov=0.5 | grad 2.468 | lr 3.50e-06
  batch  2900/24569 | ce 3.9050 | cov 0.5304 | λ_cov=0.5 | grad 2.894 | lr 3.49e-06
  batch  3000/24569 | ce 3.8101 | cov 0.5035 | λ_cov=0.5 | grad 2.511 | lr 3.48e-06
  batch  3100/24569 | ce 4.0618 | cov 0.5344 | λ_cov=0.5 | grad 2.727 | lr 3.47e-06
  batch  3200/24569 | ce 3.7593 | cov 0.5223 | λ_cov=0.5 | grad 2.570 | lr 3.46e-06
  batch  3300/24569 | ce 4.1387 | cov 0.5210 | λ_cov=0.5 | grad 2.640 | lr 3.45e-06
  batch  3400/24569 | ce 3.9865 | cov 0.5345 | λ_cov=0.5 | grad 2.441 | lr 3.44e-06
  batch  3500/24569 | ce 3.8177 | cov 0.4979 | λ_cov=0.5 | grad 2.522 | lr 3.43e-06
  batch  3600/24569 | ce 3.8940 | cov 0.5199 | λ_cov=0.5 | grad 2.595 | lr 3.42e-06
  batch  3700/24569 | ce 4.1485 | cov 0.5362 | λ_cov=0.5 | grad 2.925 | lr 3.41e-06
  batch  3800/24569 | ce 3.6922 | cov 0.5150 | λ_cov=0.5 | grad 2.434 | lr 3.40e-06
  batch  3900/24569 | ce 3.9570 | cov 0.5255 | λ_cov=0.5 | grad 2.564 | lr 3.39e-06
  batch  4000/24569 | ce 3.9287 | cov 0.5057 | λ_cov=0.5 | grad 2.930 | lr 3.38e-06
  batch  4100/24569 | ce 3.6326 | cov 0.5049 | λ_cov=0.5 | grad 2.634 | lr 3.37e-06
  batch  4200/24569 | ce 3.8803 | cov 0.5141 | λ_cov=0.5 | grad 2.778 | lr 3.36e-06
  batch  4300/24569 | ce 3.8637 | cov 0.5258 | λ_cov=0.5 | grad 2.649 | lr 3.35e-06
  batch  4400/24569 | ce 4.0964 | cov 0.5103 | λ_cov=0.5 | grad 2.493 | lr 3.34e-06
  batch  4500/24569 | ce 4.1348 | cov 0.5161 | λ_cov=0.5 | grad 2.594 | lr 3.33e-06
  batch  4600/24569 | ce 4.0549 | cov 0.5202 | λ_cov=0.5 | grad 2.894 | lr 3.32e-06
  batch  4700/24569 | ce 3.8111 | cov 0.5116 | λ_cov=0.5 | grad 3.141 | lr 3.31e-06
  batch  4800/24569 | ce 3.6076 | cov 0.5304 | λ_cov=0.5 | grad 2.677 | lr 3.30e-06
  batch  4900/24569 | ce 3.7337 | cov 0.5298 | λ_cov=0.5 | grad 3.002 | lr 3.29e-06
  batch  5000/24569 | ce 3.7451 | cov 0.5185 | λ_cov=0.5 | grad 2.377 | lr 3.28e-06
  batch  5100/24569 | ce 3.5692 | cov 0.5205 | λ_cov=0.5 | grad 2.542 | lr 3.27e-06
  batch  5200/24569 | ce 3.9866 | cov 0.5176 | λ_cov=0.5 | grad 2.528 | lr 3.26e-06
  batch  5300/24569 | ce 3.9379 | cov 0.5246 | λ_cov=0.5 | grad 2.695 | lr 3.25e-06
  batch  5400/24569 | ce 4.1244 | cov 0.5149 | λ_cov=0.5 | grad 2.817 | lr 3.24e-06
  batch  5500/24569 | ce 3.8325 | cov 0.5110 | λ_cov=0.5 | grad 2.580 | lr 3.23e-06
  batch  5600/24569 | ce 3.7196 | cov 0.5156 | λ_cov=0.5 | grad 2.437 | lr 3.22e-06
  batch  5700/24569 | ce 3.5626 | cov 0.5192 | λ_cov=0.5 | grad 2.309 | lr 3.21e-06
  batch  5800/24569 | ce 4.0461 | cov 0.5037 | λ_cov=0.5 | grad 2.695 | lr 3.20e-06
  batch  5900/24569 | ce 3.6167 | cov 0.4997 | λ_cov=0.5 | grad 2.447 | lr 3.19e-06
  batch  6000/24569 | ce 3.8710 | cov 0.5357 | λ_cov=0.5 | grad 2.688 | lr 3.18e-06
  batch  6100/24569 | ce 4.0529 | cov 0.5109 | λ_cov=0.5 | grad 2.756 | lr 3.17e-06
  batch  6200/24569 | ce 3.8604 | cov 0.5230 | λ_cov=0.5 | grad 2.651 | lr 3.16e-06
  batch  6300/24569 | ce 3.7765 | cov 0.5146 | λ_cov=0.5 | grad 2.788 | lr 3.15e-06
  batch  6400/24569 | ce 3.8339 | cov 0.5214 | λ_cov=0.5 | grad 2.427 | lr 3.14e-06
  batch  6500/24569 | ce 3.8286 | cov 0.5171 | λ_cov=0.5 | grad 2.342 | lr 3.13e-06
  batch  6600/24569 | ce 3.9666 | cov 0.5177 | λ_cov=0.5 | grad 2.844 | lr 3.12e-06
  batch  6700/24569 | ce 3.7455 | cov 0.5349 | λ_cov=0.5 | grad 2.769 | lr 3.11e-06
  batch  6800/24569 | ce 3.8650 | cov 0.5283 | λ_cov=0.5 | grad 2.603 | lr 3.10e-06
  batch  6900/24569 | ce 3.7099 | cov 0.5098 | λ_cov=0.5 | grad 2.916 | lr 3.09e-06
  batch  7000/24569 | ce 3.8675 | cov 0.5226 | λ_cov=0.5 | grad 2.604 | lr 3.08e-06
  batch  7100/24569 | ce 4.0924 | cov 0.5188 | λ_cov=0.5 | grad 2.910 | lr 3.07e-06
  batch  7200/24569 | ce 4.0117 | cov 0.5280 | λ_cov=0.5 | grad 2.558 | lr 3.06e-06
  batch  7300/24569 | ce 3.8112 | cov 0.5081 | λ_cov=0.5 | grad 2.373 | lr 3.05e-06
  batch  7400/24569 | ce 4.0375 | cov 0.5338 | λ_cov=0.5 | grad 2.657 | lr 3.04e-06
  batch  7500/24569 | ce 3.6609 | cov 0.5141 | λ_cov=0.5 | grad 2.556 | lr 3.03e-06
  batch  7600/24569 | ce 3.8785 | cov 0.5241 | λ_cov=0.5 | grad 2.621 | lr 3.02e-06
  batch  7700/24569 | ce 4.0795 | cov 0.5252 | λ_cov=0.5 | grad 2.628 | lr 3.01e-06
  batch  7800/24569 | ce 3.4761 | cov 0.5081 | λ_cov=0.5 | grad 2.361 | lr 3.00e-06
  batch  7900/24569 | ce 3.9460 | cov 0.5067 | λ_cov=0.5 | grad 2.360 | lr 2.99e-06
  batch  8000/24569 | ce 3.9191 | cov 0.5293 | λ_cov=0.5 | grad 2.631 | lr 2.98e-06
  batch  8100/24569 | ce 3.7491 | cov 0.5012 | λ_cov=0.5 | grad 2.394 | lr 2.97e-06
  batch  8200/24569 | ce 3.8990 | cov 0.5087 | λ_cov=0.5 | grad 2.784 | lr 2.96e-06
  batch  8300/24569 | ce 3.9364 | cov 0.5075 | λ_cov=0.5 | grad 3.323 | lr 2.95e-06
  batch  8400/24569 | ce 3.8148 | cov 0.5086 | λ_cov=0.5 | grad 2.571 | lr 2.94e-06
  batch  8500/24569 | ce 3.9679 | cov 0.5440 | λ_cov=0.5 | grad 3.155 | lr 2.93e-06
  batch  8600/24569 | ce 3.5736 | cov 0.5240 | λ_cov=0.5 | grad 2.260 | lr 2.92e-06
  batch  8700/24569 | ce 3.8681 | cov 0.4911 | λ_cov=0.5 | grad 2.577 | lr 2.91e-06
  batch  8800/24569 | ce 3.9270 | cov 0.5191 | λ_cov=0.5 | grad 2.584 | lr 2.91e-06
  batch  8900/24569 | ce 3.8415 | cov 0.5206 | λ_cov=0.5 | grad 2.649 | lr 2.90e-06
  batch  9000/24569 | ce 3.7926 | cov 0.5286 | λ_cov=0.5 | grad 2.568 | lr 2.89e-06
  batch  9100/24569 | ce 3.9657 | cov 0.5323 | λ_cov=0.5 | grad 3.054 | lr 2.88e-06
  batch  9200/24569 | ce 3.7376 | cov 0.5182 | λ_cov=0.5 | grad 2.434 | lr 2.87e-06
  batch  9300/24569 | ce 3.8025 | cov 0.5302 | λ_cov=0.5 | grad 2.616 | lr 2.86e-06
  batch  9400/24569 | ce 3.9345 | cov 0.5152 | λ_cov=0.5 | grad 2.455 | lr 2.85e-06
  batch  9500/24569 | ce 3.7739 | cov 0.5220 | λ_cov=0.5 | grad 2.829 | lr 2.84e-06
  batch  9600/24569 | ce 3.8698 | cov 0.5256 | λ_cov=0.5 | grad 2.805 | lr 2.83e-06
  batch  9700/24569 | ce 3.7858 | cov 0.5167 | λ_cov=0.5 | grad 2.572 | lr 2.82e-06
  batch  9800/24569 | ce 3.8456 | cov 0.5240 | λ_cov=0.5 | grad 2.496 | lr 2.81e-06
  batch  9900/24569 | ce 3.8834 | cov 0.5080 | λ_cov=0.5 | grad 2.610 | lr 2.80e-06
  batch 10000/24569 | ce 3.7463 | cov 0.5241 | λ_cov=0.5 | grad 3.258 | lr 2.80e-06
  batch 10100/24569 | ce 3.6726 | cov 0.5121 | λ_cov=0.5 | grad 2.496 | lr 2.79e-06
  batch 10200/24569 | ce 4.0090 | cov 0.5265 | λ_cov=0.5 | grad 4.201 | lr 2.78e-06
  batch 10300/24569 | ce 4.0522 | cov 0.5139 | λ_cov=0.5 | grad 2.472 | lr 2.77e-06
  batch 10400/24569 | ce 3.6907 | cov 0.5057 | λ_cov=0.5 | grad 2.313 | lr 2.76e-06
  batch 10500/24569 | ce 3.6301 | cov 0.5089 | λ_cov=0.5 | grad 2.408 | lr 2.75e-06
  batch 10600/24569 | ce 3.9112 | cov 0.5087 | λ_cov=0.5 | grad 3.068 | lr 2.74e-06
  batch 10700/24569 | ce 3.7308 | cov 0.5028 | λ_cov=0.5 | grad 2.491 | lr 2.73e-06
  batch 10800/24569 | ce 4.0549 | cov 0.5383 | λ_cov=0.5 | grad 2.444 | lr 2.72e-06
  batch 10900/24569 | ce 3.8533 | cov 0.5290 | λ_cov=0.5 | grad 2.615 | lr 2.71e-06
  batch 11000/24569 | ce 3.6308 | cov 0.5124 | λ_cov=0.5 | grad 2.478 | lr 2.71e-06
  batch 11100/24569 | ce 4.0896 | cov 0.5152 | λ_cov=0.5 | grad 2.451 | lr 2.70e-06
  batch 11200/24569 | ce 3.8632 | cov 0.5030 | λ_cov=0.5 | grad 2.403 | lr 2.69e-06
  batch 11300/24569 | ce 3.7506 | cov 0.5206 | λ_cov=0.5 | grad 2.518 | lr 2.68e-06
  batch 11400/24569 | ce 3.8651 | cov 0.5201 | λ_cov=0.5 | grad 2.416 | lr 2.67e-06
  batch 11500/24569 | ce 3.8565 | cov 0.5384 | λ_cov=0.5 | grad 2.635 | lr 2.66e-06
  batch 11600/24569 | ce 3.6973 | cov 0.5128 | λ_cov=0.5 | grad 2.294 | lr 2.65e-06
  batch 11700/24569 | ce 4.0380 | cov 0.5285 | λ_cov=0.5 | grad 2.752 | lr 2.64e-06
  batch 11800/24569 | ce 3.9655 | cov 0.5073 | λ_cov=0.5 | grad 2.778 | lr 2.64e-06
  batch 11900/24569 | ce 3.8833 | cov 0.5090 | λ_cov=0.5 | grad 2.660 | lr 2.63e-06
  batch 12000/24569 | ce 3.8133 | cov 0.5070 | λ_cov=0.5 | grad 2.486 | lr 2.62e-06
  batch 12100/24569 | ce 3.9514 | cov 0.5038 | λ_cov=0.5 | grad 3.025 | lr 2.61e-06
  batch 12200/24569 | ce 3.8763 | cov 0.5192 | λ_cov=0.5 | grad 2.832 | lr 2.60e-06
  batch 12300/24569 | ce 3.7963 | cov 0.5334 | λ_cov=0.5 | grad 2.500 | lr 2.59e-06
  batch 12400/24569 | ce 3.8972 | cov 0.5121 | λ_cov=0.5 | grad 2.344 | lr 2.58e-06
  batch 12500/24569 | ce 3.9525 | cov 0.5372 | λ_cov=0.5 | grad 3.245 | lr 2.58e-06
  batch 12600/24569 | ce 3.6579 | cov 0.5247 | λ_cov=0.5 | grad 4.113 | lr 2.57e-06
  batch 12700/24569 | ce 4.0225 | cov 0.5398 | λ_cov=0.5 | grad 2.586 | lr 2.56e-06
  batch 12800/24569 | ce 3.5388 | cov 0.5068 | λ_cov=0.5 | grad 2.337 | lr 2.55e-06
  batch 12900/24569 | ce 3.8414 | cov 0.4968 | λ_cov=0.5 | grad 2.664 | lr 2.54e-06
  batch 13000/24569 | ce 4.0095 | cov 0.5167 | λ_cov=0.5 | grad 2.731 | lr 2.53e-06
  batch 13100/24569 | ce 3.7891 | cov 0.5138 | λ_cov=0.5 | grad 2.401 | lr 2.53e-06
  batch 13200/24569 | ce 3.9841 | cov 0.5198 | λ_cov=0.5 | grad 2.402 | lr 2.52e-06
  batch 13300/24569 | ce 3.9877 | cov 0.5310 | λ_cov=0.5 | grad 2.590 | lr 2.51e-06
  batch 13400/24569 | ce 4.0910 | cov 0.5154 | λ_cov=0.5 | grad 2.761 | lr 2.50e-06
  batch 13500/24569 | ce 3.7300 | cov 0.5031 | λ_cov=0.5 | grad 2.398 | lr 2.49e-06
  batch 13600/24569 | ce 3.7483 | cov 0.5101 | λ_cov=0.5 | grad 2.532 | lr 2.48e-06
  batch 13700/24569 | ce 3.4479 | cov 0.5160 | λ_cov=0.5 | grad 4.743 | lr 2.48e-06
  batch 13800/24569 | ce 3.7914 | cov 0.5073 | λ_cov=0.5 | grad 2.671 | lr 2.47e-06
  batch 13900/24569 | ce 4.1343 | cov 0.5203 | λ_cov=0.5 | grad 2.994 | lr 2.46e-06
  batch 14000/24569 | ce 3.8977 | cov 0.5323 | λ_cov=0.5 | grad 2.425 | lr 2.45e-06
  batch 14100/24569 | ce 3.9711 | cov 0.5194 | λ_cov=0.5 | grad 3.095 | lr 2.44e-06
  batch 14200/24569 | ce 3.9712 | cov 0.5193 | λ_cov=0.5 | grad 3.065 | lr 2.43e-06
  batch 14300/24569 | ce 3.8254 | cov 0.5225 | λ_cov=0.5 | grad 4.658 | lr 2.43e-06
  batch 14400/24569 | ce 3.8192 | cov 0.5044 | λ_cov=0.5 | grad 2.677 | lr 2.42e-06
  batch 14500/24569 | ce 3.8828 | cov 0.5086 | λ_cov=0.5 | grad 2.641 | lr 2.41e-06
  batch 14600/24569 | ce 3.9120 | cov 0.5008 | λ_cov=0.5 | grad 3.167 | lr 2.40e-06
  batch 14700/24569 | ce 3.8173 | cov 0.5187 | λ_cov=0.5 | grad 2.458 | lr 2.39e-06
  batch 14800/24569 | ce 3.7698 | cov 0.5266 | λ_cov=0.5 | grad 2.468 | lr 2.39e-06
  batch 14900/24569 | ce 3.8173 | cov 0.4940 | λ_cov=0.5 | grad 2.667 | lr 2.38e-06
  batch 15000/24569 | ce 3.9296 | cov 0.5294 | λ_cov=0.5 | grad 2.498 | lr 2.37e-06
  batch 15100/24569 | ce 3.8620 | cov 0.5035 | λ_cov=0.5 | grad 2.449 | lr 2.36e-06
  batch 15200/24569 | ce 3.7132 | cov 0.5125 | λ_cov=0.5 | grad 2.710 | lr 2.35e-06
  batch 15300/24569 | ce 3.8620 | cov 0.4993 | λ_cov=0.5 | grad 2.695 | lr 2.35e-06
  batch 15400/24569 | ce 3.7166 | cov 0.5123 | λ_cov=0.5 | grad 4.116 | lr 2.34e-06
  batch 15500/24569 | ce 4.2424 | cov 0.5120 | λ_cov=0.5 | grad 2.858 | lr 2.33e-06
  batch 15600/24569 | ce 4.2478 | cov 0.5463 | λ_cov=0.5 | grad 2.880 | lr 2.32e-06
  batch 15700/24569 | ce 3.8249 | cov 0.4958 | λ_cov=0.5 | grad 2.625 | lr 2.31e-06
  batch 15800/24569 | ce 3.8538 | cov 0.5230 | λ_cov=0.5 | grad 2.504 | lr 2.31e-06
  batch 15900/24569 | ce 3.9980 | cov 0.4951 | λ_cov=0.5 | grad 2.613 | lr 2.30e-06
  batch 16000/24569 | ce 3.8101 | cov 0.5019 | λ_cov=0.5 | grad 2.860 | lr 2.29e-06
  batch 16100/24569 | ce 3.8251 | cov 0.5057 | λ_cov=0.5 | grad 2.538 | lr 2.28e-06
  batch 16200/24569 | ce 4.1525 | cov 0.5239 | λ_cov=0.5 | grad 2.548 | lr 2.28e-06
  batch 16300/24569 | ce 3.5279 | cov 0.5197 | λ_cov=0.5 | grad 2.561 | lr 2.27e-06
  batch 16400/24569 | ce 3.5234 | cov 0.5154 | λ_cov=0.5 | grad 2.218 | lr 2.26e-06
  batch 16500/24569 | ce 3.9385 | cov 0.5227 | λ_cov=0.5 | grad 2.637 | lr 2.25e-06
  batch 16600/24569 | ce 3.8796 | cov 0.5211 | λ_cov=0.5 | grad 2.475 | lr 2.25e-06
  batch 16700/24569 | ce 3.6075 | cov 0.5145 | λ_cov=0.5 | grad 2.498 | lr 2.24e-06
  batch 16800/24569 | ce 3.7458 | cov 0.5231 | λ_cov=0.5 | grad 2.697 | lr 2.23e-06
  batch 16900/24569 | ce 3.8831 | cov 0.5264 | λ_cov=0.5 | grad 3.008 | lr 2.22e-06
  batch 17000/24569 | ce 3.8931 | cov 0.5161 | λ_cov=0.5 | grad 2.750 | lr 2.22e-06
  batch 17100/24569 | ce 3.9878 | cov 0.5249 | λ_cov=0.5 | grad 2.624 | lr 2.21e-06
  batch 17200/24569 | ce 3.8499 | cov 0.5030 | λ_cov=0.5 | grad 2.657 | lr 2.20e-06
  batch 17300/24569 | ce 3.9122 | cov 0.5201 | λ_cov=0.5 | grad 2.679 | lr 2.19e-06
  batch 17400/24569 | ce 3.9677 | cov 0.5157 | λ_cov=0.5 | grad 2.983 | lr 2.19e-06
  batch 17500/24569 | ce 3.9296 | cov 0.5096 | λ_cov=0.5 | grad 2.644 | lr 2.18e-06
  batch 17600/24569 | ce 3.7498 | cov 0.5009 | λ_cov=0.5 | grad 2.843 | lr 2.17e-06
  batch 17700/24569 | ce 3.9839 | cov 0.5390 | λ_cov=0.5 | grad 3.618 | lr 2.16e-06
  batch 17800/24569 | ce 3.7032 | cov 0.4972 | λ_cov=0.5 | grad 2.968 | lr 2.16e-06
  batch 17900/24569 | ce 3.8268 | cov 0.5217 | λ_cov=0.5 | grad 3.049 | lr 2.15e-06
  batch 18000/24569 | ce 3.8391 | cov 0.5032 | λ_cov=0.5 | grad 2.343 | lr 2.14e-06
  batch 18100/24569 | ce 3.7732 | cov 0.4922 | λ_cov=0.5 | grad 2.610 | lr 2.13e-06
  batch 18200/24569 | ce 3.5332 | cov 0.5038 | λ_cov=0.5 | grad 2.531 | lr 2.13e-06
  batch 18300/24569 | ce 3.8281 | cov 0.5123 | λ_cov=0.5 | grad 2.548 | lr 2.12e-06
  batch 18400/24569 | ce 3.7296 | cov 0.5251 | λ_cov=0.5 | grad 2.398 | lr 2.11e-06
  batch 18500/24569 | ce 3.9498 | cov 0.5310 | λ_cov=0.5 | grad 2.571 | lr 2.11e-06
  batch 18600/24569 | ce 3.5678 | cov 0.5090 | λ_cov=0.5 | grad 2.405 | lr 2.10e-06
  batch 18700/24569 | ce 3.7992 | cov 0.5210 | λ_cov=0.5 | grad 2.676 | lr 2.09e-06
  batch 18800/24569 | ce 4.0317 | cov 0.5135 | λ_cov=0.5 | grad 2.497 | lr 2.08e-06
  batch 18900/24569 | ce 4.0441 | cov 0.5233 | λ_cov=0.5 | grad 2.769 | lr 2.08e-06
  batch 19000/24569 | ce 3.5860 | cov 0.5094 | λ_cov=0.5 | grad 2.561 | lr 2.07e-06
  batch 19100/24569 | ce 3.8460 | cov 0.5286 | λ_cov=0.5 | grad 2.630 | lr 2.06e-06
  batch 19200/24569 | ce 3.6255 | cov 0.5073 | λ_cov=0.5 | grad 2.531 | lr 2.06e-06
  batch 19300/24569 | ce 4.0141 | cov 0.5175 | λ_cov=0.5 | grad 2.567 | lr 2.05e-06
  batch 19400/24569 | ce 3.8313 | cov 0.5114 | λ_cov=0.5 | grad 2.504 | lr 2.04e-06
  batch 19500/24569 | ce 3.7103 | cov 0.5270 | λ_cov=0.5 | grad 2.371 | lr 2.03e-06
  batch 19600/24569 | ce 4.0289 | cov 0.5437 | λ_cov=0.5 | grad 2.559 | lr 2.03e-06
  batch 19700/24569 | ce 4.0581 | cov 0.5134 | λ_cov=0.5 | grad 3.497 | lr 2.02e-06
  batch 19800/24569 | ce 3.7024 | cov 0.5089 | λ_cov=0.5 | grad 3.154 | lr 2.01e-06
  batch 19900/24569 | ce 3.5874 | cov 0.4864 | λ_cov=0.5 | grad 2.594 | lr 2.01e-06
  batch 20000/24569 | ce 3.8372 | cov 0.5278 | λ_cov=0.5 | grad 2.602 | lr 2.00e-06
  batch 20100/24569 | ce 3.5333 | cov 0.4990 | λ_cov=0.5 | grad 3.009 | lr 1.99e-06
  batch 20200/24569 | ce 3.8368 | cov 0.5028 | λ_cov=0.5 | grad 2.514 | lr 1.99e-06
  batch 20300/24569 | ce 3.9522 | cov 0.5221 | λ_cov=0.5 | grad 2.912 | lr 1.98e-06
  batch 20400/24569 | ce 3.8905 | cov 0.5346 | λ_cov=0.5 | grad 2.742 | lr 1.97e-06
  batch 20500/24569 | ce 3.7682 | cov 0.5179 | λ_cov=0.5 | grad 2.811 | lr 1.97e-06
  batch 20600/24569 | ce 4.0278 | cov 0.5524 | λ_cov=0.5 | grad 2.635 | lr 1.96e-06
  batch 20700/24569 | ce 3.5275 | cov 0.5030 | λ_cov=0.5 | grad 2.628 | lr 1.95e-06
  batch 20800/24569 | ce 4.0848 | cov 0.5269 | λ_cov=0.5 | grad 2.894 | lr 1.95e-06
  batch 20900/24569 | ce 3.6743 | cov 0.5194 | λ_cov=0.5 | grad 2.588 | lr 1.94e-06
  batch 21000/24569 | ce 4.0204 | cov 0.5359 | λ_cov=0.5 | grad 3.125 | lr 1.93e-06
  batch 21100/24569 | ce 3.9417 | cov 0.5325 | λ_cov=0.5 | grad 2.592 | lr 1.93e-06
  batch 21200/24569 | ce 3.7344 | cov 0.5058 | λ_cov=0.5 | grad 2.580 | lr 1.92e-06
  batch 21300/24569 | ce 4.0245 | cov 0.5260 | λ_cov=0.5 | grad 2.797 | lr 1.91e-06
  batch 21400/24569 | ce 3.7898 | cov 0.5151 | λ_cov=0.5 | grad 3.134 | lr 1.91e-06
  batch 21500/24569 | ce 3.9188 | cov 0.5248 | λ_cov=0.5 | grad 2.470 | lr 1.90e-06
  batch 21600/24569 | ce 3.7713 | cov 0.4968 | λ_cov=0.5 | grad 2.474 | lr 1.89e-06
  batch 21700/24569 | ce 4.0909 | cov 0.5229 | λ_cov=0.5 | grad 2.610 | lr 1.89e-06
  batch 21800/24569 | ce 3.7050 | cov 0.4989 | λ_cov=0.5 | grad 2.437 | lr 1.88e-06
  batch 21900/24569 | ce 3.7875 | cov 0.5190 | λ_cov=0.5 | grad 2.933 | lr 1.88e-06
  batch 22000/24569 | ce 3.9835 | cov 0.5115 | λ_cov=0.5 | grad 2.711 | lr 1.87e-06
  batch 22100/24569 | ce 3.9149 | cov 0.5004 | λ_cov=0.5 | grad 2.544 | lr 1.86e-06
  batch 22200/24569 | ce 3.7370 | cov 0.5205 | λ_cov=0.5 | grad 2.481 | lr 1.86e-06
  batch 22300/24569 | ce 4.2030 | cov 0.5289 | λ_cov=0.5 | grad 2.545 | lr 1.85e-06
  batch 22400/24569 | ce 3.8542 | cov 0.5050 | λ_cov=0.5 | grad 2.525 | lr 1.84e-06
  batch 22500/24569 | ce 4.0846 | cov 0.5125 | λ_cov=0.5 | grad 2.489 | lr 1.84e-06
  batch 22600/24569 | ce 3.8043 | cov 0.5388 | λ_cov=0.5 | grad 2.801 | lr 1.83e-06
  batch 22700/24569 | ce 3.7135 | cov 0.5084 | λ_cov=0.5 | grad 2.378 | lr 1.82e-06
  batch 22800/24569 | ce 3.7506 | cov 0.5217 | λ_cov=0.5 | grad 2.434 | lr 1.82e-06
  batch 22900/24569 | ce 4.0798 | cov 0.5348 | λ_cov=0.5 | grad 2.755 | lr 1.81e-06
  batch 23000/24569 | ce 3.8148 | cov 0.5084 | λ_cov=0.5 | grad 2.836 | lr 1.81e-06
  batch 23100/24569 | ce 3.8476 | cov 0.5117 | λ_cov=0.5 | grad 3.132 | lr 1.80e-06
  batch 23200/24569 | ce 3.7470 | cov 0.5051 | λ_cov=0.5 | grad 2.771 | lr 1.79e-06
  batch 23300/24569 | ce 3.8992 | cov 0.5211 | λ_cov=0.5 | grad 2.511 | lr 1.79e-06
  batch 23400/24569 | ce 3.8571 | cov 0.5147 | λ_cov=0.5 | grad 2.575 | lr 1.78e-06
  batch 23500/24569 | ce 4.1045 | cov 0.5159 | λ_cov=0.5 | grad 2.594 | lr 1.78e-06
  batch 23600/24569 | ce 3.7428 | cov 0.5166 | λ_cov=0.5 | grad 2.638 | lr 1.77e-06
  batch 23700/24569 | ce 3.8740 | cov 0.5193 | λ_cov=0.5 | grad 3.234 | lr 1.76e-06
  batch 23800/24569 | ce 3.8369 | cov 0.5142 | λ_cov=0.5 | grad 3.338 | lr 1.76e-06
  batch 23900/24569 | ce 3.6937 | cov 0.5092 | λ_cov=0.5 | grad 4.039 | lr 1.75e-06
  batch 24000/24569 | ce 3.8139 | cov 0.4980 | λ_cov=0.5 | grad 2.452 | lr 1.75e-06
  batch 24100/24569 | ce 4.0434 | cov 0.5340 | λ_cov=0.5 | grad 2.936 | lr 1.74e-06
  batch 24200/24569 | ce 3.8006 | cov 0.5010 | λ_cov=0.5 | grad 2.341 | lr 1.73e-06
  batch 24300/24569 | ce 3.6007 | cov 0.5134 | λ_cov=0.5 | grad 2.769 | lr 1.73e-06
  batch 24400/24569 | ce 3.9965 | cov 0.5261 | λ_cov=0.5 | grad 2.686 | lr 1.72e-06
  batch 24500/24569 | ce 3.9742 | cov 0.5168 | λ_cov=0.5 | grad 3.597 | lr 1.72e-06

Epoch 14/15 | time: 62.0min | unfreeze stage 3 | trainable 32,413,184
  train ce loss: 3.8575
  coverage loss: 0.5186  (λ=0.5)
    legal_chunk  : 4.1139
    second_pass  : 2.2343
    arxiv_anchor : 5.3822
    cnn_anchor   : 5.8530
  val loss     : 3.6964
  perplexity   : 40.30
  lr           : 1.71e-06
  sample       : On May 21, 2015, the plaintiffs filed a class action lawsuit in the U.S. District Court for the Middle District of Alabama against the City of Alabama. The plaintiffs, represented by private counsel, 
  reference    : On March 8th, 2014, several citizens of Montgomery, Alabama, who had been imprisoned for failing to pay traffic fines, filed a lawsuit in the U.S. District Court for the Middle District of Alabama, un
  >> new best val loss — saved stage3_best.pt
  >> BELOW Stage 2 val loss (4.3827)
  batch   100/24569 | ce 3.7503 | cov 0.5056 | λ_cov=0.5 | grad 2.349 | lr 1.71e-06
  batch   200/24569 | ce 3.8091 | cov 0.5065 | λ_cov=0.5 | grad 2.622 | lr 1.70e-06
  batch   300/24569 | ce 3.6481 | cov 0.5240 | λ_cov=0.5 | grad 2.862 | lr 1.70e-06
  batch   400/24569 | ce 4.2345 | cov 0.5449 | λ_cov=0.5 | grad 2.788 | lr 1.69e-06
  batch   500/24569 | ce 3.8401 | cov 0.5448 | λ_cov=0.5 | grad 2.948 | lr 1.68e-06
  batch   600/24569 | ce 3.6352 | cov 0.5101 | λ_cov=0.5 | grad 2.478 | lr 1.68e-06
  batch   700/24569 | ce 4.0524 | cov 0.5150 | λ_cov=0.5 | grad 2.868 | lr 1.67e-06
  batch   800/24569 | ce 3.8810 | cov 0.5151 | λ_cov=0.5 | grad 4.322 | lr 1.67e-06
  batch   900/24569 | ce 3.8440 | cov 0.5044 | λ_cov=0.5 | grad 3.549 | lr 1.66e-06
  batch  1000/24569 | ce 3.6635 | cov 0.5104 | λ_cov=0.5 | grad 2.621 | lr 1.66e-06
  batch  1100/24569 | ce 3.7438 | cov 0.5192 | λ_cov=0.5 | grad 2.686 | lr 1.65e-06
  batch  1200/24569 | ce 3.9418 | cov 0.5226 | λ_cov=0.5 | grad 2.625 | lr 1.65e-06
  batch  1300/24569 | ce 3.9532 | cov 0.5286 | λ_cov=0.5 | grad 3.070 | lr 1.64e-06
  batch  1400/24569 | ce 3.7501 | cov 0.5322 | λ_cov=0.5 | grad 2.769 | lr 1.63e-06
  batch  1500/24569 | ce 3.9576 | cov 0.5076 | λ_cov=0.5 | grad 2.549 | lr 1.63e-06
  batch  1600/24569 | ce 3.8603 | cov 0.5042 | λ_cov=0.5 | grad 2.841 | lr 1.62e-06
  batch  1700/24569 | ce 3.6719 | cov 0.5202 | λ_cov=0.5 | grad 2.607 | lr 1.62e-06
  batch  1800/24569 | ce 3.9077 | cov 0.5047 | λ_cov=0.5 | grad 3.408 | lr 1.61e-06
  batch  1900/24569 | ce 3.9566 | cov 0.5125 | λ_cov=0.5 | grad 2.797 | lr 1.61e-06
  batch  2000/24569 | ce 3.8731 | cov 0.5190 | λ_cov=0.5 | grad 4.694 | lr 1.60e-06
  batch  2100/24569 | ce 3.8151 | cov 0.5075 | λ_cov=0.5 | grad 2.303 | lr 1.60e-06
  batch  2200/24569 | ce 3.7475 | cov 0.5065 | λ_cov=0.5 | grad 2.354 | lr 1.59e-06
  batch  2300/24569 | ce 4.0991 | cov 0.5462 | λ_cov=0.5 | grad 2.525 | lr 1.59e-06
  batch  2400/24569 | ce 3.6688 | cov 0.5170 | λ_cov=0.5 | grad 2.360 | lr 1.58e-06
  batch  2500/24569 | ce 3.9679 | cov 0.5366 | λ_cov=0.5 | grad 2.479 | lr 1.58e-06
  batch  2600/24569 | ce 3.7529 | cov 0.5056 | λ_cov=0.5 | grad 2.749 | lr 1.57e-06
  batch  2700/24569 | ce 3.9870 | cov 0.5044 | λ_cov=0.5 | grad 3.124 | lr 1.57e-06
  batch  2800/24569 | ce 3.8853 | cov 0.5083 | λ_cov=0.5 | grad 2.547 | lr 1.56e-06
  batch  2900/24569 | ce 3.8560 | cov 0.5470 | λ_cov=0.5 | grad 3.340 | lr 1.56e-06
  batch  3000/24569 | ce 3.7820 | cov 0.5061 | λ_cov=0.5 | grad 2.773 | lr 1.55e-06
  batch  3100/24569 | ce 3.8564 | cov 0.5218 | λ_cov=0.5 | grad 2.772 | lr 1.54e-06
  batch  3200/24569 | ce 3.8691 | cov 0.5150 | λ_cov=0.5 | grad 2.694 | lr 1.54e-06
  batch  3300/24569 | ce 3.8872 | cov 0.4925 | λ_cov=0.5 | grad 2.499 | lr 1.53e-06
  batch  3400/24569 | ce 4.0617 | cov 0.5129 | λ_cov=0.5 | grad 2.953 | lr 1.53e-06
  batch  3500/24569 | ce 4.0214 | cov 0.5260 | λ_cov=0.5 | grad 2.577 | lr 1.52e-06
  batch  3600/24569 | ce 3.8606 | cov 0.5184 | λ_cov=0.5 | grad 2.347 | lr 1.52e-06
  batch  3700/24569 | ce 3.5112 | cov 0.5080 | λ_cov=0.5 | grad 2.306 | lr 1.51e-06
  batch  3800/24569 | ce 3.7593 | cov 0.5335 | λ_cov=0.5 | grad 2.563 | lr 1.51e-06
  batch  3900/24569 | ce 3.7215 | cov 0.5286 | λ_cov=0.5 | grad 2.884 | lr 1.51e-06
  batch  4000/24569 | ce 3.7022 | cov 0.5013 | λ_cov=0.5 | grad 2.714 | lr 1.50e-06
  batch  4100/24569 | ce 3.7689 | cov 0.5267 | λ_cov=0.5 | grad 2.431 | lr 1.50e-06
  batch  4200/24569 | ce 4.0383 | cov 0.5359 | λ_cov=0.5 | grad 2.674 | lr 1.49e-06
  batch  4300/24569 | ce 3.9087 | cov 0.5174 | λ_cov=0.5 | grad 2.389 | lr 1.49e-06
  batch  4400/24569 | ce 3.6367 | cov 0.5158 | λ_cov=0.5 | grad 2.429 | lr 1.48e-06
  batch  4500/24569 | ce 3.8532 | cov 0.5067 | λ_cov=0.5 | grad 2.474 | lr 1.48e-06
  batch  4600/24569 | ce 4.0400 | cov 0.5151 | λ_cov=0.5 | grad 2.694 | lr 1.47e-06
  batch  4700/24569 | ce 3.8579 | cov 0.5213 | λ_cov=0.5 | grad 2.435 | lr 1.47e-06
  batch  4800/24569 | ce 3.7171 | cov 0.5079 | λ_cov=0.5 | grad 2.314 | lr 1.46e-06
  batch  4900/24569 | ce 3.9954 | cov 0.5454 | λ_cov=0.5 | grad 6.144 | lr 1.46e-06
  batch  5000/24569 | ce 4.1518 | cov 0.5278 | λ_cov=0.5 | grad 2.715 | lr 1.45e-06
  batch  5100/24569 | ce 3.9380 | cov 0.5333 | λ_cov=0.5 | grad 2.540 | lr 1.45e-06
  batch  5200/24569 | ce 3.9334 | cov 0.5337 | λ_cov=0.5 | grad 2.832 | lr 1.44e-06
  batch  5300/24569 | ce 3.5637 | cov 0.4966 | λ_cov=0.5 | grad 3.017 | lr 1.44e-06
  batch  5400/24569 | ce 4.0209 | cov 0.5317 | λ_cov=0.5 | grad 2.866 | lr 1.43e-06
  batch  5500/24569 | ce 3.7232 | cov 0.5041 | λ_cov=0.5 | grad 2.945 | lr 1.43e-06
  batch  5600/24569 | ce 4.0173 | cov 0.5368 | λ_cov=0.5 | grad 2.618 | lr 1.43e-06
  batch  5700/24569 | ce 3.9262 | cov 0.5099 | λ_cov=0.5 | grad 2.866 | lr 1.42e-06
  batch  5800/24569 | ce 3.7659 | cov 0.5152 | λ_cov=0.5 | grad 2.502 | lr 1.42e-06
  batch  5900/24569 | ce 3.9275 | cov 0.5451 | λ_cov=0.5 | grad 2.618 | lr 1.41e-06
  batch  6000/24569 | ce 3.9469 | cov 0.5301 | λ_cov=0.5 | grad 2.463 | lr 1.41e-06
  batch  6100/24569 | ce 3.9555 | cov 0.5089 | λ_cov=0.5 | grad 2.916 | lr 1.40e-06
  batch  6200/24569 | ce 3.7350 | cov 0.5206 | λ_cov=0.5 | grad 3.683 | lr 1.40e-06
  batch  6300/24569 | ce 4.0388 | cov 0.5285 | λ_cov=0.5 | grad 2.568 | lr 1.39e-06
  batch  6400/24569 | ce 4.2408 | cov 0.5345 | λ_cov=0.5 | grad 2.459 | lr 1.39e-06
  batch  6500/24569 | ce 3.9324 | cov 0.5109 | λ_cov=0.5 | grad 2.731 | lr 1.39e-06
  batch  6600/24569 | ce 3.9819 | cov 0.5256 | λ_cov=0.5 | grad 2.561 | lr 1.38e-06
  batch  6700/24569 | ce 3.9757 | cov 0.5169 | λ_cov=0.5 | grad 2.714 | lr 1.38e-06
  batch  6800/24569 | ce 3.5777 | cov 0.5201 | λ_cov=0.5 | grad 2.525 | lr 1.37e-06
  batch  6900/24569 | ce 3.8689 | cov 0.5246 | λ_cov=0.5 | grad 2.667 | lr 1.37e-06
  batch  7000/24569 | ce 3.7481 | cov 0.5261 | λ_cov=0.5 | grad 2.340 | lr 1.37e-06
  batch  7100/24569 | ce 3.7518 | cov 0.5237 | λ_cov=0.5 | grad 2.757 | lr 1.36e-06
  batch  7200/24569 | ce 4.0044 | cov 0.5206 | λ_cov=0.5 | grad 2.595 | lr 1.36e-06
  batch  7300/24569 | ce 3.6925 | cov 0.5123 | λ_cov=0.5 | grad 2.447 | lr 1.35e-06
  batch  7400/24569 | ce 4.0248 | cov 0.5109 | λ_cov=0.5 | grad 2.566 | lr 1.35e-06
  batch  7500/24569 | ce 3.8433 | cov 0.5060 | λ_cov=0.5 | grad 3.357 | lr 1.34e-06
  batch  7600/24569 | ce 3.8614 | cov 0.5118 | λ_cov=0.5 | grad 2.405 | lr 1.34e-06
  batch  7700/24569 | ce 3.8484 | cov 0.5003 | λ_cov=0.5 | grad 2.553 | lr 1.34e-06
  batch  7800/24569 | ce 3.9999 | cov 0.5283 | λ_cov=0.5 | grad 2.557 | lr 1.33e-06
  batch  7900/24569 | ce 4.1071 | cov 0.5156 | λ_cov=0.5 | grad 3.090 | lr 1.33e-06
  batch  8000/24569 | ce 3.8176 | cov 0.5236 | λ_cov=0.5 | grad 2.371 | lr 1.33e-06
  batch  8100/24569 | ce 4.0502 | cov 0.5439 | λ_cov=0.5 | grad 2.661 | lr 1.32e-06
  batch  8200/24569 | ce 3.5329 | cov 0.5285 | λ_cov=0.5 | grad 2.282 | lr 1.32e-06
  batch  8300/24569 | ce 3.9368 | cov 0.5024 | λ_cov=0.5 | grad 2.698 | lr 1.31e-06
  batch  8400/24569 | ce 3.5819 | cov 0.5129 | λ_cov=0.5 | grad 2.291 | lr 1.31e-06
  batch  8500/24569 | ce 3.8537 | cov 0.5105 | λ_cov=0.5 | grad 4.970 | lr 1.31e-06
  batch  8600/24569 | ce 4.1652 | cov 0.5662 | λ_cov=0.5 | grad 2.457 | lr 1.30e-06
  batch  8700/24569 | ce 3.9571 | cov 0.5261 | λ_cov=0.5 | grad 2.576 | lr 1.30e-06
  batch  8800/24569 | ce 3.7956 | cov 0.5246 | λ_cov=0.5 | grad 2.345 | lr 1.29e-06
  batch  8900/24569 | ce 3.9426 | cov 0.5104 | λ_cov=0.5 | grad 2.448 | lr 1.29e-06
  batch  9000/24569 | ce 3.8780 | cov 0.5195 | λ_cov=0.5 | grad 2.565 | lr 1.29e-06
  batch  9100/24569 | ce 3.9014 | cov 0.5239 | λ_cov=0.5 | grad 2.488 | lr 1.28e-06
  batch  9200/24569 | ce 3.7824 | cov 0.5102 | λ_cov=0.5 | grad 2.387 | lr 1.28e-06
  batch  9300/24569 | ce 4.0639 | cov 0.5209 | λ_cov=0.5 | grad 2.965 | lr 1.28e-06
  batch  9400/24569 | ce 4.0155 | cov 0.5196 | λ_cov=0.5 | grad 2.504 | lr 1.27e-06
  batch  9500/24569 | ce 3.7589 | cov 0.5096 | λ_cov=0.5 | grad 2.496 | lr 1.27e-06
  batch  9600/24569 | ce 4.0256 | cov 0.5144 | λ_cov=0.5 | grad 2.430 | lr 1.27e-06
  batch  9700/24569 | ce 4.0458 | cov 0.5218 | λ_cov=0.5 | grad 2.573 | lr 1.26e-06
  batch  9800/24569 | ce 3.8547 | cov 0.5117 | λ_cov=0.5 | grad 2.623 | lr 1.26e-06
  batch  9900/24569 | ce 3.6649 | cov 0.5141 | λ_cov=0.5 | grad 2.334 | lr 1.25e-06
  batch 10000/24569 | ce 3.9915 | cov 0.5071 | λ_cov=0.5 | grad 2.396 | lr 1.25e-06
  batch 10100/24569 | ce 4.0566 | cov 0.5252 | λ_cov=0.5 | grad 2.525 | lr 1.25e-06
  batch 10200/24569 | ce 3.9064 | cov 0.5066 | λ_cov=0.5 | grad 2.622 | lr 1.24e-06
  batch 10300/24569 | ce 3.9390 | cov 0.5256 | λ_cov=0.5 | grad 2.662 | lr 1.24e-06
  batch 10400/24569 | ce 3.8590 | cov 0.5181 | λ_cov=0.5 | grad 2.678 | lr 1.24e-06
  batch 10500/24569 | ce 3.9760 | cov 0.5068 | λ_cov=0.5 | grad 2.434 | lr 1.23e-06
  batch 10600/24569 | ce 3.8970 | cov 0.5032 | λ_cov=0.5 | grad 2.326 | lr 1.23e-06
  batch 10700/24569 | ce 3.6080 | cov 0.5064 | λ_cov=0.5 | grad 2.741 | lr 1.23e-06
  batch 10800/24569 | ce 3.9131 | cov 0.5188 | λ_cov=0.5 | grad 3.328 | lr 1.22e-06
  batch 10900/24569 | ce 3.6666 | cov 0.5145 | λ_cov=0.5 | grad 2.471 | lr 1.22e-06
  batch 11000/24569 | ce 4.0973 | cov 0.5232 | λ_cov=0.5 | grad 2.649 | lr 1.22e-06
  batch 11100/24569 | ce 3.8753 | cov 0.5172 | λ_cov=0.5 | grad 2.533 | lr 1.21e-06
  batch 11200/24569 | ce 3.6673 | cov 0.5118 | λ_cov=0.5 | grad 3.453 | lr 1.21e-06
  batch 11300/24569 | ce 3.7751 | cov 0.4927 | λ_cov=0.5 | grad 2.712 | lr 1.21e-06
  batch 11400/24569 | ce 3.8389 | cov 0.5242 | λ_cov=0.5 | grad 2.668 | lr 1.21e-06
  batch 11500/24569 | ce 3.9092 | cov 0.4932 | λ_cov=0.5 | grad 2.478 | lr 1.20e-06
  batch 11600/24569 | ce 3.5995 | cov 0.5021 | λ_cov=0.5 | grad 2.614 | lr 1.20e-06
  batch 11700/24569 | ce 3.8131 | cov 0.5031 | λ_cov=0.5 | grad 2.550 | lr 1.20e-06
  batch 11800/24569 | ce 4.0167 | cov 0.5226 | λ_cov=0.5 | grad 2.877 | lr 1.19e-06
  batch 11900/24569 | ce 4.0807 | cov 0.5137 | λ_cov=0.5 | grad 2.562 | lr 1.19e-06
  batch 12000/24569 | ce 3.8055 | cov 0.5289 | λ_cov=0.5 | grad 2.738 | lr 1.19e-06
  batch 12100/24569 | ce 3.7789 | cov 0.5368 | λ_cov=0.5 | grad 3.101 | lr 1.18e-06
  batch 12200/24569 | ce 3.8208 | cov 0.5352 | λ_cov=0.5 | grad 2.422 | lr 1.18e-06
  batch 12300/24569 | ce 3.8641 | cov 0.5387 | λ_cov=0.5 | grad 2.423 | lr 1.18e-06
  batch 12400/24569 | ce 4.0502 | cov 0.5116 | λ_cov=0.5 | grad 2.871 | lr 1.18e-06
  batch 12500/24569 | ce 4.1113 | cov 0.5210 | λ_cov=0.5 | grad 2.678 | lr 1.17e-06
  batch 12600/24569 | ce 3.8325 | cov 0.5125 | λ_cov=0.5 | grad 2.506 | lr 1.17e-06
  batch 12700/24569 | ce 3.7538 | cov 0.5253 | λ_cov=0.5 | grad 2.792 | lr 1.17e-06
  batch 12800/24569 | ce 3.8168 | cov 0.5163 | λ_cov=0.5 | grad 2.432 | lr 1.16e-06
  batch 12900/24569 | ce 4.0037 | cov 0.4997 | λ_cov=0.5 | grad 2.967 | lr 1.16e-06
  batch 13000/24569 | ce 3.8656 | cov 0.5141 | λ_cov=0.5 | grad 2.720 | lr 1.16e-06
  batch 13100/24569 | ce 3.7464 | cov 0.5233 | λ_cov=0.5 | grad 2.449 | lr 1.16e-06
  batch 13200/24569 | ce 3.8294 | cov 0.5235 | λ_cov=0.5 | grad 4.865 | lr 1.15e-06
  batch 13300/24569 | ce 3.8671 | cov 0.5181 | λ_cov=0.5 | grad 2.510 | lr 1.15e-06
  batch 13400/24569 | ce 3.7768 | cov 0.5026 | λ_cov=0.5 | grad 2.544 | lr 1.15e-06
  batch 13500/24569 | ce 3.7809 | cov 0.5142 | λ_cov=0.5 | grad 3.994 | lr 1.15e-06
  batch 13600/24569 | ce 3.6868 | cov 0.5153 | λ_cov=0.5 | grad 2.912 | lr 1.14e-06
  batch 13700/24569 | ce 3.5119 | cov 0.5049 | λ_cov=0.5 | grad 3.085 | lr 1.14e-06
  batch 13800/24569 | ce 3.7347 | cov 0.5200 | λ_cov=0.5 | grad 2.756 | lr 1.14e-06
  batch 13900/24569 | ce 3.7394 | cov 0.4935 | λ_cov=0.5 | grad 2.678 | lr 1.13e-06
  batch 14000/24569 | ce 3.8045 | cov 0.5169 | λ_cov=0.5 | grad 2.630 | lr 1.13e-06
  batch 14100/24569 | ce 4.0150 | cov 0.5076 | λ_cov=0.5 | grad 2.755 | lr 1.13e-06
  batch 14200/24569 | ce 3.7136 | cov 0.5181 | λ_cov=0.5 | grad 2.777 | lr 1.13e-06
  batch 14300/24569 | ce 3.8287 | cov 0.5047 | λ_cov=0.5 | grad 2.745 | lr 1.13e-06
  batch 14400/24569 | ce 3.5908 | cov 0.5011 | λ_cov=0.5 | grad 2.346 | lr 1.12e-06
  batch 14500/24569 | ce 3.9489 | cov 0.5076 | λ_cov=0.5 | grad 2.428 | lr 1.12e-06
  batch 14600/24569 | ce 3.9444 | cov 0.5190 | λ_cov=0.5 | grad 2.658 | lr 1.12e-06
  batch 14700/24569 | ce 3.4673 | cov 0.5015 | λ_cov=0.5 | grad 2.656 | lr 1.12e-06
  batch 14800/24569 | ce 3.7800 | cov 0.5099 | λ_cov=0.5 | grad 2.892 | lr 1.11e-06
  batch 14900/24569 | ce 3.5132 | cov 0.4974 | λ_cov=0.5 | grad 2.540 | lr 1.11e-06
  batch 15000/24569 | ce 4.1837 | cov 0.5134 | λ_cov=0.5 | grad 2.697 | lr 1.11e-06
  batch 15100/24569 | ce 3.9908 | cov 0.5149 | λ_cov=0.5 | grad 2.685 | lr 1.11e-06
  batch 15200/24569 | ce 3.9888 | cov 0.4998 | λ_cov=0.5 | grad 2.379 | lr 1.10e-06
  batch 15300/24569 | ce 4.0393 | cov 0.5165 | λ_cov=0.5 | grad 2.825 | lr 1.10e-06
  batch 15400/24569 | ce 3.9079 | cov 0.5297 | λ_cov=0.5 | grad 2.769 | lr 1.10e-06
  batch 15500/24569 | ce 3.9419 | cov 0.5105 | λ_cov=0.5 | grad 2.910 | lr 1.10e-06
  batch 15600/24569 | ce 3.8883 | cov 0.5101 | λ_cov=0.5 | grad 2.502 | lr 1.10e-06
  batch 15700/24569 | ce 3.8639 | cov 0.5224 | λ_cov=0.5 | grad 3.133 | lr 1.09e-06
  batch 15800/24569 | ce 3.8719 | cov 0.5088 | λ_cov=0.5 | grad 2.601 | lr 1.09e-06
  batch 15900/24569 | ce 3.9413 | cov 0.5153 | λ_cov=0.5 | grad 2.354 | lr 1.09e-06
  batch 16000/24569 | ce 4.1085 | cov 0.5224 | λ_cov=0.5 | grad 2.759 | lr 1.09e-06
  batch 16100/24569 | ce 3.6458 | cov 0.5040 | λ_cov=0.5 | grad 3.060 | lr 1.09e-06
  batch 16200/24569 | ce 3.9901 | cov 0.5018 | λ_cov=0.5 | grad 2.604 | lr 1.08e-06
  batch 16300/24569 | ce 3.9130 | cov 0.5233 | λ_cov=0.5 | grad 3.231 | lr 1.08e-06
  batch 16400/24569 | ce 3.6901 | cov 0.5194 | λ_cov=0.5 | grad 2.268 | lr 1.08e-06
  batch 16500/24569 | ce 3.7480 | cov 0.4950 | λ_cov=0.5 | grad 2.776 | lr 1.08e-06
  batch 16600/24569 | ce 3.9894 | cov 0.5128 | λ_cov=0.5 | grad 3.314 | lr 1.08e-06
  batch 16700/24569 | ce 3.9666 | cov 0.5103 | λ_cov=0.5 | grad 2.505 | lr 1.07e-06
  batch 16800/24569 | ce 3.8130 | cov 0.5303 | λ_cov=0.5 | grad 3.299 | lr 1.07e-06
  batch 16900/24569 | ce 4.0145 | cov 0.5143 | λ_cov=0.5 | grad 2.727 | lr 1.07e-06
  batch 17000/24569 | ce 3.8574 | cov 0.5256 | λ_cov=0.5 | grad 2.660 | lr 1.07e-06
  batch 17100/24569 | ce 3.8598 | cov 0.5069 | λ_cov=0.5 | grad 2.511 | lr 1.07e-06
  batch 17200/24569 | ce 3.9864 | cov 0.5177 | λ_cov=0.5 | grad 2.573 | lr 1.06e-06
  batch 17300/24569 | ce 3.9254 | cov 0.5397 | λ_cov=0.5 | grad 2.985 | lr 1.06e-06
  batch 17400/24569 | ce 3.6189 | cov 0.5260 | λ_cov=0.5 | grad 2.280 | lr 1.06e-06
  batch 17500/24569 | ce 3.8699 | cov 0.5270 | λ_cov=0.5 | grad 2.597 | lr 1.06e-06
  batch 17600/24569 | ce 4.2770 | cov 0.5419 | λ_cov=0.5 | grad 2.675 | lr 1.06e-06
  batch 17700/24569 | ce 3.8357 | cov 0.5055 | λ_cov=0.5 | grad 2.615 | lr 1.06e-06
  batch 17800/24569 | ce 3.8511 | cov 0.5131 | λ_cov=0.5 | grad 2.510 | lr 1.05e-06
  batch 17900/24569 | ce 3.6219 | cov 0.4995 | λ_cov=0.5 | grad 2.825 | lr 1.05e-06
  batch 18000/24569 | ce 4.0019 | cov 0.5570 | λ_cov=0.5 | grad 2.697 | lr 1.05e-06
  batch 18100/24569 | ce 3.9033 | cov 0.5224 | λ_cov=0.5 | grad 2.562 | lr 1.05e-06
  batch 18200/24569 | ce 4.1224 | cov 0.5150 | λ_cov=0.5 | grad 2.678 | lr 1.05e-06
  batch 18300/24569 | ce 4.1739 | cov 0.5196 | λ_cov=0.5 | grad 2.847 | lr 1.05e-06
  batch 18400/24569 | ce 4.1212 | cov 0.5084 | λ_cov=0.5 | grad 9.705 | lr 1.05e-06
  batch 18500/24569 | ce 3.8645 | cov 0.5174 | λ_cov=0.5 | grad 2.771 | lr 1.04e-06
  batch 18600/24569 | ce 4.0007 | cov 0.5331 | λ_cov=0.5 | grad 2.967 | lr 1.04e-06
  batch 18700/24569 | ce 3.6438 | cov 0.5275 | λ_cov=0.5 | grad 2.661 | lr 1.04e-06
  batch 18800/24569 | ce 3.9218 | cov 0.5190 | λ_cov=0.5 | grad 2.809 | lr 1.04e-06
  batch 18900/24569 | ce 4.0314 | cov 0.5180 | λ_cov=0.5 | grad 3.714 | lr 1.04e-06
  batch 19000/24569 | ce 3.6832 | cov 0.5040 | λ_cov=0.5 | grad 2.628 | lr 1.04e-06
  batch 19100/24569 | ce 3.6505 | cov 0.5029 | λ_cov=0.5 | grad 2.554 | lr 1.04e-06
  batch 19200/24569 | ce 3.7874 | cov 0.4967 | λ_cov=0.5 | grad 2.768 | lr 1.03e-06
  batch 19300/24569 | ce 3.9507 | cov 0.5034 | λ_cov=0.5 | grad 2.648 | lr 1.03e-06
  batch 19400/24569 | ce 3.9275 | cov 0.5097 | λ_cov=0.5 | grad 2.494 | lr 1.03e-06
  batch 19500/24569 | ce 3.8120 | cov 0.5204 | λ_cov=0.5 | grad 2.628 | lr 1.03e-06
  batch 19600/24569 | ce 3.7786 | cov 0.5080 | λ_cov=0.5 | grad 2.403 | lr 1.03e-06
  batch 19700/24569 | ce 3.9426 | cov 0.5219 | λ_cov=0.5 | grad 3.380 | lr 1.03e-06
  batch 19800/24569 | ce 3.8437 | cov 0.5334 | λ_cov=0.5 | grad 2.726 | lr 1.03e-06
  batch 19900/24569 | ce 3.7828 | cov 0.5157 | λ_cov=0.5 | grad 3.273 | lr 1.03e-06
  batch 20000/24569 | ce 3.7608 | cov 0.4973 | λ_cov=0.5 | grad 2.862 | lr 1.02e-06
  batch 20100/24569 | ce 4.1678 | cov 0.5264 | λ_cov=0.5 | grad 2.694 | lr 1.02e-06
  batch 20200/24569 | ce 3.9411 | cov 0.5176 | λ_cov=0.5 | grad 3.268 | lr 1.02e-06
  batch 20300/24569 | ce 3.8512 | cov 0.5093 | λ_cov=0.5 | grad 2.334 | lr 1.02e-06
  batch 20400/24569 | ce 3.9645 | cov 0.5091 | λ_cov=0.5 | grad 2.635 | lr 1.02e-06
  batch 20500/24569 | ce 3.8385 | cov 0.5395 | λ_cov=0.5 | grad 4.280 | lr 1.02e-06
  batch 20600/24569 | ce 3.8777 | cov 0.5321 | λ_cov=0.5 | grad 2.567 | lr 1.02e-06
  batch 20700/24569 | ce 3.9848 | cov 0.5025 | λ_cov=0.5 | grad 2.674 | lr 1.02e-06
  batch 20800/24569 | ce 3.7584 | cov 0.5151 | λ_cov=0.5 | grad 2.415 | lr 1.02e-06
  batch 20900/24569 | ce 3.9278 | cov 0.5085 | λ_cov=0.5 | grad 3.411 | lr 1.02e-06
  batch 21000/24569 | ce 3.8733 | cov 0.5299 | λ_cov=0.5 | grad 2.500 | lr 1.02e-06
  batch 21100/24569 | ce 4.2537 | cov 0.5180 | λ_cov=0.5 | grad 2.613 | lr 1.01e-06
  batch 21200/24569 | ce 3.8606 | cov 0.5229 | λ_cov=0.5 | grad 2.807 | lr 1.01e-06
  batch 21300/24569 | ce 3.9309 | cov 0.5361 | λ_cov=0.5 | grad 2.504 | lr 1.01e-06
  batch 21400/24569 | ce 3.8785 | cov 0.5105 | λ_cov=0.5 | grad 2.530 | lr 1.01e-06
  batch 21500/24569 | ce 3.8542 | cov 0.5111 | λ_cov=0.5 | grad 3.299 | lr 1.01e-06
  batch 21600/24569 | ce 4.0257 | cov 0.5262 | λ_cov=0.5 | grad 2.446 | lr 1.01e-06
  batch 21700/24569 | ce 3.8624 | cov 0.5156 | λ_cov=0.5 | grad 2.660 | lr 1.01e-06
  batch 21800/24569 | ce 3.7092 | cov 0.5357 | λ_cov=0.5 | grad 2.508 | lr 1.01e-06
  batch 21900/24569 | ce 3.8205 | cov 0.5249 | λ_cov=0.5 | grad 2.881 | lr 1.01e-06
  batch 22000/24569 | ce 3.8283 | cov 0.5138 | λ_cov=0.5 | grad 3.760 | lr 1.01e-06
  batch 22100/24569 | ce 3.9490 | cov 0.4950 | λ_cov=0.5 | grad 3.594 | lr 1.01e-06
  batch 22200/24569 | ce 3.2023 | cov 0.4930 | λ_cov=0.5 | grad 2.500 | lr 1.01e-06
  batch 22300/24569 | ce 3.8971 | cov 0.5252 | λ_cov=0.5 | grad 3.033 | lr 1.01e-06
  batch 22400/24569 | ce 3.9148 | cov 0.5061 | λ_cov=0.5 | grad 2.678 | lr 1.01e-06
  batch 22500/24569 | ce 3.8423 | cov 0.5186 | λ_cov=0.5 | grad 2.811 | lr 1.01e-06
  batch 22600/24569 | ce 3.8247 | cov 0.5245 | λ_cov=0.5 | grad 2.596 | lr 1.00e-06
  batch 22700/24569 | ce 3.8593 | cov 0.5091 | λ_cov=0.5 | grad 2.500 | lr 1.00e-06
  batch 22800/24569 | ce 3.6743 | cov 0.5007 | λ_cov=0.5 | grad 2.391 | lr 1.00e-06
  batch 22900/24569 | ce 3.5896 | cov 0.5102 | λ_cov=0.5 | grad 2.829 | lr 1.00e-06
  batch 23000/24569 | ce 3.7772 | cov 0.5305 | λ_cov=0.5 | grad 2.439 | lr 1.00e-06
  batch 23100/24569 | ce 3.8024 | cov 0.5020 | λ_cov=0.5 | grad 2.739 | lr 1.00e-06
  batch 23200/24569 | ce 3.6171 | cov 0.4916 | λ_cov=0.5 | grad 2.536 | lr 1.00e-06
  batch 23300/24569 | ce 3.7695 | cov 0.5014 | λ_cov=0.5 | grad 2.525 | lr 1.00e-06
  batch 23400/24569 | ce 4.0383 | cov 0.5273 | λ_cov=0.5 | grad 2.981 | lr 1.00e-06
  batch 23500/24569 | ce 4.0156 | cov 0.5228 | λ_cov=0.5 | grad 2.688 | lr 1.00e-06
  batch 23600/24569 | ce 3.8422 | cov 0.5073 | λ_cov=0.5 | grad 2.801 | lr 1.00e-06
  batch 23700/24569 | ce 3.6804 | cov 0.5097 | λ_cov=0.5 | grad 2.562 | lr 1.00e-06
  batch 23800/24569 | ce 3.6808 | cov 0.5032 | λ_cov=0.5 | grad 2.519 | lr 1.00e-06
  batch 23900/24569 | ce 4.0276 | cov 0.5332 | λ_cov=0.5 | grad 2.998 | lr 1.00e-06
  batch 24000/24569 | ce 3.8224 | cov 0.4908 | λ_cov=0.5 | grad 2.776 | lr 1.00e-06
  batch 24100/24569 | ce 3.6998 | cov 0.5137 | λ_cov=0.5 | grad 2.605 | lr 1.00e-06
  batch 24200/24569 | ce 3.8638 | cov 0.5155 | λ_cov=0.5 | grad 2.698 | lr 1.00e-06
  batch 24300/24569 | ce 3.8032 | cov 0.5286 | λ_cov=0.5 | grad 3.339 | lr 1.00e-06
  batch 24400/24569 | ce 3.7026 | cov 0.5355 | λ_cov=0.5 | grad 2.359 | lr 1.00e-06
  batch 24500/24569 | ce 4.0141 | cov 0.5241 | λ_cov=0.5 | grad 2.675 | lr 1.00e-06

Epoch 15/15 | time: 62.0min | unfreeze stage 3 | trainable 32,413,184
  train ce loss: 3.8570
  coverage loss: 0.5184  (λ=0.5)
    legal_chunk  : 4.1129
    second_pass  : 2.2344
    arxiv_anchor : 5.3820
    cnn_anchor   : 5.8550
  val loss     : 3.6967
  perplexity   : 40.31
  lr           : 1.00e-06
  sample       : On May 21, 2015, the plaintiffs filed a class action lawsuit in the U.S. District Court for the Middle District of Alabama against the City of Alabama. The plaintiffs, represented by private counsel, 
  reference    : On March 8th, 2014, several citizens of Montgomery, Alabama, who had been imprisoned for failing to pay traffic fines, filed a lawsuit in the U.S. District Court for the Middle District of Alabama, un
  >> no improvement (1/5) best=3.6964

============================================================
Stage 3 COMPLETE
  Best val loss   : 3.6964
  Stage 2 val loss: 4.3827
  Best model      : checkpoints/stage3_best.pt
  Final model     : checkpoints/stage3_final.pt
  Metrics         : logs/stage3_metrics.json
============================================================
