{
  "rouge1_precision": 0.6184552302389472,
  "rouge1_recall": 0.3313460970420044,
  "rouge1_f1": 0.387721633188165,
  "rouge2_precision": 0.33760358052852585,
  "rouge2_recall": 0.17535445321076987,
  "rouge2_f1": 0.2059948331546488,
  "rougeL_precision": 0.4520673121802729,
  "rougeL_recall": 0.24156300175305367,
  "rougeL_f1": 0.28130812725958065,
  "n_evaluated": 500
}