{
  "stage": "stage3_best",
  "test_examples": 500,
  "rouge1_precision": 0.6184552302389472,
  "rouge1_recall": 0.3313460970420044,
  "rouge1_f1": 0.387721633188165,
  "rouge2_precision": 0.33760358052852585,
  "rouge2_recall": 0.17535445321076987,
  "rouge2_f1": 0.2059948331546488,
  "rougeL_precision": 0.4520673121802729,
  "rougeL_recall": 0.24156300175305367,
  "rougeL_f1": 0.28130812725958065,
  "mean_faithfulness": 0.1353333333333333,
  "median_faithfulness": 0.0,
  "hallucination_rate": 0.076,
  "contradiction_sentence_rate": 0.05902383654937571,
  "overall_entity_coverage": 0.1113758788022435,
  "law_coverage": 0.062002840909090896,
  "person_coverage": 0.021485486624928853,
  "org_coverage": 0.10636759659981354,
  "date_coverage": 0.13484161225828195,
  "gpe_coverage": 0.1704082326716396,
  "outcome_preservation_rate": 1.0,
  "outcome_inversion_rate": 0.0,
  "mean_summary_words": 78.984,
  "std_summary_words": 23.677663398232518,
  "median_summary_words": 85.0,
  "mean_summary_sentences": 1.762,
  "mean_compression_ratio": 0.06827073470489947,
  "min_summary_words": 23,
  "max_summary_words": 113
}