{
  "sweep": [
    {
      "threshold": 0.3,
      "overall": {
        "tp": 3814,
        "tn": 7055,
        "fp": 1828,
        "fn": 6925,
        "n": 19622,
        "accuracy": 0.5539190704311487,
        "true_positive_rate": 0.3551541111835366,
        "true_negative_rate": 0.7942136665540921,
        "false_positive_rate": 0.2057863334459079,
        "false_negative_rate": 0.6448458888164633
      },
      "legal": {
        "tp": 2094,
        "tn": 2937,
        "fp": 1,
        "fn": 2717,
        "n": 7749,
        "accuracy": 0.6492450638792102,
        "true_positive_rate": 0.43525254624818127,
        "true_negative_rate": 0.9996596324029953,
        "false_positive_rate": 0.0003403675970047651,
        "false_negative_rate": 0.5647474537518188
      },
      "general": {
        "tp": 1720,
        "tn": 4118,
        "fp": 1827,
        "fn": 4208,
        "n": 11873,
        "accuracy": 0.49170386591425924,
        "true_positive_rate": 0.2901484480431849,
        "true_negative_rate": 0.6926829268292682,
        "false_positive_rate": 0.3073170731707317,
        "false_negative_rate": 0.7098515519568152
      }
    },
    {
      "threshold": 0.35,
      "overall": {
        "tp": 3814,
        "tn": 7055,
        "fp": 1828,
        "fn": 6925,
        "n": 19622,
        "accuracy": 0.5539190704311487,
        "true_positive_rate": 0.3551541111835366,
        "true_negative_rate": 0.7942136665540921,
        "false_positive_rate": 0.2057863334459079,
        "false_negative_rate": 0.6448458888164633
      },
      "legal": {
        "tp": 2094,
        "tn": 2937,
        "fp": 1,
        "fn": 2717,
        "n": 7749,
        "accuracy": 0.6492450638792102,
        "true_positive_rate": 0.43525254624818127,
        "true_negative_rate": 0.9996596324029953,
        "false_positive_rate": 0.0003403675970047651,
        "false_negative_rate": 0.5647474537518188
      },
      "general": {
        "tp": 1720,
        "tn": 4118,
        "fp": 1827,
        "fn": 4208,
        "n": 11873,
        "accuracy": 0.49170386591425924,
        "true_positive_rate": 0.2901484480431849,
        "true_negative_rate": 0.6926829268292682,
        "false_positive_rate": 0.3073170731707317,
        "false_negative_rate": 0.7098515519568152
      }
    },
    {
      "threshold": 0.4,
      "overall": {
        "tp": 3814,
        "tn": 7055,
        "fp": 1828,
        "fn": 6925,
        "n": 19622,
        "accuracy": 0.5539190704311487,
        "true_positive_rate": 0.3551541111835366,
        "true_negative_rate": 0.7942136665540921,
        "false_positive_rate": 0.2057863334459079,
        "false_negative_rate": 0.6448458888164633
      },
      "legal": {
        "tp": 2094,
        "tn": 2937,
        "fp": 1,
        "fn": 2717,
        "n": 7749,
        "accuracy": 0.6492450638792102,
        "true_positive_rate": 0.43525254624818127,
        "true_negative_rate": 0.9996596324029953,
        "false_positive_rate": 0.0003403675970047651,
        "false_negative_rate": 0.5647474537518188
      },
      "general": {
        "tp": 1720,
        "tn": 4118,
        "fp": 1827,
        "fn": 4208,
        "n": 11873,
        "accuracy": 0.49170386591425924,
        "true_positive_rate": 0.2901484480431849,
        "true_negative_rate": 0.6926829268292682,
        "false_positive_rate": 0.3073170731707317,
        "false_negative_rate": 0.7098515519568152
      }
    },
    {
      "threshold": 0.45,
      "overall": {
        "tp": 3813,
        "tn": 7055,
        "fp": 1828,
        "fn": 6926,
        "n": 19622,
        "accuracy": 0.5538681072265824,
        "true_positive_rate": 0.35506099264363533,
        "true_negative_rate": 0.7942136665540921,
        "false_positive_rate": 0.2057863334459079,
        "false_negative_rate": 0.6449390073563647
      },
      "legal": {
        "tp": 2094,
        "tn": 2937,
        "fp": 1,
        "fn": 2717,
        "n": 7749,
        "accuracy": 0.6492450638792102,
        "true_positive_rate": 0.43525254624818127,
        "true_negative_rate": 0.9996596324029953,
        "false_positive_rate": 0.0003403675970047651,
        "false_negative_rate": 0.5647474537518188
      },
      "general": {
        "tp": 1719,
        "tn": 4118,
        "fp": 1827,
        "fn": 4209,
        "n": 11873,
        "accuracy": 0.4916196412027289,
        "true_positive_rate": 0.2899797570850202,
        "true_negative_rate": 0.6926829268292682,
        "false_positive_rate": 0.3073170731707317,
        "false_negative_rate": 0.7100202429149798
      }
    },
    {
      "threshold": 0.5,
      "overall": {
        "tp": 3812,
        "tn": 7055,
        "fp": 1828,
        "fn": 6927,
        "n": 19622,
        "accuracy": 0.5538171440220161,
        "true_positive_rate": 0.35496787410373404,
        "true_negative_rate": 0.7942136665540921,
        "false_positive_rate": 0.2057863334459079,
        "false_negative_rate": 0.6450321258962659
      },
      "legal": {
        "tp": 2094,
        "tn": 2937,
        "fp": 1,
        "fn": 2717,
        "n": 7749,
        "accuracy": 0.6492450638792102,
        "true_positive_rate": 0.43525254624818127,
        "true_negative_rate": 0.9996596324029953,
        "false_positive_rate": 0.0003403675970047651,
        "false_negative_rate": 0.5647474537518188
      },
      "general": {
        "tp": 1718,
        "tn": 4118,
        "fp": 1827,
        "fn": 4210,
        "n": 11873,
        "accuracy": 0.49153541649119853,
        "true_positive_rate": 0.2898110661268556,
        "true_negative_rate": 0.6926829268292682,
        "false_positive_rate": 0.3073170731707317,
        "false_negative_rate": 0.7101889338731444
      }
    },
    {
      "threshold": 0.55,
      "overall": {
        "tp": 3811,
        "tn": 7055,
        "fp": 1828,
        "fn": 6928,
        "n": 19622,
        "accuracy": 0.5537661808174498,
        "true_positive_rate": 0.35487475556383274,
        "true_negative_rate": 0.7942136665540921,
        "false_positive_rate": 0.2057863334459079,
        "false_negative_rate": 0.6451252444361673
      },
      "legal": {
        "tp": 2094,
        "tn": 2937,
        "fp": 1,
        "fn": 2717,
        "n": 7749,
        "accuracy": 0.6492450638792102,
        "true_positive_rate": 0.43525254624818127,
        "true_negative_rate": 0.9996596324029953,
        "false_positive_rate": 0.0003403675970047651,
        "false_negative_rate": 0.5647474537518188
      },
      "general": {
        "tp": 1717,
        "tn": 4118,
        "fp": 1827,
        "fn": 4211,
        "n": 11873,
        "accuracy": 0.4914511917796682,
        "true_positive_rate": 0.28964237516869096,
        "true_negative_rate": 0.6926829268292682,
        "false_positive_rate": 0.3073170731707317,
        "false_negative_rate": 0.710357624831309
      }
    },
    {
      "threshold": 0.6,
      "overall": {
        "tp": 3805,
        "tn": 7058,
        "fp": 1825,
        "fn": 6934,
        "n": 19622,
        "accuracy": 0.5536132912037509,
        "true_positive_rate": 0.354316044324425,
        "true_negative_rate": 0.7945513902960711,
        "false_positive_rate": 0.20544860970392886,
        "false_negative_rate": 0.645683955675575
      },
      "legal": {
        "tp": 2094,
        "tn": 2937,
        "fp": 1,
        "fn": 2717,
        "n": 7749,
        "accuracy": 0.6492450638792102,
        "true_positive_rate": 0.43525254624818127,
        "true_negative_rate": 0.9996596324029953,
        "false_positive_rate": 0.0003403675970047651,
        "false_negative_rate": 0.5647474537518188
      },
      "general": {
        "tp": 1711,
        "tn": 4121,
        "fp": 1824,
        "fn": 4217,
        "n": 11873,
        "accuracy": 0.49119851764507705,
        "true_positive_rate": 0.2886302294197031,
        "true_negative_rate": 0.6931875525651808,
        "false_positive_rate": 0.30681244743481917,