{
  "checkpoint": "qa_stage3_best",
  "test_examples_total": 19622,
  "em_overall": 0.4222811130363877,
  "f1_overall": 0.4509951217956857,
  "f1_cuad": 0.7022955523672884,
  "f1_coliee": null,
  "f1_ledgar": 0.4469695435668692,
  "f1_squad": 0.36368954080450694,
  "em_unanswerable_only": 0.7942136665540921,
  "f1_unanswerable_only": 0.7942136665540921,
  "has_answer_accuracy": 0.5538171440220161,
  "false_positive_rate_legal": 0.0003403675970047651,
  "false_positive_rate_general": 0.3073170731707317,
  "true_negative_rate_legal": 0.9996596324029953,
  "recommended_has_answer_threshold": null,
  "retrieval_recall_at_1": 0.9184020824989988,
  "retrieval_recall_at_3": 0.9449339207048458,
  "retrieval_recall_at_5": 0.9449339207048458,
  "answer_reachability_top3": 0.9449339207048458,
  "clause_boundary_accuracy_full": 0.6685894074462506,
  "clause_boundary_accuracy_partial": 0.9525432616675407,
  "legal_term_preservation": 0.6578897507272793,
  "monetary_term_preservation": 0.2558139534883721,
  "time_period_preservation": 0.3333333333333333,
  "defined_term_preservation": 0.6666911374091531,
  "generation_faithfulness": 1.0,
  "faithfulness_method": "bow_proxy",
  "simplification_delta": 0.0,
  "information_preservation": 1.0,
  "mean_plain_english_reading_level": 13.536931260900351,
  "mean_legal_span_reading_level": 13.536931260900351,
  "failure_breakdown": {
    "retrieval_failure": 0.028,
    "ok": 0.4535,
    "missed_answer": 0.3249,
    "has_answer_false_positive": 0.0932,
    "low_quality_span": 0.0487,
    "span_boundary_error": 0.0147,
    "legal_term_hallucination": 0.037
  },
  "coreference_resolution_rate": null,
  "context_drift_rate": null,
  "memory_depth_accuracy": null,
  "human_eval_correctness": null,
  "human_eval_faithfulness": null,
  "human_eval_clarity": null,
  "human_eval_completeness": null
}